[2026-07-17 20:09:05.860] [2543] [HailoRT] [info] [device.cpp:51] [Device] OS Version: Linux 6.18.34+rpt-rpi-2712 #1 SMP PREEMPT Debian 1:6.18.34-1+rpt1 (2026-06-09) aarch64
[2026-07-17 20:09:05.860] [2543] [HailoRT] [info] [control.cpp:113] [control__parse_identify_results] firmware_version is: 4.23.0
[2026-07-17 20:09:05.861] [2543] [HailoRT] [info] [control.cpp:113] [control__parse_identify_results] firmware_version is: 4.23.0
[2026-07-17 20:09:06.324] [2549] [HailoRT] [info] [device.cpp:51] [Device] OS Version: Linux 6.18.34+rpt-rpi-2712 #1 SMP PREEMPT Debian 1:6.18.34-1+rpt1 (2026-06-09) aarch64
[2026-07-17 20:09:06.325] [2549] [HailoRT] [info] [control.cpp:113] [control__parse_identify_results] firmware_version is: 4.23.0
[2026-07-17 20:09:06.325] [2549] [HailoRT] [info] [control.cpp:113] [control__parse_identify_results] firmware_version is: 4.23.0
[2026-07-17 20:09:06.432] [2523] [HailoRT] [info] [vdevice.cpp:535] [create] Creating vdevice with params: device_count: 1, scheduling_algorithm: ROUND_ROBIN, multi_process_service: false
[2026-07-17 20:09:06.444] [2523] [HailoRT] [info] [device.cpp:51] [Device] OS Version: Linux 6.18.34+rpt-rpi-2712 #1 SMP PREEMPT Debian 1:6.18.34-1+rpt1 (2026-06-09) aarch64
[2026-07-17 20:09:06.445] [2523] [HailoRT] [info] [control.cpp:113] [control__parse_identify_results] firmware_version is: 4.23.0
[2026-07-17 20:09:06.445] [2523] [HailoRT] [info] [vdevice.cpp:682] [create] VDevice Infos: 0001:01:00.0
[2026-07-17 20:09:06.535] [2523] [HailoRT] [info] [hef.cpp:1994] [get_network_group_and_network_name] No name was given. Addressing all networks of default network_group: yolov8s
[2026-07-17 20:09:06.535] [2523] [HailoRT] [info] [hef.cpp:1994] [get_network_group_and_network_name] No name was given. Addressing all networks of default network_group: yolov8s
[2026-07-17 20:09:06.811] [2568] [HailoRT] [info] [internal_buffer_manager.cpp:77] [print_execution_results] Planned internal buffer memory: CMA=0 CMA-Desc=393216 Pinned=4099072. memory to edge layer usage factor is 1
[2026-07-17 20:09:06.811] [2568] [HailoRT] [info] [internal_buffer_manager.cpp:86] [print_execution_results] Default Internal buffer planner executed successfully
[2026-07-17 20:09:06.896] [2568] [HailoRT] [info] [device_internal.cpp:57] [configure] Configuring HEF took 102.719291 milliseconds
[2026-07-17 20:09:06.896] [2568] [HailoRT] [info] [vdevice.cpp:780] [configure] Configuring HEF on VDevice took 104.367192 milliseconds
[2026-07-17 20:09:06.896] [2568] [HailoRT] [info] [infer_model.cpp:417] [configure] Configuring network group 'yolov8s' with params: batch size: 2, power mode: PERFORMANCE, latency: NONE
[2026-07-17 20:09:06.896] [2568] [HailoRT] [info] [multi_io_elements.cpp:754] [create] Created (AsyncHwEl)
[2026-07-17 20:09:06.897] [2568] [HailoRT] [info] [queue_elements.cpp:450] [create] Created (EntryPushQEl0yolov8s/input_layer1 | timeout: 10s)
[2026-07-17 20:09:06.897] [2568] [HailoRT] [info] [filter_elements.cpp:101] [create] Created (PreInferEl1yolov8s/input_layer1 | Reorder - src_order: RGB4, src_shape: (640, 640, 3), dst_order: NHCW, dst_shape: (640, 640, 3))
[2026-07-17 20:09:06.897] [2568] [HailoRT] [info] [queue_elements.cpp:450] [create] Created (PushQEl1yolov8s/input_layer1 | timeout: 10s)
[2026-07-17 20:09:06.897] [2568] [HailoRT] [info] [multi_io_elements.cpp:135] [create] Created (NmsPPMuxEl0YOLOV8-Post-Process | Op YOLOV8, Name: YOLOV8-Post-Process, Score threshold: 0.300, IoU threshold: 0.45, Classes: 80, Max bboxes per class: 100, Image height: 640, Image width: 640)
[2026-07-17 20:09:06.897] [2568] [HailoRT] [info] [queue_elements.cpp:942] [create] Created (MultiPushQEl0YOLOV8-Post-Process | timeout: 10s)
[2026-07-17 20:09:06.897] [2568] [HailoRT] [info] [edge_elements.cpp:187] [create] Created (LastAsyncEl0NmsPPMuxEl0YOLOV8-Post-Process)
[2026-07-17 20:09:06.897] [2568] [HailoRT] [info] [pipeline.cpp:891] [print_deep_description] EntryPushQEl0yolov8s/input_layer1 | inputs: user | outputs: PreInferEl1yolov8s/input_layer1(running in thread_id: 2589)
[2026-07-17 20:09:06.897] [2568] [HailoRT] [info] [pipeline.cpp:891] [print_deep_description] PreInferEl1yolov8s/input_layer1 | inputs: EntryPushQEl0yolov8s/input_layer1[0] | outputs: PushQEl1yolov8s/input_layer1
[2026-07-17 20:09:06.897] [2568] [HailoRT] [info] [pipeline.cpp:891] [print_deep_description] PushQEl1yolov8s/input_layer1 | inputs: PreInferEl1yolov8s/input_layer1[0] | outputs: AsyncHwEl(running in thread_id: 2590)
[2026-07-17 20:09:06.897] [2568] [HailoRT] [info] [pipeline.cpp:891] [print_deep_description] AsyncHwEl | inputs: PushQEl1yolov8s/input_layer1[0] | outputs: MultiPushQEl0YOLOV8-Post-Process MultiPushQEl0YOLOV8-Post-Process MultiPushQEl0YOLOV8-Post-Process MultiPushQEl0YOLOV8-Post-Process MultiPushQEl0YOLOV8-Post-Process MultiPushQEl0YOLOV8-Post-Process
[2026-07-17 20:09:06.897] [2568] [HailoRT] [info] [pipeline.cpp:891] [print_deep_description] MultiPushQEl0YOLOV8-Post-Process | inputs: AsyncHwEl[0] AsyncHwEl[1] AsyncHwEl[2] AsyncHwEl[3] AsyncHwEl[4] AsyncHwEl[5] | outputs: NmsPPMuxEl0YOLOV8-Post-Process(running in thread_id: 2591)
[2026-07-17 20:09:06.897] [2568] [HailoRT] [info] [pipeline.cpp:891] [print_deep_description] NmsPPMuxEl0YOLOV8-Post-Process | inputs: MultiPushQEl0YOLOV8-Post-Process[0] | outputs: LastAsyncEl0NmsPPMuxEl0YOLOV8-Post-Process
[2026-07-17 20:09:06.897] [2568] [HailoRT] [info] [pipeline.cpp:891] [print_deep_description] LastAsyncEl0NmsPPMuxEl0YOLOV8-Post-Process | inputs: NmsPPMuxEl0YOLOV8-Post-Process[0] | outputs: user
[2026-07-17 20:09:06.923] [2568] [HailoRT] [info] [hef.cpp:1994] [get_network_group_and_network_name] No name was given. Addressing all networks of default network_group: yolov8s
[2026-07-17 20:09:18.781] [2596] [HailoRT] [info] [device.cpp:51] [Device] OS Version: Linux 6.18.34+rpt-rpi-2712 #1 SMP PREEMPT Debian 1:6.18.34-1+rpt1 (2026-06-09) aarch64
[2026-07-17 20:09:18.781] [2596] [HailoRT] [info] [control.cpp:113] [control__parse_identify_results] firmware_version is: 4.23.0
[2026-07-17 20:09:18.781] [2596] [HailoRT] [info] [control.cpp:113] [control__parse_identify_results] firmware_version is: 4.23.0
[2026-07-17 20:09:18.515] [2523] [HailoRT] [info] [async_infer_runner.cpp:86] [shutdown] Pipeline was aborted. Shutting it down
[2026-07-17 20:09:18.515] [2523] [HailoRT] [info] [queue_elements.cpp:1131] [execute_deactivate] enqueue() in element MultiPushQEl0YOLOV8-Post-Process was aborted, got status = HAILO_SHUTDOWN_EVENT_SIGNALED(57)
[2026-07-17 20:09:18.515] [2523] [HailoRT] [info] [queue_elements.cpp:1131] [execute_deactivate] enqueue() in element MultiPushQEl0YOLOV8-Post-Process was aborted, got status = HAILO_SHUTDOWN_EVENT_SIGNALED(57)
[2026-07-17 20:09:18.515] [2523] [HailoRT] [info] [queue_elements.cpp:1131] [execute_deactivate] enqueue() in element MultiPushQEl0YOLOV8-Post-Process was aborted, got status = HAILO_SHUTDOWN_EVENT_SIGNALED(57)
[2026-07-17 20:09:18.515] [2523] [HailoRT] [info] [queue_elements.cpp:1131] [execute_deactivate] enqueue() in element MultiPushQEl0YOLOV8-Post-Process was aborted, got status = HAILO_SHUTDOWN_EVENT_SIGNALED(57)
[2026-07-17 20:09:18.515] [2523] [HailoRT] [info] [queue_elements.cpp:1131] [execute_deactivate] enqueue() in element MultiPushQEl0YOLOV8-Post-Process was aborted, got status = HAILO_SHUTDOWN_EVENT_SIGNALED(57)
[2026-07-17 20:09:18.515] [2523] [HailoRT] [info] [queue_elements.cpp:1131] [execute_deactivate] enqueue() in element MultiPushQEl0YOLOV8-Post-Process was aborted, got status = HAILO_SHUTDOWN_EVENT_SIGNALED(57)
[2026-07-17 20:09:18.515] [2523] [HailoRT] [info] [queue_elements.cpp:570] [execute_deactivate] enqueue() in element PushQEl1yolov8s/input_layer1 was aborted, got status = HAILO_SHUTDOWN_EVENT_SIGNALED(57)
[2026-07-17 20:09:18.515] [2523] [HailoRT] [info] [queue_elements.cpp:570] [execute_deactivate] enqueue() in element EntryPushQEl0yolov8s/input_layer1 was aborted, got status = HAILO_SHUTDOWN_EVENT_SIGNALED(57)
[2026-07-17 20:09:18.515] [2523] [HailoRT] [info] [queue_elements.cpp:46] [~BaseQueueElement] Queue element EntryPushQEl0yolov8s/input_layer1 has 0 frames in his Queue on destruction
[2026-07-17 20:09:18.515] [2523] [HailoRT] [info] [queue_elements.cpp:46] [~BaseQueueElement] Queue element PushQEl1yolov8s/input_layer1 has 0 frames in his Queue on destruction
[2026-07-17 20:09:18.848] [2523] [HailoRT] [info] [vdevice.cpp:535] [create] Creating vdevice with params: device_count: 1, scheduling_algorithm: ROUND_ROBIN, multi_process_service: false
[2026-07-17 20:09:18.860] [2523] [HailoRT] [info] [device.cpp:51] [Device] OS Version: Linux 6.18.34+rpt-rpi-2712 #1 SMP PREEMPT Debian 1:6.18.34-1+rpt1 (2026-06-09) aarch64
[2026-07-17 20:09:18.861] [2523] [HailoRT] [info] [control.cpp:113] [control__parse_identify_results] firmware_version is: 4.23.0
[2026-07-17 20:09:18.861] [2523] [HailoRT] [info] [vdevice.cpp:682] [create] VDevice Infos: 0001:01:00.0
[2026-07-17 20:09:18.872] [2523] [HailoRT] [info] [hef.cpp:1994] [get_network_group_and_network_name] No name was given. Addressing all networks of default network_group: yolov8s
[2026-07-17 20:09:18.872] [2523] [HailoRT] [info] [hef.cpp:1994] [get_network_group_and_network_name] No name was given. Addressing all networks of default network_group: yolov8s
[2026-07-17 20:09:19.004] [2568] [HailoRT] [info] [internal_buffer_manager.cpp:77] [print_execution_results] Planned internal buffer memory: CMA=0 CMA-Desc=393216 Pinned=4099072. memory to edge layer usage factor is 1
[2026-07-17 20:09:19.004] [2568] [HailoRT] [info] [internal_buffer_manager.cpp:86] [print_execution_results] Default Internal buffer planner executed successfully
[2026-07-17 20:09:19.090] [2568] [HailoRT] [info] [device_internal.cpp:57] [configure] Configuring HEF took 98.849362 milliseconds
[2026-07-17 20:09:19.090] [2568] [HailoRT] [info] [vdevice.cpp:780] [configure] Configuring HEF on VDevice took 99.210991 milliseconds
[2026-07-17 20:09:19.090] [2568] [HailoRT] [info] [infer_model.cpp:417] [configure] Configuring network group 'yolov8s' with params: batch size: 2, power mode: PERFORMANCE, latency: NONE
[2026-07-17 20:09:19.090] [2568] [HailoRT] [info] [multi_io_elements.cpp:754] [create] Created (AsyncHwEl)
[2026-07-17 20:09:19.090] [2568] [HailoRT] [info] [queue_elements.cpp:450] [create] Created (EntryPushQEl0yolov8s/input_layer1 | timeout: 10s)
[2026-07-17 20:09:19.091] [2568] [HailoRT] [info] [filter_elements.cpp:101] [create] Created (PreInferEl1yolov8s/input_layer1 | Reorder - src_order: RGB4, src_shape: (640, 640, 3), dst_order: NHCW, dst_shape: (640, 640, 3))
[2026-07-17 20:09:19.091] [2568] [HailoRT] [info] [queue_elements.cpp:450] [create] Created (PushQEl1yolov8s/input_layer1 | timeout: 10s)
[2026-07-17 20:09:19.091] [2568] [HailoRT] [info] [multi_io_elements.cpp:135] [create] Created (NmsPPMuxEl0YOLOV8-Post-Process | Op YOLOV8, Name: YOLOV8-Post-Process, Score threshold: 0.300, IoU threshold: 0.45, Classes: 80, Max bboxes per class: 100, Image height: 640, Image width: 640)
[2026-07-17 20:09:19.091] [2568] [HailoRT] [info] [queue_elements.cpp:942] [create] Created (MultiPushQEl0YOLOV8-Post-Process | timeout: 10s)
[2026-07-17 20:09:19.091] [2568] [HailoRT] [info] [edge_elements.cpp:187] [create] Created (LastAsyncEl0NmsPPMuxEl0YOLOV8-Post-Process)
[2026-07-17 20:09:19.091] [2568] [HailoRT] [info] [pipeline.cpp:891] [print_deep_description] EntryPushQEl0yolov8s/input_layer1 | inputs: user | outputs: PreInferEl1yolov8s/input_layer1(running in thread_id: 2611)
[2026-07-17 20:09:19.091] [2568] [HailoRT] [info] [pipeline.cpp:891] [print_deep_description] PreInferEl1yolov8s/input_layer1 | inputs: EntryPushQEl0yolov8s/input_layer1[0] | outputs: PushQEl1yolov8s/input_layer1
[2026-07-17 20:09:19.091] [2568] [HailoRT] [info] [pipeline.cpp:891] [print_deep_description] PushQEl1yolov8s/input_layer1 | inputs: PreInferEl1yolov8s/input_layer1[0] | outputs: AsyncHwEl(running in thread_id: 2612)
[2026-07-17 20:09:19.091] [2568] [HailoRT] [info] [pipeline.cpp:891] [print_deep_description] AsyncHwEl | inputs: PushQEl1yolov8s/input_layer1[0] | outputs: MultiPushQEl0YOLOV8-Post-Process MultiPushQEl0YOLOV8-Post-Process MultiPushQEl0YOLOV8-Post-Process MultiPushQEl0YOLOV8-Post-Process MultiPushQEl0YOLOV8-Post-Process MultiPushQEl0YOLOV8-Post-Process
[2026-07-17 20:09:19.091] [2568] [HailoRT] [info] [pipeline.cpp:891] [print_deep_description] MultiPushQEl0YOLOV8-Post-Process | inputs: AsyncHwEl[0] AsyncHwEl[1] AsyncHwEl[2] AsyncHwEl[3] AsyncHwEl[4] AsyncHwEl[5] | outputs: NmsPPMuxEl0YOLOV8-Post-Process(running in thread_id: 2613)
[2026-07-17 20:09:19.091] [2568] [HailoRT] [info] [pipeline.cpp:891] [print_deep_description] NmsPPMuxEl0YOLOV8-Post-Process | inputs: MultiPushQEl0YOLOV8-Post-Process[0] | outputs: LastAsyncEl0NmsPPMuxEl0YOLOV8-Post-Process
[2026-07-17 20:09:19.091] [2568] [HailoRT] [info] [pipeline.cpp:891] [print_deep_description] LastAsyncEl0NmsPPMuxEl0YOLOV8-Post-Process | inputs: NmsPPMuxEl0YOLOV8-Post-Process[0] | outputs: user
[2026-07-17 20:09:19.107] [2568] [HailoRT] [info] [hef.cpp:1994] [get_network_group_and_network_name] No name was given. Addressing all networks of default network_group: yolov8s
[2026-07-17 20:09:30.393] [2523] [HailoRT] [info] [async_infer_runner.cpp:86] [shutdown] Pipeline was aborted. Shutting it down
[2026-07-17 20:09:30.393] [2523] [HailoRT] [info] [queue_elements.cpp:1131] [execute_deactivate] enqueue() in element MultiPushQEl0YOLOV8-Post-Process was aborted, got status = HAILO_SHUTDOWN_EVENT_SIGNALED(57)
[2026-07-17 20:09:30.393] [2523] [HailoRT] [info] [queue_elements.cpp:1131] [execute_deactivate] enqueue() in element MultiPushQEl0YOLOV8-Post-Process was aborted, got status = HAILO_SHUTDOWN_EVENT_SIGNALED(57)
[2026-07-17 20:09:30.393] [2523] [HailoRT] [info] [queue_elements.cpp:1131] [execute_deactivate] enqueue() in element MultiPushQEl0YOLOV8-Post-Process was aborted, got status = HAILO_SHUTDOWN_EVENT_SIGNALED(57)
[2026-07-17 20:09:30.393] [2523] [HailoRT] [info] [queue_elements.cpp:1131] [execute_deactivate] enqueue() in element MultiPushQEl0YOLOV8-Post-Process was aborted, got status = HAILO_SHUTDOWN_EVENT_SIGNALED(57)
[2026-07-17 20:09:30.393] [2523] [HailoRT] [info] [queue_elements.cpp:1131] [execute_deactivate] enqueue() in element MultiPushQEl0YOLOV8-Post-Process was aborted, got status = HAILO_SHUTDOWN_EVENT_SIGNALED(57)
[2026-07-17 20:09:30.393] [2523] [HailoRT] [info] [queue_elements.cpp:1131] [execute_deactivate] enqueue() in element MultiPushQEl0YOLOV8-Post-Process was aborted, got status = HAILO_SHUTDOWN_EVENT_SIGNALED(57)
[2026-07-17 20:09:30.393] [2523] [HailoRT] [info] [queue_elements.cpp:570] [execute_deactivate] enqueue() in element PushQEl1yolov8s/input_layer1 was aborted, got status = HAILO_SHUTDOWN_EVENT_SIGNALED(57)
[2026-07-17 20:09:30.393] [2523] [HailoRT] [info] [queue_elements.cpp:570] [execute_deactivate] enqueue() in element EntryPushQEl0yolov8s/input_layer1 was aborted, got status = HAILO_SHUTDOWN_EVENT_SIGNALED(57)
[2026-07-17 20:09:30.393] [2523] [HailoRT] [info] [queue_elements.cpp:46] [~BaseQueueElement] Queue element EntryPushQEl0yolov8s/input_layer1 has 0 frames in his Queue on destruction
[2026-07-17 20:09:30.393] [2523] [HailoRT] [info] [queue_elements.cpp:46] [~BaseQueueElement] Queue element PushQEl1yolov8s/input_layer1 has 0 frames in his Queue on destruction
[2026-07-17 20:09:30.680] [2617] [HailoRT] [info] [device.cpp:51] [Device] OS Version: Linux 6.18.34+rpt-rpi-2712 #1 SMP PREEMPT Debian 1:6.18.34-1+rpt1 (2026-06-09) aarch64
[2026-07-17 20:09:30.681] [2617] [HailoRT] [info] [control.cpp:113] [control__parse_identify_results] firmware_version is: 4.23.0
[2026-07-17 20:09:30.681] [2617] [HailoRT] [info] [control.cpp:113] [control__parse_identify_results] firmware_version is: 4.23.0
[2026-07-17 20:09:30.752] [2523] [HailoRT] [info] [vdevice.cpp:535] [create] Creating vdevice with params: device_count: 1, scheduling_algorithm: ROUND_ROBIN, multi_process_service: false
[2026-07-17 20:09:30.764] [2523] [HailoRT] [info] [device.cpp:51] [Device] OS Version: Linux 6.18.34+rpt-rpi-2712 #1 SMP PREEMPT Debian 1:6.18.34-1+rpt1 (2026-06-09) aarch64
[2026-07-17 20:09:30.765] [2523] [HailoRT] [info] [control.cpp:113] [control__parse_identify_results] firmware_version is: 4.23.0
[2026-07-17 20:09:30.765] [2523] [HailoRT] [info] [vdevice.cpp:682] [create] VDevice Infos: 0001:01:00.0
[2026-07-17 20:09:30.776] [2523] [HailoRT] [info] [hef.cpp:1994] [get_network_group_and_network_name] No name was given. Addressing all networks of default network_group: yolov8s
[2026-07-17 20:09:30.776] [2523] [HailoRT] [info] [hef.cpp:1994] [get_network_group_and_network_name] No name was given. Addressing all networks of default network_group: yolov8s
[2026-07-17 20:09:30.906] [2568] [HailoRT] [info] [internal_buffer_manager.cpp:77] [print_execution_results] Planned internal buffer memory: CMA=0 CMA-Desc=393216 Pinned=4099072. memory to edge layer usage factor is 1
[2026-07-17 20:09:30.906] [2568] [HailoRT] [info] [internal_buffer_manager.cpp:86] [print_execution_results] Default Internal buffer planner executed successfully
[2026-07-17 20:09:30.976] [2568] [HailoRT] [info] [device_internal.cpp:57] [configure] Configuring HEF took 90.279156 milliseconds
[2026-07-17 20:09:30.977] [2568] [HailoRT] [info] [vdevice.cpp:780] [configure] Configuring HEF on VDevice took 91.413188 milliseconds
[2026-07-17 20:09:30.977] [2568] [HailoRT] [info] [infer_model.cpp:417] [configure] Configuring network group 'yolov8s' with params: batch size: 2, power mode: PERFORMANCE, latency: NONE
[2026-07-17 20:09:30.977] [2568] [HailoRT] [info] [multi_io_elements.cpp:754] [create] Created (AsyncHwEl)
[2026-07-17 20:09:30.977] [2568] [HailoRT] [info] [queue_elements.cpp:450] [create] Created (EntryPushQEl0yolov8s/input_layer1 | timeout: 10s)
[2026-07-17 20:09:30.977] [2568] [HailoRT] [info] [filter_elements.cpp:101] [create] Created (PreInferEl1yolov8s/input_layer1 | Reorder - src_order: RGB4, src_shape: (640, 640, 3), dst_order: NHCW, dst_shape: (640, 640, 3))
[2026-07-17 20:09:30.977] [2568] [HailoRT] [info] [queue_elements.cpp:450] [create] Created (PushQEl1yolov8s/input_layer1 | timeout: 10s)
[2026-07-17 20:09:30.977] [2568] [HailoRT] [info] [multi_io_elements.cpp:135] [create] Created (NmsPPMuxEl0YOLOV8-Post-Process | Op YOLOV8, Name: YOLOV8-Post-Process, Score threshold: 0.300, IoU threshold: 0.45, Classes: 80, Max bboxes per class: 100, Image height: 640, Image width: 640)
[2026-07-17 20:09:30.978] [2568] [HailoRT] [info] [queue_elements.cpp:942] [create] Created (MultiPushQEl0YOLOV8-Post-Process | timeout: 10s)
[2026-07-17 20:09:30.978] [2568] [HailoRT] [info] [edge_elements.cpp:187] [create] Created (LastAsyncEl0NmsPPMuxEl0YOLOV8-Post-Process)
[2026-07-17 20:09:30.978] [2568] [HailoRT] [info] [pipeline.cpp:891] [print_deep_description] EntryPushQEl0yolov8s/input_layer1 | inputs: user | outputs: PreInferEl1yolov8s/input_layer1(running in thread_id: 2632)
[2026-07-17 20:09:30.978] [2568] [HailoRT] [info] [pipeline.cpp:891] [print_deep_description] PreInferEl1yolov8s/input_layer1 | inputs: EntryPushQEl0yolov8s/input_layer1[0] | outputs: PushQEl1yolov8s/input_layer1
[2026-07-17 20:09:30.978] [2568] [HailoRT] [info] [pipeline.cpp:891] [print_deep_description] PushQEl1yolov8s/input_layer1 | inputs: PreInferEl1yolov8s/input_layer1[0] | outputs: AsyncHwEl(running in thread_id: 2633)
[2026-07-17 20:09:30.978] [2568] [HailoRT] [info] [pipeline.cpp:891] [print_deep_description] AsyncHwEl | inputs: PushQEl1yolov8s/input_layer1[0] | outputs: MultiPushQEl0YOLOV8-Post-Process MultiPushQEl0YOLOV8-Post-Process MultiPushQEl0YOLOV8-Post-Process MultiPushQEl0YOLOV8-Post-Process MultiPushQEl0YOLOV8-Post-Process MultiPushQEl0YOLOV8-Post-Process
[2026-07-17 20:09:30.978] [2568] [HailoRT] [info] [pipeline.cpp:891] [print_deep_description] MultiPushQEl0YOLOV8-Post-Process | inputs: AsyncHwEl[0] AsyncHwEl[1] AsyncHwEl[2] AsyncHwEl[3] AsyncHwEl[4] AsyncHwEl[5] | outputs: NmsPPMuxEl0YOLOV8-Post-Process(running in thread_id: 2634)
[2026-07-17 20:09:30.978] [2568] [HailoRT] [info] [pipeline.cpp:891] [print_deep_description] NmsPPMuxEl0YOLOV8-Post-Process | inputs: MultiPushQEl0YOLOV8-Post-Process[0] | outputs: LastAsyncEl0NmsPPMuxEl0YOLOV8-Post-Process
[2026-07-17 20:09:30.978] [2568] [HailoRT] [info] [pipeline.cpp:891] [print_deep_description] LastAsyncEl0NmsPPMuxEl0YOLOV8-Post-Process | inputs: NmsPPMuxEl0YOLOV8-Post-Process[0] | outputs: user
[2026-07-17 20:09:30.994] [2568] [HailoRT] [info] [hef.cpp:1994] [get_network_group_and_network_name] No name was given. Addressing all networks of default network_group: yolov8s
[2026-07-17 20:09:42.545] [2636] [HailoRT] [info] [device.cpp:51] [Device] OS Version: Linux 6.18.34+rpt-rpi-2712 #1 SMP PREEMPT Debian 1:6.18.34-1+rpt1 (2026-06-09) aarch64
[2026-07-17 20:09:42.545] [2636] [HailoRT] [info] [control.cpp:113] [control__parse_identify_results] firmware_version is: 4.23.0
[2026-07-17 20:09:42.545] [2636] [HailoRT] [info] [control.cpp:113] [control__parse_identify_results] firmware_version is: 4.23.0
[2026-07-17 20:09:42.257] [2523] [HailoRT] [info] [async_infer_runner.cpp:86] [shutdown] Pipeline was aborted. Shutting it down
[2026-07-17 20:09:42.257] [2523] [HailoRT] [info] [queue_elements.cpp:1131] [execute_deactivate] enqueue() in element MultiPushQEl0YOLOV8-Post-Process was aborted, got status = HAILO_SHUTDOWN_EVENT_SIGNALED(57)
[2026-07-17 20:09:42.257] [2523] [HailoRT] [info] [queue_elements.cpp:1131] [execute_deactivate] enqueue() in element MultiPushQEl0YOLOV8-Post-Process was aborted, got status = HAILO_SHUTDOWN_EVENT_SIGNALED(57)
[2026-07-17 20:09:42.257] [2523] [HailoRT] [info] [queue_elements.cpp:1131] [execute_deactivate] enqueue() in element MultiPushQEl0YOLOV8-Post-Process was aborted, got status = HAILO_SHUTDOWN_EVENT_SIGNALED(57)
[2026-07-17 20:09:42.257] [2523] [HailoRT] [info] [queue_elements.cpp:1131] [execute_deactivate] enqueue() in element MultiPushQEl0YOLOV8-Post-Process was aborted, got status = HAILO_SHUTDOWN_EVENT_SIGNALED(57)
[2026-07-17 20:09:42.257] [2523] [HailoRT] [info] [queue_elements.cpp:1131] [execute_deactivate] enqueue() in element MultiPushQEl0YOLOV8-Post-Process was aborted, got status = HAILO_SHUTDOWN_EVENT_SIGNALED(57)
[2026-07-17 20:09:42.257] [2523] [HailoRT] [info] [queue_elements.cpp:1131] [execute_deactivate] enqueue() in element MultiPushQEl0YOLOV8-Post-Process was aborted, got status = HAILO_SHUTDOWN_EVENT_SIGNALED(57)
[2026-07-17 20:09:42.257] [2523] [HailoRT] [info] [queue_elements.cpp:570] [execute_deactivate] enqueue() in element PushQEl1yolov8s/input_layer1 was aborted, got status = HAILO_SHUTDOWN_EVENT_SIGNALED(57)
[2026-07-17 20:09:42.257] [2523] [HailoRT] [info] [queue_elements.cpp:570] [execute_deactivate] enqueue() in element EntryPushQEl0yolov8s/input_layer1 was aborted, got status = HAILO_SHUTDOWN_EVENT_SIGNALED(57)
[2026-07-17 20:09:42.257] [2523] [HailoRT] [info] [queue_elements.cpp:46] [~BaseQueueElement] Queue element EntryPushQEl0yolov8s/input_layer1 has 0 frames in his Queue on destruction
[2026-07-17 20:09:42.257] [2523] [HailoRT] [info] [queue_elements.cpp:46] [~BaseQueueElement] Queue element PushQEl1yolov8s/input_layer1 has 0 frames in his Queue on destruction
[2026-07-17 20:09:42.612] [2523] [HailoRT] [info] [vdevice.cpp:535] [create] Creating vdevice with params: device_count: 1, scheduling_algorithm: ROUND_ROBIN, multi_process_service: false
[2026-07-17 20:09:42.624] [2523] [HailoRT] [info] [device.cpp:51] [Device] OS Version: Linux 6.18.34+rpt-rpi-2712 #1 SMP PREEMPT Debian 1:6.18.34-1+rpt1 (2026-06-09) aarch64
[2026-07-17 20:09:42.625] [2523] [HailoRT] [info] [control.cpp:113] [control__parse_identify_results] firmware_version is: 4.23.0
[2026-07-17 20:09:42.625] [2523] [HailoRT] [info] [vdevice.cpp:682] [create] VDevice Infos: 0001:01:00.0
[2026-07-17 20:09:42.636] [2523] [HailoRT] [info] [hef.cpp:1994] [get_network_group_and_network_name] No name was given. Addressing all networks of default network_group: yolov8s
[2026-07-17 20:09:42.636] [2523] [HailoRT] [info] [hef.cpp:1994] [get_network_group_and_network_name] No name was given. Addressing all networks of default network_group: yolov8s
[2026-07-17 20:09:42.752] [2568] [HailoRT] [info] [internal_buffer_manager.cpp:77] [print_execution_results] Planned internal buffer memory: CMA=0 CMA-Desc=393216 Pinned=4099072. memory to edge layer usage factor is 1
[2026-07-17 20:09:42.752] [2568] [HailoRT] [info] [internal_buffer_manager.cpp:86] [print_execution_results] Default Internal buffer planner executed successfully
[2026-07-17 20:09:42.834] [2568] [HailoRT] [info] [device_internal.cpp:57] [configure] Configuring HEF took 92.879201 milliseconds
[2026-07-17 20:09:42.834] [2568] [HailoRT] [info] [vdevice.cpp:780] [configure] Configuring HEF on VDevice took 93.237551 milliseconds
[2026-07-17 20:09:42.834] [2568] [HailoRT] [info] [infer_model.cpp:417] [configure] Configuring network group 'yolov8s' with params: batch size: 2, power mode: PERFORMANCE, latency: NONE
[2026-07-17 20:09:42.834] [2568] [HailoRT] [info] [multi_io_elements.cpp:754] [create] Created (AsyncHwEl)
[2026-07-17 20:09:42.834] [2568] [HailoRT] [info] [queue_elements.cpp:450] [create] Created (EntryPushQEl0yolov8s/input_layer1 | timeout: 10s)
[2026-07-17 20:09:42.834] [2568] [HailoRT] [info] [filter_elements.cpp:101] [create] Created (PreInferEl1yolov8s/input_layer1 | Reorder - src_order: RGB4, src_shape: (640, 640, 3), dst_order: NHCW, dst_shape: (640, 640, 3))
[2026-07-17 20:09:42.835] [2568] [HailoRT] [info] [queue_elements.cpp:450] [create] Created (PushQEl1yolov8s/input_layer1 | timeout: 10s)
[2026-07-17 20:09:42.835] [2568] [HailoRT] [info] [multi_io_elements.cpp:135] [create] Created (NmsPPMuxEl0YOLOV8-Post-Process | Op YOLOV8, Name: YOLOV8-Post-Process, Score threshold: 0.300, IoU threshold: 0.45, Classes: 80, Max bboxes per class: 100, Image height: 640, Image width: 640)
[2026-07-17 20:09:42.835] [2568] [HailoRT] [info] [queue_elements.cpp:942] [create] Created (MultiPushQEl0YOLOV8-Post-Process | timeout: 10s)
[2026-07-17 20:09:42.835] [2568] [HailoRT] [info] [edge_elements.cpp:187] [create] Created (LastAsyncEl0NmsPPMuxEl0YOLOV8-Post-Process)
[2026-07-17 20:09:42.835] [2568] [HailoRT] [info] [pipeline.cpp:891] [print_deep_description] EntryPushQEl0yolov8s/input_layer1 | inputs: user | outputs: PreInferEl1yolov8s/input_layer1(running in thread_id: 2651)
[2026-07-17 20:09:42.835] [2568] [HailoRT] [info] [pipeline.cpp:891] [print_deep_description] PreInferEl1yolov8s/input_layer1 | inputs: EntryPushQEl0yolov8s/input_layer1[0] | outputs: PushQEl1yolov8s/input_layer1
[2026-07-17 20:09:42.835] [2568] [HailoRT] [info] [pipeline.cpp:891] [print_deep_description] PushQEl1yolov8s/input_layer1 | inputs: PreInferEl1yolov8s/input_layer1[0] | outputs: AsyncHwEl(running in thread_id: 2652)
[2026-07-17 20:09:42.835] [2568] [HailoRT] [info] [pipeline.cpp:891] [print_deep_description] AsyncHwEl | inputs: PushQEl1yolov8s/input_layer1[0] | outputs: MultiPushQEl0YOLOV8-Post-Process MultiPushQEl0YOLOV8-Post-Process MultiPushQEl0YOLOV8-Post-Process MultiPushQEl0YOLOV8-Post-Process MultiPushQEl0YOLOV8-Post-Process MultiPushQEl0YOLOV8-Post-Process
[2026-07-17 20:09:42.835] [2568] [HailoRT] [info] [pipeline.cpp:891] [print_deep_description] MultiPushQEl0YOLOV8-Post-Process | inputs: AsyncHwEl[0] AsyncHwEl[1] AsyncHwEl[2] AsyncHwEl[3] AsyncHwEl[4] AsyncHwEl[5] | outputs: NmsPPMuxEl0YOLOV8-Post-Process(running in thread_id: 2653)
[2026-07-17 20:09:42.835] [2568] [HailoRT] [info] [pipeline.cpp:891] [print_deep_description] NmsPPMuxEl0YOLOV8-Post-Process | inputs: MultiPushQEl0YOLOV8-Post-Process[0] | outputs: LastAsyncEl0NmsPPMuxEl0YOLOV8-Post-Process
[2026-07-17 20:09:42.835] [2568] [HailoRT] [info] [pipeline.cpp:891] [print_deep_description] LastAsyncEl0NmsPPMuxEl0YOLOV8-Post-Process | inputs: NmsPPMuxEl0YOLOV8-Post-Process[0] | outputs: user
[2026-07-17 20:09:42.850] [2568] [HailoRT] [info] [hef.cpp:1994] [get_network_group_and_network_name] No name was given. Addressing all networks of default network_group: yolov8s
[2026-07-17 20:09:54.404] [2655] [HailoRT] [info] [device.cpp:51] [Device] OS Version: Linux 6.18.34+rpt-rpi-2712 #1 SMP PREEMPT Debian 1:6.18.34-1+rpt1 (2026-06-09) aarch64
[2026-07-17 20:09:54.404] [2655] [HailoRT] [info] [control.cpp:113] [control__parse_identify_results] firmware_version is: 4.23.0
[2026-07-17 20:09:54.405] [2655] [HailoRT] [info] [control.cpp:113] [control__parse_identify_results] firmware_version is: 4.23.0
[2026-07-17 20:09:54.131] [2523] [HailoRT] [info] [async_infer_runner.cpp:86] [shutdown] Pipeline was aborted. Shutting it down
[2026-07-17 20:09:54.131] [2523] [HailoRT] [info] [queue_elements.cpp:1131] [execute_deactivate] enqueue() in element MultiPushQEl0YOLOV8-Post-Process was aborted, got status = HAILO_SHUTDOWN_EVENT_SIGNALED(57)
[2026-07-17 20:09:54.131] [2523] [HailoRT] [info] [queue_elements.cpp:1131] [execute_deactivate] enqueue() in element MultiPushQEl0YOLOV8-Post-Process was aborted, got status = HAILO_SHUTDOWN_EVENT_SIGNALED(57)
[2026-07-17 20:09:54.131] [2523] [HailoRT] [info] [queue_elements.cpp:1131] [execute_deactivate] enqueue() in element MultiPushQEl0YOLOV8-Post-Process was aborted, got status = HAILO_SHUTDOWN_EVENT_SIGNALED(57)
[2026-07-17 20:09:54.131] [2523] [HailoRT] [info] [queue_elements.cpp:1131] [execute_deactivate] enqueue() in element MultiPushQEl0YOLOV8-Post-Process was aborted, got status = HAILO_SHUTDOWN_EVENT_SIGNALED(57)
[2026-07-17 20:09:54.131] [2523] [HailoRT] [info] [queue_elements.cpp:1131] [execute_deactivate] enqueue() in element MultiPushQEl0YOLOV8-Post-Process was aborted, got status = HAILO_SHUTDOWN_EVENT_SIGNALED(57)
[2026-07-17 20:09:54.131] [2523] [HailoRT] [info] [queue_elements.cpp:1131] [execute_deactivate] enqueue() in element MultiPushQEl0YOLOV8-Post-Process was aborted, got status = HAILO_SHUTDOWN_EVENT_SIGNALED(57)
[2026-07-17 20:09:54.131] [2523] [HailoRT] [info] [queue_elements.cpp:570] [execute_deactivate] enqueue() in element PushQEl1yolov8s/input_layer1 was aborted, got status = HAILO_SHUTDOWN_EVENT_SIGNALED(57)
[2026-07-17 20:09:54.132] [2523] [HailoRT] [info] [queue_elements.cpp:570] [execute_deactivate] enqueue() in element EntryPushQEl0yolov8s/input_layer1 was aborted, got status = HAILO_SHUTDOWN_EVENT_SIGNALED(57)
[2026-07-17 20:09:54.132] [2523] [HailoRT] [info] [queue_elements.cpp:46] [~BaseQueueElement] Queue element EntryPushQEl0yolov8s/input_layer1 has 0 frames in his Queue on destruction
[2026-07-17 20:09:54.132] [2523] [HailoRT] [info] [queue_elements.cpp:46] [~BaseQueueElement] Queue element PushQEl1yolov8s/input_layer1 has 0 frames in his Queue on destruction
[2026-07-17 20:09:54.476] [2523] [HailoRT] [info] [vdevice.cpp:535] [create] Creating vdevice with params: device_count: 1, scheduling_algorithm: ROUND_ROBIN, multi_process_service: false
[2026-07-17 20:09:54.488] [2523] [HailoRT] [info] [device.cpp:51] [Device] OS Version: Linux 6.18.34+rpt-rpi-2712 #1 SMP PREEMPT Debian 1:6.18.34-1+rpt1 (2026-06-09) aarch64
[2026-07-17 20:09:54.489] [2523] [HailoRT] [info] [control.cpp:113] [control__parse_identify_results] firmware_version is: 4.23.0
[2026-07-17 20:09:54.489] [2523] [HailoRT] [info] [vdevice.cpp:682] [create] VDevice Infos: 0001:01:00.0
[2026-07-17 20:09:54.498] [2523] [HailoRT] [info] [hef.cpp:1994] [get_network_group_and_network_name] No name was given. Addressing all networks of default network_group: yolov8s
[2026-07-17 20:09:54.498] [2523] [HailoRT] [info] [hef.cpp:1994] [get_network_group_and_network_name] No name was given. Addressing all networks of default network_group: yolov8s
[2026-07-17 20:09:54.617] [2568] [HailoRT] [info] [internal_buffer_manager.cpp:77] [print_execution_results] Planned internal buffer memory: CMA=0 CMA-Desc=393216 Pinned=4099072. memory to edge layer usage factor is 1
[2026-07-17 20:09:54.617] [2568] [HailoRT] [info] [internal_buffer_manager.cpp:86] [print_execution_results] Default Internal buffer planner executed successfully
[2026-07-17 20:09:54.705] [2568] [HailoRT] [info] [device_internal.cpp:57] [configure] Configuring HEF took 98.686067 milliseconds
[2026-07-17 20:09:54.705] [2568] [HailoRT] [info] [vdevice.cpp:780] [configure] Configuring HEF on VDevice took 99.083287 milliseconds
[2026-07-17 20:09:54.705] [2568] [HailoRT] [info] [infer_model.cpp:417] [configure] Configuring network group 'yolov8s' with params: batch size: 2, power mode: PERFORMANCE, latency: NONE
[2026-07-17 20:09:54.705] [2568] [HailoRT] [info] [multi_io_elements.cpp:754] [create] Created (AsyncHwEl)
[2026-07-17 20:09:54.705] [2568] [HailoRT] [info] [queue_elements.cpp:450] [create] Created (EntryPushQEl0yolov8s/input_layer1 | timeout: 10s)
[2026-07-17 20:09:54.705] [2568] [HailoRT] [info] [filter_elements.cpp:101] [create] Created (PreInferEl1yolov8s/input_layer1 | Reorder - src_order: RGB4, src_shape: (640, 640, 3), dst_order: NHCW, dst_shape: (640, 640, 3))
[2026-07-17 20:09:54.706] [2568] [HailoRT] [info] [queue_elements.cpp:450] [create] Created (PushQEl1yolov8s/input_layer1 | timeout: 10s)
[2026-07-17 20:09:54.706] [2568] [HailoRT] [info] [multi_io_elements.cpp:135] [create] Created (NmsPPMuxEl0YOLOV8-Post-Process | Op YOLOV8, Name: YOLOV8-Post-Process, Score threshold: 0.300, IoU threshold: 0.45, Classes: 80, Max bboxes per class: 100, Image height: 640, Image width: 640)
[2026-07-17 20:09:54.706] [2568] [HailoRT] [info] [queue_elements.cpp:942] [create] Created (MultiPushQEl0YOLOV8-Post-Process | timeout: 10s)
[2026-07-17 20:09:54.706] [2568] [HailoRT] [info] [edge_elements.cpp:187] [create] Created (LastAsyncEl0NmsPPMuxEl0YOLOV8-Post-Process)
[2026-07-17 20:09:54.706] [2568] [HailoRT] [info] [pipeline.cpp:891] [print_deep_description] EntryPushQEl0yolov8s/input_layer1 | inputs: user | outputs: PreInferEl1yolov8s/input_layer1(running in thread_id: 2670)
[2026-07-17 20:09:54.706] [2568] [HailoRT] [info] [pipeline.cpp:891] [print_deep_description] PreInferEl1yolov8s/input_layer1 | inputs: EntryPushQEl0yolov8s/input_layer1[0] | outputs: PushQEl1yolov8s/input_layer1
[2026-07-17 20:09:54.706] [2568] [HailoRT] [info] [pipeline.cpp:891] [print_deep_description] PushQEl1yolov8s/input_layer1 | inputs: PreInferEl1yolov8s/input_layer1[0] | outputs: AsyncHwEl(running in thread_id: 2671)
[2026-07-17 20:09:54.706] [2568] [HailoRT] [info] [pipeline.cpp:891] [print_deep_description] AsyncHwEl | inputs: PushQEl1yolov8s/input_layer1[0] | outputs: MultiPushQEl0YOLOV8-Post-Process MultiPushQEl0YOLOV8-Post-Process MultiPushQEl0YOLOV8-Post-Process MultiPushQEl0YOLOV8-Post-Process MultiPushQEl0YOLOV8-Post-Process MultiPushQEl0YOLOV8-Post-Process
[2026-07-17 20:09:54.706] [2568] [HailoRT] [info] [pipeline.cpp:891] [print_deep_description] MultiPushQEl0YOLOV8-Post-Process | inputs: AsyncHwEl[0] AsyncHwEl[1] AsyncHwEl[2] AsyncHwEl[3] AsyncHwEl[4] AsyncHwEl[5] | outputs: NmsPPMuxEl0YOLOV8-Post-Process(running in thread_id: 2672)
[2026-07-17 20:09:54.706] [2568] [HailoRT] [info] [pipeline.cpp:891] [print_deep_description] NmsPPMuxEl0YOLOV8-Post-Process | inputs: MultiPushQEl0YOLOV8-Post-Process[0] | outputs: LastAsyncEl0NmsPPMuxEl0YOLOV8-Post-Process
[2026-07-17 20:09:54.706] [2568] [HailoRT] [info] [pipeline.cpp:891] [print_deep_description] LastAsyncEl0NmsPPMuxEl0YOLOV8-Post-Process | inputs: NmsPPMuxEl0YOLOV8-Post-Process[0] | outputs: user
[2026-07-17 20:09:54.721] [2568] [HailoRT] [info] [hef.cpp:1994] [get_network_group_and_network_name] No name was given. Addressing all networks of default network_group: yolov8s
[2026-07-17 20:10:06.280] [2675] [HailoRT] [info] [device.cpp:51] [Device] OS Version: Linux 6.18.34+rpt-rpi-2712 #1 SMP PREEMPT Debian 1:6.18.34-1+rpt1 (2026-06-09) aarch64
[2026-07-17 20:10:06.281] [2675] [HailoRT] [info] [control.cpp:113] [control__parse_identify_results] firmware_version is: 4.23.0
[2026-07-17 20:10:06.281] [2675] [HailoRT] [info] [control.cpp:113] [control__parse_identify_results] firmware_version is: 4.23.0
[2026-07-17 20:10:06.010] [2523] [HailoRT] [info] [async_infer_runner.cpp:86] [shutdown] Pipeline was aborted. Shutting it down
[2026-07-17 20:10:06.010] [2523] [HailoRT] [info] [queue_elements.cpp:1131] [execute_deactivate] enqueue() in element MultiPushQEl0YOLOV8-Post-Process was aborted, got status = HAILO_SHUTDOWN_EVENT_SIGNALED(57)
[2026-07-17 20:10:06.010] [2523] [HailoRT] [info] [queue_elements.cpp:1131] [execute_deactivate] enqueue() in element MultiPushQEl0YOLOV8-Post-Process was aborted, got status = HAILO_SHUTDOWN_EVENT_SIGNALED(57)
[2026-07-17 20:10:06.010] [2523] [HailoRT] [info] [queue_elements.cpp:1131] [execute_deactivate] enqueue() in element MultiPushQEl0YOLOV8-Post-Process was aborted, got status = HAILO_SHUTDOWN_EVENT_SIGNALED(57)
[2026-07-17 20:10:06.010] [2523] [HailoRT] [info] [queue_elements.cpp:1131] [execute_deactivate] enqueue() in element MultiPushQEl0YOLOV8-Post-Process was aborted, got status = HAILO_SHUTDOWN_EVENT_SIGNALED(57)
[2026-07-17 20:10:06.010] [2523] [HailoRT] [info] [queue_elements.cpp:1131] [execute_deactivate] enqueue() in element MultiPushQEl0YOLOV8-Post-Process was aborted, got status = HAILO_SHUTDOWN_EVENT_SIGNALED(57)
[2026-07-17 20:10:06.010] [2523] [HailoRT] [info] [queue_elements.cpp:1131] [execute_deactivate] enqueue() in element MultiPushQEl0YOLOV8-Post-Process was aborted, got status = HAILO_SHUTDOWN_EVENT_SIGNALED(57)
[2026-07-17 20:10:06.010] [2523] [HailoRT] [info] [queue_elements.cpp:570] [execute_deactivate] enqueue() in element PushQEl1yolov8s/input_layer1 was aborted, got status = HAILO_SHUTDOWN_EVENT_SIGNALED(57)
[2026-07-17 20:10:06.010] [2523] [HailoRT] [info] [queue_elements.cpp:570] [execute_deactivate] enqueue() in element EntryPushQEl0yolov8s/input_layer1 was aborted, got status = HAILO_SHUTDOWN_EVENT_SIGNALED(57)
[2026-07-17 20:10:06.010] [2523] [HailoRT] [info] [queue_elements.cpp:46] [~BaseQueueElement] Queue element EntryPushQEl0yolov8s/input_layer1 has 0 frames in his Queue on destruction
[2026-07-17 20:10:06.010] [2523] [HailoRT] [info] [queue_elements.cpp:46] [~BaseQueueElement] Queue element PushQEl1yolov8s/input_layer1 has 0 frames in his Queue on destruction
[2026-07-17 20:10:06.349] [2523] [HailoRT] [info] [vdevice.cpp:535] [create] Creating vdevice with params: device_count: 1, scheduling_algorithm: ROUND_ROBIN, multi_process_service: false
[2026-07-17 20:10:06.361] [2523] [HailoRT] [info] [device.cpp:51] [Device] OS Version: Linux 6.18.34+rpt-rpi-2712 #1 SMP PREEMPT Debian 1:6.18.34-1+rpt1 (2026-06-09) aarch64
[2026-07-17 20:10:06.361] [2523] [HailoRT] [info] [control.cpp:113] [control__parse_identify_results] firmware_version is: 4.23.0
[2026-07-17 20:10:06.361] [2523] [HailoRT] [info] [vdevice.cpp:682] [create] VDevice Infos: 0001:01:00.0
[2026-07-17 20:10:06.372] [2523] [HailoRT] [info] [hef.cpp:1994] [get_network_group_and_network_name] No name was given. Addressing all networks of default network_group: yolov8s
[2026-07-17 20:10:06.372] [2523] [HailoRT] [info] [hef.cpp:1994] [get_network_group_and_network_name] No name was given. Addressing all networks of default network_group: yolov8s
[2026-07-17 20:10:06.487] [2568] [HailoRT] [info] [internal_buffer_manager.cpp:77] [print_execution_results] Planned internal buffer memory: CMA=0 CMA-Desc=393216 Pinned=4099072. memory to edge layer usage factor is 1
[2026-07-17 20:10:06.487] [2568] [HailoRT] [info] [internal_buffer_manager.cpp:86] [print_execution_results] Default Internal buffer planner executed successfully
[2026-07-17 20:10:06.561] [2568] [HailoRT] [info] [device_internal.cpp:57] [configure] Configuring HEF took 85.975117 milliseconds
[2026-07-17 20:10:06.561] [2568] [HailoRT] [info] [vdevice.cpp:780] [configure] Configuring HEF on VDevice took 86.382505 milliseconds
[2026-07-17 20:10:06.561] [2568] [HailoRT] [info] [infer_model.cpp:417] [configure] Configuring network group 'yolov8s' with params: batch size: 2, power mode: PERFORMANCE, latency: NONE
[2026-07-17 20:10:06.562] [2568] [HailoRT] [info] [multi_io_elements.cpp:754] [create] Created (AsyncHwEl)
[2026-07-17 20:10:06.562] [2568] [HailoRT] [info] [queue_elements.cpp:450] [create] Created (EntryPushQEl0yolov8s/input_layer1 | timeout: 10s)
[2026-07-17 20:10:06.562] [2568] [HailoRT] [info] [filter_elements.cpp:101] [create] Created (PreInferEl1yolov8s/input_layer1 | Reorder - src_order: RGB4, src_shape: (640, 640, 3), dst_order: NHCW, dst_shape: (640, 640, 3))
[2026-07-17 20:10:06.562] [2568] [HailoRT] [info] [queue_elements.cpp:450] [create] Created (PushQEl1yolov8s/input_layer1 | timeout: 10s)
[2026-07-17 20:10:06.562] [2568] [HailoRT] [info] [multi_io_elements.cpp:135] [create] Created (NmsPPMuxEl0YOLOV8-Post-Process | Op YOLOV8, Name: YOLOV8-Post-Process, Score threshold: 0.300, IoU threshold: 0.45, Classes: 80, Max bboxes per class: 100, Image height: 640, Image width: 640)
[2026-07-17 20:10:06.563] [2568] [HailoRT] [info] [queue_elements.cpp:942] [create] Created (MultiPushQEl0YOLOV8-Post-Process | timeout: 10s)
[2026-07-17 20:10:06.563] [2568] [HailoRT] [info] [edge_elements.cpp:187] [create] Created (LastAsyncEl0NmsPPMuxEl0YOLOV8-Post-Process)
[2026-07-17 20:10:06.563] [2568] [HailoRT] [info] [pipeline.cpp:891] [print_deep_description] EntryPushQEl0yolov8s/input_layer1 | inputs: user | outputs: PreInferEl1yolov8s/input_layer1(running in thread_id: 2690)
[2026-07-17 20:10:06.563] [2568] [HailoRT] [info] [pipeline.cpp:891] [print_deep_description] PreInferEl1yolov8s/input_layer1 | inputs: EntryPushQEl0yolov8s/input_layer1[0] | outputs: PushQEl1yolov8s/input_layer1
[2026-07-17 20:10:06.563] [2568] [HailoRT] [info] [pipeline.cpp:891] [print_deep_description] PushQEl1yolov8s/input_layer1 | inputs: PreInferEl1yolov8s/input_layer1[0] | outputs: AsyncHwEl(running in thread_id: 2691)
[2026-07-17 20:10:06.563] [2568] [HailoRT] [info] [pipeline.cpp:891] [print_deep_description] AsyncHwEl | inputs: PushQEl1yolov8s/input_layer1[0] | outputs: MultiPushQEl0YOLOV8-Post-Process MultiPushQEl0YOLOV8-Post-Process MultiPushQEl0YOLOV8-Post-Process MultiPushQEl0YOLOV8-Post-Process MultiPushQEl0YOLOV8-Post-Process MultiPushQEl0YOLOV8-Post-Process
[2026-07-17 20:10:06.563] [2568] [HailoRT] [info] [pipeline.cpp:891] [print_deep_description] MultiPushQEl0YOLOV8-Post-Process | inputs: AsyncHwEl[0] AsyncHwEl[1] AsyncHwEl[2] AsyncHwEl[3] AsyncHwEl[4] AsyncHwEl[5] | outputs: NmsPPMuxEl0YOLOV8-Post-Process(running in thread_id: 2692)
[2026-07-17 20:10:06.563] [2568] [HailoRT] [info] [pipeline.cpp:891] [print_deep_description] NmsPPMuxEl0YOLOV8-Post-Process | inputs: MultiPushQEl0YOLOV8-Post-Process[0] | outputs: LastAsyncEl0NmsPPMuxEl0YOLOV8-Post-Process
[2026-07-17 20:10:06.563] [2568] [HailoRT] [info] [pipeline.cpp:891] [print_deep_description] LastAsyncEl0NmsPPMuxEl0YOLOV8-Post-Process | inputs: NmsPPMuxEl0YOLOV8-Post-Process[0] | outputs: user
[2026-07-17 20:10:06.578] [2568] [HailoRT] [info] [hef.cpp:1994] [get_network_group_and_network_name] No name was given. Addressing all networks of default network_group: yolov8s
[2026-07-17 20:10:18.169] [2695] [HailoRT] [info] [device.cpp:51] [Device] OS Version: Linux 6.18.34+rpt-rpi-2712 #1 SMP PREEMPT Debian 1:6.18.34-1+rpt1 (2026-06-09) aarch64
[2026-07-17 20:10:18.169] [2695] [HailoRT] [info] [control.cpp:113] [control__parse_identify_results] firmware_version is: 4.23.0
[2026-07-17 20:10:18.169] [2695] [HailoRT] [info] [control.cpp:113] [control__parse_identify_results] firmware_version is: 4.23.0
[2026-07-17 20:10:17.859] [2523] [HailoRT] [info] [async_infer_runner.cpp:86] [shutdown] Pipeline was aborted. Shutting it down
[2026-07-17 20:10:17.859] [2523] [HailoRT] [info] [queue_elements.cpp:1131] [execute_deactivate] enqueue() in element MultiPushQEl0YOLOV8-Post-Process was aborted, got status = HAILO_SHUTDOWN_EVENT_SIGNALED(57)
[2026-07-17 20:10:17.859] [2523] [HailoRT] [info] [queue_elements.cpp:1131] [execute_deactivate] enqueue() in element MultiPushQEl0YOLOV8-Post-Process was aborted, got status = HAILO_SHUTDOWN_EVENT_SIGNALED(57)
[2026-07-17 20:10:17.859] [2523] [HailoRT] [info] [queue_elements.cpp:1131] [execute_deactivate] enqueue() in element MultiPushQEl0YOLOV8-Post-Process was aborted, got status = HAILO_SHUTDOWN_EVENT_SIGNALED(57)
[2026-07-17 20:10:17.859] [2523] [HailoRT] [info] [queue_elements.cpp:1131] [execute_deactivate] enqueue() in element MultiPushQEl0YOLOV8-Post-Process was aborted, got status = HAILO_SHUTDOWN_EVENT_SIGNALED(57)
[2026-07-17 20:10:17.859] [2523] [HailoRT] [info] [queue_elements.cpp:1131] [execute_deactivate] enqueue() in element MultiPushQEl0YOLOV8-Post-Process was aborted, got status = HAILO_SHUTDOWN_EVENT_SIGNALED(57)
[2026-07-17 20:10:17.859] [2523] [HailoRT] [info] [queue_elements.cpp:1131] [execute_deactivate] enqueue() in element MultiPushQEl0YOLOV8-Post-Process was aborted, got status = HAILO_SHUTDOWN_EVENT_SIGNALED(57)
[2026-07-17 20:10:17.859] [2523] [HailoRT] [info] [queue_elements.cpp:570] [execute_deactivate] enqueue() in element PushQEl1yolov8s/input_layer1 was aborted, got status = HAILO_SHUTDOWN_EVENT_SIGNALED(57)
[2026-07-17 20:10:17.859] [2523] [HailoRT] [info] [queue_elements.cpp:570] [execute_deactivate] enqueue() in element EntryPushQEl0yolov8s/input_layer1 was aborted, got status = HAILO_SHUTDOWN_EVENT_SIGNALED(57)
[2026-07-17 20:10:17.859] [2523] [HailoRT] [info] [queue_elements.cpp:46] [~BaseQueueElement] Queue element EntryPushQEl0yolov8s/input_layer1 has 0 frames in his Queue on destruction
[2026-07-17 20:10:17.859] [2523] [HailoRT] [info] [queue_elements.cpp:46] [~BaseQueueElement] Queue element PushQEl1yolov8s/input_layer1 has 0 frames in his Queue on destruction
[2026-07-17 20:10:18.241] [2523] [HailoRT] [info] [vdevice.cpp:535] [create] Creating vdevice with params: device_count: 1, scheduling_algorithm: ROUND_ROBIN, multi_process_service: false
[2026-07-17 20:10:18.252] [2523] [HailoRT] [info] [device.cpp:51] [Device] OS Version: Linux 6.18.34+rpt-rpi-2712 #1 SMP PREEMPT Debian 1:6.18.34-1+rpt1 (2026-06-09) aarch64
[2026-07-17 20:10:18.253] [2523] [HailoRT] [info] [control.cpp:113] [control__parse_identify_results] firmware_version is: 4.23.0
[2026-07-17 20:10:18.253] [2523] [HailoRT] [info] [vdevice.cpp:682] [create] VDevice Infos: 0001:01:00.0
[2026-07-17 20:10:18.263] [2523] [HailoRT] [info] [hef.cpp:1994] [get_network_group_and_network_name] No name was given. Addressing all networks of default network_group: yolov8s
[2026-07-17 20:10:18.263] [2523] [HailoRT] [info] [hef.cpp:1994] [get_network_group_and_network_name] No name was given. Addressing all networks of default network_group: yolov8s
[2026-07-17 20:10:18.392] [2568] [HailoRT] [info] [internal_buffer_manager.cpp:77] [print_execution_results] Planned internal buffer memory: CMA=0 CMA-Desc=393216 Pinned=4099072. memory to edge layer usage factor is 1
[2026-07-17 20:10:18.392] [2568] [HailoRT] [info] [internal_buffer_manager.cpp:86] [print_execution_results] Default Internal buffer planner executed successfully
[2026-07-17 20:10:18.474] [2568] [HailoRT] [info] [device_internal.cpp:57] [configure] Configuring HEF took 102.882087 milliseconds
[2026-07-17 20:10:18.475] [2568] [HailoRT] [info] [vdevice.cpp:780] [configure] Configuring HEF on VDevice took 103.22803 milliseconds
[2026-07-17 20:10:18.475] [2568] [HailoRT] [info] [infer_model.cpp:417] [configure] Configuring network group 'yolov8s' with params: batch size: 2, power mode: PERFORMANCE, latency: NONE
[2026-07-17 20:10:18.475] [2568] [HailoRT] [info] [multi_io_elements.cpp:754] [create] Created (AsyncHwEl)
[2026-07-17 20:10:18.475] [2568] [HailoRT] [info] [queue_elements.cpp:450] [create] Created (EntryPushQEl0yolov8s/input_layer1 | timeout: 10s)
[2026-07-17 20:10:18.475] [2568] [HailoRT] [info] [filter_elements.cpp:101] [create] Created (PreInferEl1yolov8s/input_layer1 | Reorder - src_order: RGB4, src_shape: (640, 640, 3), dst_order: NHCW, dst_shape: (640, 640, 3))
[2026-07-17 20:10:18.475] [2568] [HailoRT] [info] [queue_elements.cpp:450] [create] Created (PushQEl1yolov8s/input_layer1 | timeout: 10s)
[2026-07-17 20:10:18.475] [2568] [HailoRT] [info] [multi_io_elements.cpp:135] [create] Created (NmsPPMuxEl0YOLOV8-Post-Process | Op YOLOV8, Name: YOLOV8-Post-Process, Score threshold: 0.300, IoU threshold: 0.45, Classes: 80, Max bboxes per class: 100, Image height: 640, Image width: 640)
[2026-07-17 20:10:18.475] [2568] [HailoRT] [info] [queue_elements.cpp:942] [create] Created (MultiPushQEl0YOLOV8-Post-Process | timeout: 10s)
[2026-07-17 20:10:18.475] [2568] [HailoRT] [info] [edge_elements.cpp:187] [create] Created (LastAsyncEl0NmsPPMuxEl0YOLOV8-Post-Process)
[2026-07-17 20:10:18.475] [2568] [HailoRT] [info] [pipeline.cpp:891] [print_deep_description] EntryPushQEl0yolov8s/input_layer1 | inputs: user | outputs: PreInferEl1yolov8s/input_layer1(running in thread_id: 2710)
[2026-07-17 20:10:18.475] [2568] [HailoRT] [info] [pipeline.cpp:891] [print_deep_description] PreInferEl1yolov8s/input_layer1 | inputs: EntryPushQEl0yolov8s/input_layer1[0] | outputs: PushQEl1yolov8s/input_layer1
[2026-07-17 20:10:18.475] [2568] [HailoRT] [info] [pipeline.cpp:891] [print_deep_description] PushQEl1yolov8s/input_layer1 | inputs: PreInferEl1yolov8s/input_layer1[0] | outputs: AsyncHwEl(running in thread_id: 2711)
[2026-07-17 20:10:18.475] [2568] [HailoRT] [info] [pipeline.cpp:891] [print_deep_description] AsyncHwEl | inputs: PushQEl1yolov8s/input_layer1[0] | outputs: MultiPushQEl0YOLOV8-Post-Process MultiPushQEl0YOLOV8-Post-Process MultiPushQEl0YOLOV8-Post-Process MultiPushQEl0YOLOV8-Post-Process MultiPushQEl0YOLOV8-Post-Process MultiPushQEl0YOLOV8-Post-Process
[2026-07-17 20:10:18.475] [2568] [HailoRT] [info] [pipeline.cpp:891] [print_deep_description] MultiPushQEl0YOLOV8-Post-Process | inputs: AsyncHwEl[0] AsyncHwEl[1] AsyncHwEl[2] AsyncHwEl[3] AsyncHwEl[4] AsyncHwEl[5] | outputs: NmsPPMuxEl0YOLOV8-Post-Process(running in thread_id: 2712)
[2026-07-17 20:10:18.475] [2568] [HailoRT] [info] [pipeline.cpp:891] [print_deep_description] NmsPPMuxEl0YOLOV8-Post-Process | inputs: MultiPushQEl0YOLOV8-Post-Process[0] | outputs: LastAsyncEl0NmsPPMuxEl0YOLOV8-Post-Process
[2026-07-17 20:10:18.475] [2568] [HailoRT] [info] [pipeline.cpp:891] [print_deep_description] LastAsyncEl0NmsPPMuxEl0YOLOV8-Post-Process | inputs: NmsPPMuxEl0YOLOV8-Post-Process[0] | outputs: user
[2026-07-17 20:10:18.491] [2568] [HailoRT] [info] [hef.cpp:1994] [get_network_group_and_network_name] No name was given. Addressing all networks of default network_group: yolov8s
[2026-07-17 20:11:43.529] [2735] [HailoRT] [info] [device.cpp:51] [Device] OS Version: Linux 6.18.34+rpt-rpi-2712 #1 SMP PREEMPT Debian 1:6.18.34-1+rpt1 (2026-06-09) aarch64
[2026-07-17 20:11:43.529] [2735] [HailoRT] [info] [control.cpp:113] [control__parse_identify_results] firmware_version is: 4.23.0
[2026-07-17 20:11:43.529] [2735] [HailoRT] [info] [control.cpp:113] [control__parse_identify_results] firmware_version is: 4.23.0
[2026-07-17 20:11:43.669] [2739] [HailoRT] [info] [device.cpp:51] [Device] OS Version: Linux 6.18.34+rpt-rpi-2712 #1 SMP PREEMPT Debian 1:6.18.34-1+rpt1 (2026-06-09) aarch64
[2026-07-17 20:11:43.669] [2739] [HailoRT] [info] [control.cpp:113] [control__parse_identify_results] firmware_version is: 4.23.0
[2026-07-17 20:11:43.669] [2739] [HailoRT] [info] [control.cpp:113] [control__parse_identify_results] firmware_version is: 4.23.0
[2026-07-17 20:11:43.742] [2715] [HailoRT] [info] [vdevice.cpp:535] [create] Creating vdevice with params: device_count: 1, scheduling_algorithm: ROUND_ROBIN, multi_process_service: false
[2026-07-17 20:11:43.752] [2715] [HailoRT] [info] [device.cpp:51] [Device] OS Version: Linux 6.18.34+rpt-rpi-2712 #1 SMP PREEMPT Debian 1:6.18.34-1+rpt1 (2026-06-09) aarch64
[2026-07-17 20:11:43.753] [2715] [HailoRT] [info] [control.cpp:113] [control__parse_identify_results] firmware_version is: 4.23.0
[2026-07-17 20:11:43.753] [2715] [HailoRT] [info] [vdevice.cpp:682] [create] VDevice Infos: 0001:01:00.0
[2026-07-17 20:11:43.762] [2715] [HailoRT] [info] [hef.cpp:1994] [get_network_group_and_network_name] No name was given. Addressing all networks of default network_group: yolov8s
[2026-07-17 20:11:43.762] [2715] [HailoRT] [info] [hef.cpp:1994] [get_network_group_and_network_name] No name was given. Addressing all networks of default network_group: yolov8s
[2026-07-17 20:11:43.949] [2758] [HailoRT] [info] [internal_buffer_manager.cpp:77] [print_execution_results] Planned internal buffer memory: CMA=0 CMA-Desc=393216 Pinned=4099072. memory to edge layer usage factor is 1
[2026-07-17 20:11:43.950] [2758] [HailoRT] [info] [internal_buffer_manager.cpp:86] [print_execution_results] Default Internal buffer planner executed successfully
[2026-07-17 20:11:44.013] [2758] [HailoRT] [info] [device_internal.cpp:57] [configure] Configuring HEF took 79.528681 milliseconds
[2026-07-17 20:11:44.013] [2758] [HailoRT] [info] [vdevice.cpp:780] [configure] Configuring HEF on VDevice took 83.228332 milliseconds
[2026-07-17 20:11:44.013] [2758] [HailoRT] [info] [infer_model.cpp:417] [configure] Configuring network group 'yolov8s' with params: batch size: 2, power mode: PERFORMANCE, latency: NONE
[2026-07-17 20:11:44.013] [2758] [HailoRT] [info] [multi_io_elements.cpp:754] [create] Created (AsyncHwEl)
[2026-07-17 20:11:44.013] [2758] [HailoRT] [info] [queue_elements.cpp:450] [create] Created (EntryPushQEl0yolov8s/input_layer1 | timeout: 10s)
[2026-07-17 20:11:44.013] [2758] [HailoRT] [info] [filter_elements.cpp:101] [create] Created (PreInferEl1yolov8s/input_layer1 | Reorder - src_order: RGB4, src_shape: (640, 640, 3), dst_order: NHCW, dst_shape: (640, 640, 3))
[2026-07-17 20:11:44.013] [2758] [HailoRT] [info] [queue_elements.cpp:450] [create] Created (PushQEl1yolov8s/input_layer1 | timeout: 10s)
[2026-07-17 20:11:44.013] [2758] [HailoRT] [info] [multi_io_elements.cpp:135] [create] Created (NmsPPMuxEl0YOLOV8-Post-Process | Op YOLOV8, Name: YOLOV8-Post-Process, Score threshold: 0.300, IoU threshold: 0.45, Classes: 80, Max bboxes per class: 100, Image height: 640, Image width: 640)
[2026-07-17 20:11:44.014] [2758] [HailoRT] [info] [queue_elements.cpp:942] [create] Created (MultiPushQEl0YOLOV8-Post-Process | timeout: 10s)
[2026-07-17 20:11:44.014] [2758] [HailoRT] [info] [edge_elements.cpp:187] [create] Created (LastAsyncEl0NmsPPMuxEl0YOLOV8-Post-Process)
[2026-07-17 20:11:44.014] [2758] [HailoRT] [info] [pipeline.cpp:891] [print_deep_description] EntryPushQEl0yolov8s/input_layer1 | inputs: user | outputs: PreInferEl1yolov8s/input_layer1(running in thread_id: 2779)
[2026-07-17 20:11:44.014] [2758] [HailoRT] [info] [pipeline.cpp:891] [print_deep_description] PreInferEl1yolov8s/input_layer1 | inputs: EntryPushQEl0yolov8s/input_layer1[0] | outputs: PushQEl1yolov8s/input_layer1
[2026-07-17 20:11:44.014] [2758] [HailoRT] [info] [pipeline.cpp:891] [print_deep_description] PushQEl1yolov8s/input_layer1 | inputs: PreInferEl1yolov8s/input_layer1[0] | outputs: AsyncHwEl(running in thread_id: 2780)
[2026-07-17 20:11:44.014] [2758] [HailoRT] [info] [pipeline.cpp:891] [print_deep_description] AsyncHwEl | inputs: PushQEl1yolov8s/input_layer1[0] | outputs: MultiPushQEl0YOLOV8-Post-Process MultiPushQEl0YOLOV8-Post-Process MultiPushQEl0YOLOV8-Post-Process MultiPushQEl0YOLOV8-Post-Process MultiPushQEl0YOLOV8-Post-Process MultiPushQEl0YOLOV8-Post-Process
[2026-07-17 20:11:44.014] [2758] [HailoRT] [info] [pipeline.cpp:891] [print_deep_description] MultiPushQEl0YOLOV8-Post-Process | inputs: AsyncHwEl[0] AsyncHwEl[1] AsyncHwEl[2] AsyncHwEl[3] AsyncHwEl[4] AsyncHwEl[5] | outputs: NmsPPMuxEl0YOLOV8-Post-Process(running in thread_id: 2781)
[2026-07-17 20:11:44.014] [2758] [HailoRT] [info] [pipeline.cpp:891] [print_deep_description] NmsPPMuxEl0YOLOV8-Post-Process | inputs: MultiPushQEl0YOLOV8-Post-Process[0] | outputs: LastAsyncEl0NmsPPMuxEl0YOLOV8-Post-Process
[2026-07-17 20:11:44.014] [2758] [HailoRT] [info] [pipeline.cpp:891] [print_deep_description] LastAsyncEl0NmsPPMuxEl0YOLOV8-Post-Process | inputs: NmsPPMuxEl0YOLOV8-Post-Process[0] | outputs: user
[2026-07-17 20:11:44.030] [2758] [HailoRT] [info] [hef.cpp:1994] [get_network_group_and_network_name] No name was given. Addressing all networks of default network_group: yolov8s
[2026-07-17 20:11:55.941] [2786] [HailoRT] [info] [device.cpp:51] [Device] OS Version: Linux 6.18.34+rpt-rpi-2712 #1 SMP PREEMPT Debian 1:6.18.34-1+rpt1 (2026-06-09) aarch64
[2026-07-17 20:11:55.941] [2786] [HailoRT] [info] [control.cpp:113] [control__parse_identify_results] firmware_version is: 4.23.0
[2026-07-17 20:11:55.941] [2786] [HailoRT] [info] [control.cpp:113] [control__parse_identify_results] firmware_version is: 4.23.0
[2026-07-17 20:11:55.630] [2715] [HailoRT] [info] [async_infer_runner.cpp:86] [shutdown] Pipeline was aborted. Shutting it down
[2026-07-17 20:11:55.631] [2715] [HailoRT] [info] [queue_elements.cpp:1131] [execute_deactivate] enqueue() in element MultiPushQEl0YOLOV8-Post-Process was aborted, got status = HAILO_SHUTDOWN_EVENT_SIGNALED(57)
[2026-07-17 20:11:55.631] [2715] [HailoRT] [info] [queue_elements.cpp:1131] [execute_deactivate] enqueue() in element MultiPushQEl0YOLOV8-Post-Process was aborted, got status = HAILO_SHUTDOWN_EVENT_SIGNALED(57)
[2026-07-17 20:11:55.631] [2715] [HailoRT] [info] [queue_elements.cpp:1131] [execute_deactivate] enqueue() in element MultiPushQEl0YOLOV8-Post-Process was aborted, got status = HAILO_SHUTDOWN_EVENT_SIGNALED(57)
[2026-07-17 20:11:55.631] [2715] [HailoRT] [info] [queue_elements.cpp:1131] [execute_deactivate] enqueue() in element MultiPushQEl0YOLOV8-Post-Process was aborted, got status = HAILO_SHUTDOWN_EVENT_SIGNALED(57)
[2026-07-17 20:11:55.631] [2715] [HailoRT] [info] [queue_elements.cpp:1131] [execute_deactivate] enqueue() in element MultiPushQEl0YOLOV8-Post-Process was aborted, got status = HAILO_SHUTDOWN_EVENT_SIGNALED(57)
[2026-07-17 20:11:55.631] [2715] [HailoRT] [info] [queue_elements.cpp:1131] [execute_deactivate] enqueue() in element MultiPushQEl0YOLOV8-Post-Process was aborted, got status = HAILO_SHUTDOWN_EVENT_SIGNALED(57)
[2026-07-17 20:11:55.631] [2715] [HailoRT] [info] [queue_elements.cpp:570] [execute_deactivate] enqueue() in element PushQEl1yolov8s/input_layer1 was aborted, got status = HAILO_SHUTDOWN_EVENT_SIGNALED(57)
[2026-07-17 20:11:55.631] [2715] [HailoRT] [info] [queue_elements.cpp:570] [execute_deactivate] enqueue() in element EntryPushQEl0yolov8s/input_layer1 was aborted, got status = HAILO_SHUTDOWN_EVENT_SIGNALED(57)
[2026-07-17 20:11:55.631] [2715] [HailoRT] [info] [queue_elements.cpp:46] [~BaseQueueElement] Queue element EntryPushQEl0yolov8s/input_layer1 has 0 frames in his Queue on destruction
[2026-07-17 20:11:55.631] [2715] [HailoRT] [info] [queue_elements.cpp:46] [~BaseQueueElement] Queue element PushQEl1yolov8s/input_layer1 has 0 frames in his Queue on destruction
[2026-07-17 20:11:56.014] [2715] [HailoRT] [info] [vdevice.cpp:535] [create] Creating vdevice with params: device_count: 1, scheduling_algorithm: ROUND_ROBIN, multi_process_service: false
[2026-07-17 20:11:56.027] [2715] [HailoRT] [info] [device.cpp:51] [Device] OS Version: Linux 6.18.34+rpt-rpi-2712 #1 SMP PREEMPT Debian 1:6.18.34-1+rpt1 (2026-06-09) aarch64
[2026-07-17 20:11:56.027] [2715] [HailoRT] [info] [control.cpp:113] [control__parse_identify_results] firmware_version is: 4.23.0
[2026-07-17 20:11:56.027] [2715] [HailoRT] [info] [vdevice.cpp:682] [create] VDevice Infos: 0001:01:00.0
[2026-07-17 20:11:56.037] [2715] [HailoRT] [info] [hef.cpp:1994] [get_network_group_and_network_name] No name was given. Addressing all networks of default network_group: yolov8s
[2026-07-17 20:11:56.037] [2715] [HailoRT] [info] [hef.cpp:1994] [get_network_group_and_network_name] No name was given. Addressing all networks of default network_group: yolov8s
[2026-07-17 20:11:56.168] [2758] [HailoRT] [info] [internal_buffer_manager.cpp:77] [print_execution_results] Planned internal buffer memory: CMA=0 CMA-Desc=393216 Pinned=4099072. memory to edge layer usage factor is 1
[2026-07-17 20:11:56.168] [2758] [HailoRT] [info] [internal_buffer_manager.cpp:86] [print_execution_results] Default Internal buffer planner executed successfully
[2026-07-17 20:11:56.236] [2758] [HailoRT] [info] [device_internal.cpp:57] [configure] Configuring HEF took 86.67993 milliseconds
[2026-07-17 20:11:56.240] [2758] [HailoRT] [info] [vdevice.cpp:780] [configure] Configuring HEF on VDevice took 90.595377 milliseconds
[2026-07-17 20:11:56.240] [2758] [HailoRT] [info] [infer_model.cpp:417] [configure] Configuring network group 'yolov8s' with params: batch size: 2, power mode: PERFORMANCE, latency: NONE
[2026-07-17 20:11:56.240] [2758] [HailoRT] [info] [multi_io_elements.cpp:754] [create] Created (AsyncHwEl)
[2026-07-17 20:11:56.243] [2758] [HailoRT] [info] [queue_elements.cpp:450] [create] Created (EntryPushQEl0yolov8s/input_layer1 | timeout: 10s)
[2026-07-17 20:11:56.243] [2758] [HailoRT] [info] [filter_elements.cpp:101] [create] Created (PreInferEl1yolov8s/input_layer1 | Reorder - src_order: RGB4, src_shape: (640, 640, 3), dst_order: NHCW, dst_shape: (640, 640, 3))
[2026-07-17 20:11:56.244] [2758] [HailoRT] [info] [queue_elements.cpp:450] [create] Created (PushQEl1yolov8s/input_layer1 | timeout: 10s)
[2026-07-17 20:11:56.244] [2758] [HailoRT] [info] [multi_io_elements.cpp:135] [create] Created (NmsPPMuxEl0YOLOV8-Post-Process | Op YOLOV8, Name: YOLOV8-Post-Process, Score threshold: 0.300, IoU threshold: 0.45, Classes: 80, Max bboxes per class: 100, Image height: 640, Image width: 640)
[2026-07-17 20:11:56.245] [2758] [HailoRT] [info] [queue_elements.cpp:942] [create] Created (MultiPushQEl0YOLOV8-Post-Process | timeout: 10s)
[2026-07-17 20:11:56.245] [2758] [HailoRT] [info] [edge_elements.cpp:187] [create] Created (LastAsyncEl0NmsPPMuxEl0YOLOV8-Post-Process)
[2026-07-17 20:11:56.245] [2758] [HailoRT] [info] [pipeline.cpp:891] [print_deep_description] EntryPushQEl0yolov8s/input_layer1 | inputs: user | outputs: PreInferEl1yolov8s/input_layer1(running in thread_id: 2801)
[2026-07-17 20:11:56.245] [2758] [HailoRT] [info] [pipeline.cpp:891] [print_deep_description] PreInferEl1yolov8s/input_layer1 | inputs: EntryPushQEl0yolov8s/input_layer1[0] | outputs: PushQEl1yolov8s/input_layer1
[2026-07-17 20:11:56.245] [2758] [HailoRT] [info] [pipeline.cpp:891] [print_deep_description] PushQEl1yolov8s/input_layer1 | inputs: PreInferEl1yolov8s/input_layer1[0] | outputs: AsyncHwEl(running in thread_id: 2802)
[2026-07-17 20:11:56.245] [2758] [HailoRT] [info] [pipeline.cpp:891] [print_deep_description] AsyncHwEl | inputs: PushQEl1yolov8s/input_layer1[0] | outputs: MultiPushQEl0YOLOV8-Post-Process MultiPushQEl0YOLOV8-Post-Process MultiPushQEl0YOLOV8-Post-Process MultiPushQEl0YOLOV8-Post-Process MultiPushQEl0YOLOV8-Post-Process MultiPushQEl0YOLOV8-Post-Process
[2026-07-17 20:11:56.245] [2758] [HailoRT] [info] [pipeline.cpp:891] [print_deep_description] MultiPushQEl0YOLOV8-Post-Process | inputs: AsyncHwEl[0] AsyncHwEl[1] AsyncHwEl[2] AsyncHwEl[3] AsyncHwEl[4] AsyncHwEl[5] | outputs: NmsPPMuxEl0YOLOV8-Post-Process(running in thread_id: 2803)
[2026-07-17 20:11:56.245] [2758] [HailoRT] [info] [pipeline.cpp:891] [print_deep_description] NmsPPMuxEl0YOLOV8-Post-Process | inputs: MultiPushQEl0YOLOV8-Post-Process[0] | outputs: LastAsyncEl0NmsPPMuxEl0YOLOV8-Post-Process
[2026-07-17 20:11:56.245] [2758] [HailoRT] [info] [pipeline.cpp:891] [print_deep_description] LastAsyncEl0NmsPPMuxEl0YOLOV8-Post-Process | inputs: NmsPPMuxEl0YOLOV8-Post-Process[0] | outputs: user
[2026-07-17 20:11:56.262] [2758] [HailoRT] [info] [hef.cpp:1994] [get_network_group_and_network_name] No name was given. Addressing all networks of default network_group: yolov8s
[2026-07-17 20:11:58.533] [2715] [HailoRT] [info] [async_infer_runner.cpp:86] [shutdown] Pipeline was aborted. Shutting it down
[2026-07-17 20:22:25.453] [2852] [HailoRT] [info] [device.cpp:51] [Device] OS Version: Linux 6.18.34+rpt-rpi-2712 #1 SMP PREEMPT Debian 1:6.18.34-1+rpt1 (2026-06-09) aarch64
[2026-07-17 20:22:25.453] [2852] [HailoRT] [info] [control.cpp:113] [control__parse_identify_results] firmware_version is: 4.23.0
[2026-07-17 20:22:25.453] [2852] [HailoRT] [info] [control.cpp:113] [control__parse_identify_results] firmware_version is: 4.23.0
[2026-07-17 20:22:25.591] [2856] [HailoRT] [info] [device.cpp:51] [Device] OS Version: Linux 6.18.34+rpt-rpi-2712 #1 SMP PREEMPT Debian 1:6.18.34-1+rpt1 (2026-06-09) aarch64
[2026-07-17 20:22:25.591] [2856] [HailoRT] [info] [control.cpp:113] [control__parse_identify_results] firmware_version is: 4.23.0
[2026-07-17 20:22:25.592] [2856] [HailoRT] [info] [control.cpp:113] [control__parse_identify_results] firmware_version is: 4.23.0
[2026-07-17 20:22:25.655] [2832] [HailoRT] [info] [vdevice.cpp:535] [create] Creating vdevice with params: device_count: 1, scheduling_algorithm: ROUND_ROBIN, multi_process_service: false
[2026-07-17 20:22:25.668] [2832] [HailoRT] [info] [device.cpp:51] [Device] OS Version: Linux 6.18.34+rpt-rpi-2712 #1 SMP PREEMPT Debian 1:6.18.34-1+rpt1 (2026-06-09) aarch64
[2026-07-17 20:22:25.668] [2832] [HailoRT] [info] [control.cpp:113] [control__parse_identify_results] firmware_version is: 4.23.0
[2026-07-17 20:22:25.668] [2832] [HailoRT] [info] [vdevice.cpp:682] [create] VDevice Infos: 0001:01:00.0
[2026-07-17 20:22:25.677] [2832] [HailoRT] [info] [hef.cpp:1994] [get_network_group_and_network_name] No name was given. Addressing all networks of default network_group: yolov8s
[2026-07-17 20:22:25.677] [2832] [HailoRT] [info] [hef.cpp:1994] [get_network_group_and_network_name] No name was given. Addressing all networks of default network_group: yolov8s
[2026-07-17 20:22:25.750] [2832] [HailoRT] [info] [internal_buffer_manager.cpp:77] [print_execution_results] Planned internal buffer memory: CMA=0 CMA-Desc=393216 Pinned=4099072. memory to edge layer usage factor is 1
[2026-07-17 20:22:25.750] [2832] [HailoRT] [info] [internal_buffer_manager.cpp:86] [print_execution_results] Default Internal buffer planner executed successfully
[2026-07-17 20:22:25.773] [2832] [HailoRT] [info] [device_internal.cpp:57] [configure] Configuring HEF took 29.319771 milliseconds
[2026-07-17 20:22:25.773] [2832] [HailoRT] [info] [vdevice.cpp:780] [configure] Configuring HEF on VDevice took 29.615844 milliseconds
[2026-07-17 20:22:25.773] [2832] [HailoRT] [info] [infer_model.cpp:417] [configure] Configuring network group 'yolov8s' with params: batch size: 2, power mode: PERFORMANCE, latency: NONE
[2026-07-17 20:22:25.773] [2832] [HailoRT] [info] [multi_io_elements.cpp:754] [create] Created (AsyncHwEl)
[2026-07-17 20:22:25.773] [2832] [HailoRT] [info] [queue_elements.cpp:450] [create] Created (EntryPushQEl0yolov8s/input_layer1 | timeout: 10s)
[2026-07-17 20:22:25.773] [2832] [HailoRT] [info] [filter_elements.cpp:101] [create] Created (PreInferEl1yolov8s/input_layer1 | Reorder - src_order: RGB4, src_shape: (640, 640, 3), dst_order: NHCW, dst_shape: (640, 640, 3))
[2026-07-17 20:22:25.773] [2832] [HailoRT] [info] [queue_elements.cpp:450] [create] Created (PushQEl1yolov8s/input_layer1 | timeout: 10s)
[2026-07-17 20:22:25.773] [2832] [HailoRT] [info] [multi_io_elements.cpp:135] [create] Created (NmsPPMuxEl0YOLOV8-Post-Process | Op YOLOV8, Name: YOLOV8-Post-Process, Score threshold: 0.300, IoU threshold: 0.45, Classes: 80, Max bboxes per class: 100, Image height: 640, Image width: 640)
[2026-07-17 20:22:25.773] [2832] [HailoRT] [info] [queue_elements.cpp:942] [create] Created (MultiPushQEl0YOLOV8-Post-Process | timeout: 10s)
[2026-07-17 20:22:25.773] [2832] [HailoRT] [info] [edge_elements.cpp:187] [create] Created (LastAsyncEl0NmsPPMuxEl0YOLOV8-Post-Process)
[2026-07-17 20:22:25.773] [2832] [HailoRT] [info] [pipeline.cpp:891] [print_deep_description] EntryPushQEl0yolov8s/input_layer1 | inputs: user | outputs: PreInferEl1yolov8s/input_layer1(running in thread_id: 2891)
[2026-07-17 20:22:25.773] [2832] [HailoRT] [info] [pipeline.cpp:891] [print_deep_description] PreInferEl1yolov8s/input_layer1 | inputs: EntryPushQEl0yolov8s/input_layer1[0] | outputs: PushQEl1yolov8s/input_layer1
[2026-07-17 20:22:25.773] [2832] [HailoRT] [info] [pipeline.cpp:891] [print_deep_description] PushQEl1yolov8s/input_layer1 | inputs: PreInferEl1yolov8s/input_layer1[0] | outputs: AsyncHwEl(running in thread_id: 2892)
[2026-07-17 20:22:25.773] [2832] [HailoRT] [info] [pipeline.cpp:891] [print_deep_description] AsyncHwEl | inputs: PushQEl1yolov8s/input_layer1[0] | outputs: MultiPushQEl0YOLOV8-Post-Process MultiPushQEl0YOLOV8-Post-Process MultiPushQEl0YOLOV8-Post-Process MultiPushQEl0YOLOV8-Post-Process MultiPushQEl0YOLOV8-Post-Process MultiPushQEl0YOLOV8-Post-Process
[2026-07-17 20:22:25.773] [2832] [HailoRT] [info] [pipeline.cpp:891] [print_deep_description] MultiPushQEl0YOLOV8-Post-Process | inputs: AsyncHwEl[0] AsyncHwEl[1] AsyncHwEl[2] AsyncHwEl[3] AsyncHwEl[4] AsyncHwEl[5] | outputs: NmsPPMuxEl0YOLOV8-Post-Process(running in thread_id: 2893)
[2026-07-17 20:22:25.773] [2832] [HailoRT] [info] [pipeline.cpp:891] [print_deep_description] NmsPPMuxEl0YOLOV8-Post-Process | inputs: MultiPushQEl0YOLOV8-Post-Process[0] | outputs: LastAsyncEl0NmsPPMuxEl0YOLOV8-Post-Process
[2026-07-17 20:22:25.773] [2832] [HailoRT] [info] [pipeline.cpp:891] [print_deep_description] LastAsyncEl0NmsPPMuxEl0YOLOV8-Post-Process | inputs: NmsPPMuxEl0YOLOV8-Post-Process[0] | outputs: user
[2026-07-17 20:22:26.144] [2882] [HailoRT] [info] [hef.cpp:1994] [get_network_group_and_network_name] No name was given. Addressing all networks of default network_group: yolov8s
[2026-07-18 23:41:45.110] [2068] [HailoRT] [info] [device.cpp:51] [Device] OS Version: Linux 6.18.34+rpt-rpi-2712 #1 SMP PREEMPT Debian 1:6.18.34-1+rpt1 (2026-06-09) aarch64
[2026-07-18 23:41:45.110] [2068] [HailoRT] [info] [control.cpp:113] [control__parse_identify_results] firmware_version is: 4.23.0
[2026-07-18 23:41:45.111] [2068] [HailoRT] [info] [control.cpp:113] [control__parse_identify_results] firmware_version is: 4.23.0
[2026-07-18 23:41:45.578] [2074] [HailoRT] [info] [device.cpp:51] [Device] OS Version: Linux 6.18.34+rpt-rpi-2712 #1 SMP PREEMPT Debian 1:6.18.34-1+rpt1 (2026-06-09) aarch64
[2026-07-18 23:41:45.578] [2074] [HailoRT] [info] [control.cpp:113] [control__parse_identify_results] firmware_version is: 4.23.0
[2026-07-18 23:41:45.578] [2074] [HailoRT] [info] [control.cpp:113] [control__parse_identify_results] firmware_version is: 4.23.0
[2026-07-18 23:41:45.682] [2048] [HailoRT] [info] [vdevice.cpp:535] [create] Creating vdevice with params: device_count: 1, scheduling_algorithm: ROUND_ROBIN, multi_process_service: false
[2026-07-18 23:41:45.694] [2048] [HailoRT] [info] [device.cpp:51] [Device] OS Version: Linux 6.18.34+rpt-rpi-2712 #1 SMP PREEMPT Debian 1:6.18.34-1+rpt1 (2026-06-09) aarch64
[2026-07-18 23:41:45.694] [2048] [HailoRT] [info] [control.cpp:113] [control__parse_identify_results] firmware_version is: 4.23.0
[2026-07-18 23:41:45.694] [2048] [HailoRT] [info] [vdevice.cpp:682] [create] VDevice Infos: 0001:01:00.0
[2026-07-18 23:41:45.784] [2048] [HailoRT] [info] [hef.cpp:1994] [get_network_group_and_network_name] No name was given. Addressing all networks of default network_group: yolov8s
[2026-07-18 23:41:45.784] [2048] [HailoRT] [info] [hef.cpp:1994] [get_network_group_and_network_name] No name was given. Addressing all networks of default network_group: yolov8s
[2026-07-18 23:41:46.066] [2093] [HailoRT] [info] [internal_buffer_manager.cpp:77] [print_execution_results] Planned internal buffer memory: CMA=0 CMA-Desc=393216 Pinned=4099072. memory to edge layer usage factor is 1
[2026-07-18 23:41:46.066] [2093] [HailoRT] [info] [internal_buffer_manager.cpp:86] [print_execution_results] Default Internal buffer planner executed successfully
[2026-07-18 23:41:46.133] [2093] [HailoRT] [info] [device_internal.cpp:57] [configure] Configuring HEF took 83.838998 milliseconds
[2026-07-18 23:41:46.133] [2093] [HailoRT] [info] [vdevice.cpp:780] [configure] Configuring HEF on VDevice took 86.160548 milliseconds
[2026-07-18 23:41:46.133] [2093] [HailoRT] [info] [infer_model.cpp:417] [configure] Configuring network group 'yolov8s' with params: batch size: 2, power mode: PERFORMANCE, latency: NONE
[2026-07-18 23:41:46.133] [2093] [HailoRT] [info] [multi_io_elements.cpp:754] [create] Created (AsyncHwEl)
[2026-07-18 23:41:46.134] [2093] [HailoRT] [info] [queue_elements.cpp:450] [create] Created (EntryPushQEl0yolov8s/input_layer1 | timeout: 10s)
[2026-07-18 23:41:46.134] [2093] [HailoRT] [info] [filter_elements.cpp:101] [create] Created (PreInferEl1yolov8s/input_layer1 | Reorder - src_order: RGB4, src_shape: (640, 640, 3), dst_order: NHCW, dst_shape: (640, 640, 3))
[2026-07-18 23:41:46.135] [2093] [HailoRT] [info] [queue_elements.cpp:450] [create] Created (PushQEl1yolov8s/input_layer1 | timeout: 10s)
[2026-07-18 23:41:46.135] [2093] [HailoRT] [info] [multi_io_elements.cpp:135] [create] Created (NmsPPMuxEl0YOLOV8-Post-Process | Op YOLOV8, Name: YOLOV8-Post-Process, Score threshold: 0.300, IoU threshold: 0.45, Classes: 80, Max bboxes per class: 100, Image height: 640, Image width: 640)
[2026-07-18 23:41:46.136] [2093] [HailoRT] [info] [queue_elements.cpp:942] [create] Created (MultiPushQEl0YOLOV8-Post-Process | timeout: 10s)
[2026-07-18 23:41:46.136] [2093] [HailoRT] [info] [edge_elements.cpp:187] [create] Created (LastAsyncEl0NmsPPMuxEl0YOLOV8-Post-Process)
[2026-07-18 23:41:46.136] [2093] [HailoRT] [info] [pipeline.cpp:891] [print_deep_description] EntryPushQEl0yolov8s/input_layer1 | inputs: user | outputs: PreInferEl1yolov8s/input_layer1(running in thread_id: 2114)
[2026-07-18 23:41:46.136] [2093] [HailoRT] [info] [pipeline.cpp:891] [print_deep_description] PreInferEl1yolov8s/input_layer1 | inputs: EntryPushQEl0yolov8s/input_layer1[0] | outputs: PushQEl1yolov8s/input_layer1
[2026-07-18 23:41:46.136] [2093] [HailoRT] [info] [pipeline.cpp:891] [print_deep_description] PushQEl1yolov8s/input_layer1 | inputs: PreInferEl1yolov8s/input_layer1[0] | outputs: AsyncHwEl(running in thread_id: 2115)
[2026-07-18 23:41:46.136] [2093] [HailoRT] [info] [pipeline.cpp:891] [print_deep_description] AsyncHwEl | inputs: PushQEl1yolov8s/input_layer1[0] | outputs: MultiPushQEl0YOLOV8-Post-Process MultiPushQEl0YOLOV8-Post-Process MultiPushQEl0YOLOV8-Post-Process MultiPushQEl0YOLOV8-Post-Process MultiPushQEl0YOLOV8-Post-Process MultiPushQEl0YOLOV8-Post-Process
[2026-07-18 23:41:46.136] [2093] [HailoRT] [info] [pipeline.cpp:891] [print_deep_description] MultiPushQEl0YOLOV8-Post-Process | inputs: AsyncHwEl[0] AsyncHwEl[1] AsyncHwEl[2] AsyncHwEl[3] AsyncHwEl[4] AsyncHwEl[5] | outputs: NmsPPMuxEl0YOLOV8-Post-Process(running in thread_id: 2116)
[2026-07-18 23:41:46.136] [2093] [HailoRT] [info] [pipeline.cpp:891] [print_deep_description] NmsPPMuxEl0YOLOV8-Post-Process | inputs: MultiPushQEl0YOLOV8-Post-Process[0] | outputs: LastAsyncEl0NmsPPMuxEl0YOLOV8-Post-Process
[2026-07-18 23:41:46.136] [2093] [HailoRT] [info] [pipeline.cpp:891] [print_deep_description] LastAsyncEl0NmsPPMuxEl0YOLOV8-Post-Process | inputs: NmsPPMuxEl0YOLOV8-Post-Process[0] | outputs: user
[2026-07-18 23:41:46.157] [2093] [HailoRT] [info] [hef.cpp:1994] [get_network_group_and_network_name] No name was given. Addressing all networks of default network_group: yolov8s
[2026-07-18 23:41:58.090] [2120] [HailoRT] [info] [device.cpp:51] [Device] OS Version: Linux 6.18.34+rpt-rpi-2712 #1 SMP PREEMPT Debian 1:6.18.34-1+rpt1 (2026-06-09) aarch64
[2026-07-18 23:41:58.090] [2120] [HailoRT] [info] [control.cpp:113] [control__parse_identify_results] firmware_version is: 4.23.0
[2026-07-18 23:41:58.091] [2120] [HailoRT] [info] [control.cpp:113] [control__parse_identify_results] firmware_version is: 4.23.0
[2026-07-18 23:41:57.763] [2048] [HailoRT] [info] [async_infer_runner.cpp:86] [shutdown] Pipeline was aborted. Shutting it down
[2026-07-18 23:41:57.763] [2048] [HailoRT] [info] [queue_elements.cpp:1131] [execute_deactivate] enqueue() in element MultiPushQEl0YOLOV8-Post-Process was aborted, got status = HAILO_SHUTDOWN_EVENT_SIGNALED(57)
[2026-07-18 23:41:57.763] [2048] [HailoRT] [info] [queue_elements.cpp:1131] [execute_deactivate] enqueue() in element MultiPushQEl0YOLOV8-Post-Process was aborted, got status = HAILO_SHUTDOWN_EVENT_SIGNALED(57)
[2026-07-18 23:41:57.763] [2048] [HailoRT] [info] [queue_elements.cpp:1131] [execute_deactivate] enqueue() in element MultiPushQEl0YOLOV8-Post-Process was aborted, got status = HAILO_SHUTDOWN_EVENT_SIGNALED(57)
[2026-07-18 23:41:57.763] [2048] [HailoRT] [info] [queue_elements.cpp:1131] [execute_deactivate] enqueue() in element MultiPushQEl0YOLOV8-Post-Process was aborted, got status = HAILO_SHUTDOWN_EVENT_SIGNALED(57)
[2026-07-18 23:41:57.763] [2048] [HailoRT] [info] [queue_elements.cpp:1131] [execute_deactivate] enqueue() in element MultiPushQEl0YOLOV8-Post-Process was aborted, got status = HAILO_SHUTDOWN_EVENT_SIGNALED(57)
[2026-07-18 23:41:57.763] [2048] [HailoRT] [info] [queue_elements.cpp:1131] [execute_deactivate] enqueue() in element MultiPushQEl0YOLOV8-Post-Process was aborted, got status = HAILO_SHUTDOWN_EVENT_SIGNALED(57)
[2026-07-18 23:41:57.763] [2048] [HailoRT] [info] [queue_elements.cpp:570] [execute_deactivate] enqueue() in element PushQEl1yolov8s/input_layer1 was aborted, got status = HAILO_SHUTDOWN_EVENT_SIGNALED(57)
[2026-07-18 23:41:57.763] [2048] [HailoRT] [info] [queue_elements.cpp:570] [execute_deactivate] enqueue() in element EntryPushQEl0yolov8s/input_layer1 was aborted, got status = HAILO_SHUTDOWN_EVENT_SIGNALED(57)
[2026-07-18 23:41:57.763] [2048] [HailoRT] [info] [queue_elements.cpp:46] [~BaseQueueElement] Queue element EntryPushQEl0yolov8s/input_layer1 has 0 frames in his Queue on destruction
[2026-07-18 23:41:57.763] [2048] [HailoRT] [info] [queue_elements.cpp:46] [~BaseQueueElement] Queue element PushQEl1yolov8s/input_layer1 has 0 frames in his Queue on destruction
[2026-07-18 23:41:58.156] [2048] [HailoRT] [info] [vdevice.cpp:535] [create] Creating vdevice with params: device_count: 1, scheduling_algorithm: ROUND_ROBIN, multi_process_service: false
[2026-07-18 23:41:58.168] [2048] [HailoRT] [info] [device.cpp:51] [Device] OS Version: Linux 6.18.34+rpt-rpi-2712 #1 SMP PREEMPT Debian 1:6.18.34-1+rpt1 (2026-06-09) aarch64
[2026-07-18 23:41:58.168] [2048] [HailoRT] [info] [control.cpp:113] [control__parse_identify_results] firmware_version is: 4.23.0
[2026-07-18 23:41:58.168] [2048] [HailoRT] [info] [vdevice.cpp:682] [create] VDevice Infos: 0001:01:00.0
[2026-07-18 23:41:58.180] [2048] [HailoRT] [info] [hef.cpp:1994] [get_network_group_and_network_name] No name was given. Addressing all networks of default network_group: yolov8s
[2026-07-18 23:41:58.180] [2048] [HailoRT] [info] [hef.cpp:1994] [get_network_group_and_network_name] No name was given. Addressing all networks of default network_group: yolov8s
[2026-07-18 23:41:58.329] [2093] [HailoRT] [info] [internal_buffer_manager.cpp:77] [print_execution_results] Planned internal buffer memory: CMA=0 CMA-Desc=393216 Pinned=4099072. memory to edge layer usage factor is 1
[2026-07-18 23:41:58.329] [2093] [HailoRT] [info] [internal_buffer_manager.cpp:86] [print_execution_results] Default Internal buffer planner executed successfully
[2026-07-18 23:41:58.384] [2093] [HailoRT] [info] [device_internal.cpp:57] [configure] Configuring HEF took 82.178194 milliseconds
[2026-07-18 23:41:58.384] [2093] [HailoRT] [info] [vdevice.cpp:780] [configure] Configuring HEF on VDevice took 85.452046 milliseconds
[2026-07-18 23:41:58.384] [2093] [HailoRT] [info] [infer_model.cpp:417] [configure] Configuring network group 'yolov8s' with params: batch size: 2, power mode: PERFORMANCE, latency: NONE
[2026-07-18 23:41:58.384] [2093] [HailoRT] [info] [multi_io_elements.cpp:754] [create] Created (AsyncHwEl)
[2026-07-18 23:41:58.385] [2093] [HailoRT] [info] [queue_elements.cpp:450] [create] Created (EntryPushQEl0yolov8s/input_layer1 | timeout: 10s)
[2026-07-18 23:41:58.385] [2093] [HailoRT] [info] [filter_elements.cpp:101] [create] Created (PreInferEl1yolov8s/input_layer1 | Reorder - src_order: RGB4, src_shape: (640, 640, 3), dst_order: NHCW, dst_shape: (640, 640, 3))
[2026-07-18 23:41:58.385] [2093] [HailoRT] [info] [queue_elements.cpp:450] [create] Created (PushQEl1yolov8s/input_layer1 | timeout: 10s)
[2026-07-18 23:41:58.385] [2093] [HailoRT] [info] [multi_io_elements.cpp:135] [create] Created (NmsPPMuxEl0YOLOV8-Post-Process | Op YOLOV8, Name: YOLOV8-Post-Process, Score threshold: 0.300, IoU threshold: 0.45, Classes: 80, Max bboxes per class: 100, Image height: 640, Image width: 640)
[2026-07-18 23:41:58.385] [2093] [HailoRT] [info] [queue_elements.cpp:942] [create] Created (MultiPushQEl0YOLOV8-Post-Process | timeout: 10s)
[2026-07-18 23:41:58.385] [2093] [HailoRT] [info] [edge_elements.cpp:187] [create] Created (LastAsyncEl0NmsPPMuxEl0YOLOV8-Post-Process)
[2026-07-18 23:41:58.385] [2093] [HailoRT] [info] [pipeline.cpp:891] [print_deep_description] EntryPushQEl0yolov8s/input_layer1 | inputs: user | outputs: PreInferEl1yolov8s/input_layer1(running in thread_id: 2135)
[2026-07-18 23:41:58.385] [2093] [HailoRT] [info] [pipeline.cpp:891] [print_deep_description] PreInferEl1yolov8s/input_layer1 | inputs: EntryPushQEl0yolov8s/input_layer1[0] | outputs: PushQEl1yolov8s/input_layer1
[2026-07-18 23:41:58.385] [2093] [HailoRT] [info] [pipeline.cpp:891] [print_deep_description] PushQEl1yolov8s/input_layer1 | inputs: PreInferEl1yolov8s/input_layer1[0] | outputs: AsyncHwEl(running in thread_id: 2136)
[2026-07-18 23:41:58.385] [2093] [HailoRT] [info] [pipeline.cpp:891] [print_deep_description] AsyncHwEl | inputs: PushQEl1yolov8s/input_layer1[0] | outputs: MultiPushQEl0YOLOV8-Post-Process MultiPushQEl0YOLOV8-Post-Process MultiPushQEl0YOLOV8-Post-Process MultiPushQEl0YOLOV8-Post-Process MultiPushQEl0YOLOV8-Post-Process MultiPushQEl0YOLOV8-Post-Process
[2026-07-18 23:41:58.385] [2093] [HailoRT] [info] [pipeline.cpp:891] [print_deep_description] MultiPushQEl0YOLOV8-Post-Process | inputs: AsyncHwEl[0] AsyncHwEl[1] AsyncHwEl[2] AsyncHwEl[3] AsyncHwEl[4] AsyncHwEl[5] | outputs: NmsPPMuxEl0YOLOV8-Post-Process(running in thread_id: 2137)
[2026-07-18 23:41:58.385] [2093] [HailoRT] [info] [pipeline.cpp:891] [print_deep_description] NmsPPMuxEl0YOLOV8-Post-Process | inputs: MultiPushQEl0YOLOV8-Post-Process[0] | outputs: LastAsyncEl0NmsPPMuxEl0YOLOV8-Post-Process
[2026-07-18 23:41:58.385] [2093] [HailoRT] [info] [pipeline.cpp:891] [print_deep_description] LastAsyncEl0NmsPPMuxEl0YOLOV8-Post-Process | inputs: NmsPPMuxEl0YOLOV8-Post-Process[0] | outputs: user
[2026-07-18 23:41:58.399] [2093] [HailoRT] [info] [hef.cpp:1994] [get_network_group_and_network_name] No name was given. Addressing all networks of default network_group: yolov8s
[2026-07-18 23:42:18.654] [2160] [HailoRT] [info] [device.cpp:51] [Device] OS Version: Linux 6.18.34+rpt-rpi-2712 #1 SMP PREEMPT Debian 1:6.18.34-1+rpt1 (2026-06-09) aarch64
[2026-07-18 23:42:18.655] [2160] [HailoRT] [info] [control.cpp:113] [control__parse_identify_results] firmware_version is: 4.23.0
[2026-07-18 23:42:18.655] [2160] [HailoRT] [info] [control.cpp:113] [control__parse_identify_results] firmware_version is: 4.23.0
[2026-07-18 23:42:18.789] [2164] [HailoRT] [info] [device.cpp:51] [Device] OS Version: Linux 6.18.34+rpt-rpi-2712 #1 SMP PREEMPT Debian 1:6.18.34-1+rpt1 (2026-06-09) aarch64
[2026-07-18 23:42:18.790] [2164] [HailoRT] [info] [control.cpp:113] [control__parse_identify_results] firmware_version is: 4.23.0
[2026-07-18 23:42:18.790] [2164] [HailoRT] [info] [control.cpp:113] [control__parse_identify_results] firmware_version is: 4.23.0
[2026-07-18 23:42:18.846] [2142] [HailoRT] [info] [vdevice.cpp:535] [create] Creating vdevice with params: device_count: 1, scheduling_algorithm: ROUND_ROBIN, multi_process_service: false
[2026-07-18 23:42:18.858] [2142] [HailoRT] [info] [device.cpp:51] [Device] OS Version: Linux 6.18.34+rpt-rpi-2712 #1 SMP PREEMPT Debian 1:6.18.34-1+rpt1 (2026-06-09) aarch64
[2026-07-18 23:42:18.858] [2142] [HailoRT] [info] [control.cpp:113] [control__parse_identify_results] firmware_version is: 4.23.0
[2026-07-18 23:42:18.858] [2142] [HailoRT] [info] [vdevice.cpp:682] [create] VDevice Infos: 0001:01:00.0
[2026-07-18 23:42:18.868] [2142] [HailoRT] [info] [hef.cpp:1994] [get_network_group_and_network_name] No name was given. Addressing all networks of default network_group: yolov8s
[2026-07-18 23:42:18.868] [2142] [HailoRT] [info] [hef.cpp:1994] [get_network_group_and_network_name] No name was given. Addressing all networks of default network_group: yolov8s
[2026-07-18 23:42:18.939] [2142] [HailoRT] [info] [internal_buffer_manager.cpp:77] [print_execution_results] Planned internal buffer memory: CMA=0 CMA-Desc=393216 Pinned=4099072. memory to edge layer usage factor is 1
[2026-07-18 23:42:18.939] [2142] [HailoRT] [info] [internal_buffer_manager.cpp:86] [print_execution_results] Default Internal buffer planner executed successfully
[2026-07-18 23:42:18.962] [2142] [HailoRT] [info] [device_internal.cpp:57] [configure] Configuring HEF took 30.562472 milliseconds
[2026-07-18 23:42:18.963] [2142] [HailoRT] [info] [vdevice.cpp:780] [configure] Configuring HEF on VDevice took 30.889547 milliseconds
[2026-07-18 23:42:18.963] [2142] [HailoRT] [info] [infer_model.cpp:417] [configure] Configuring network group 'yolov8s' with params: batch size: 2, power mode: PERFORMANCE, latency: NONE
[2026-07-18 23:42:18.963] [2142] [HailoRT] [info] [multi_io_elements.cpp:754] [create] Created (AsyncHwEl)
[2026-07-18 23:42:18.963] [2142] [HailoRT] [info] [queue_elements.cpp:450] [create] Created (EntryPushQEl0yolov8s/input_layer1 | timeout: 10s)
[2026-07-18 23:42:18.963] [2142] [HailoRT] [info] [filter_elements.cpp:101] [create] Created (PreInferEl1yolov8s/input_layer1 | Reorder - src_order: RGB4, src_shape: (640, 640, 3), dst_order: NHCW, dst_shape: (640, 640, 3))
[2026-07-18 23:42:18.963] [2142] [HailoRT] [info] [queue_elements.cpp:450] [create] Created (PushQEl1yolov8s/input_layer1 | timeout: 10s)
[2026-07-18 23:42:18.963] [2142] [HailoRT] [info] [multi_io_elements.cpp:135] [create] Created (NmsPPMuxEl0YOLOV8-Post-Process | Op YOLOV8, Name: YOLOV8-Post-Process, Score threshold: 0.300, IoU threshold: 0.45, Classes: 80, Max bboxes per class: 100, Image height: 640, Image width: 640)
[2026-07-18 23:42:18.963] [2142] [HailoRT] [info] [queue_elements.cpp:942] [create] Created (MultiPushQEl0YOLOV8-Post-Process | timeout: 10s)
[2026-07-18 23:42:18.963] [2142] [HailoRT] [info] [edge_elements.cpp:187] [create] Created (LastAsyncEl0NmsPPMuxEl0YOLOV8-Post-Process)
[2026-07-18 23:42:18.963] [2142] [HailoRT] [info] [pipeline.cpp:891] [print_deep_description] EntryPushQEl0yolov8s/input_layer1 | inputs: user | outputs: PreInferEl1yolov8s/input_layer1(running in thread_id: 2199)
[2026-07-18 23:42:18.963] [2142] [HailoRT] [info] [pipeline.cpp:891] [print_deep_description] PreInferEl1yolov8s/input_layer1 | inputs: EntryPushQEl0yolov8s/input_layer1[0] | outputs: PushQEl1yolov8s/input_layer1
[2026-07-18 23:42:18.963] [2142] [HailoRT] [info] [pipeline.cpp:891] [print_deep_description] PushQEl1yolov8s/input_layer1 | inputs: PreInferEl1yolov8s/input_layer1[0] | outputs: AsyncHwEl(running in thread_id: 2200)
[2026-07-18 23:42:18.963] [2142] [HailoRT] [info] [pipeline.cpp:891] [print_deep_description] AsyncHwEl | inputs: PushQEl1yolov8s/input_layer1[0] | outputs: MultiPushQEl0YOLOV8-Post-Process MultiPushQEl0YOLOV8-Post-Process MultiPushQEl0YOLOV8-Post-Process MultiPushQEl0YOLOV8-Post-Process MultiPushQEl0YOLOV8-Post-Process MultiPushQEl0YOLOV8-Post-Process
[2026-07-18 23:42:18.963] [2142] [HailoRT] [info] [pipeline.cpp:891] [print_deep_description] MultiPushQEl0YOLOV8-Post-Process | inputs: AsyncHwEl[0] AsyncHwEl[1] AsyncHwEl[2] AsyncHwEl[3] AsyncHwEl[4] AsyncHwEl[5] | outputs: NmsPPMuxEl0YOLOV8-Post-Process(running in thread_id: 2201)
[2026-07-18 23:42:18.963] [2142] [HailoRT] [info] [pipeline.cpp:891] [print_deep_description] NmsPPMuxEl0YOLOV8-Post-Process | inputs: MultiPushQEl0YOLOV8-Post-Process[0] | outputs: LastAsyncEl0NmsPPMuxEl0YOLOV8-Post-Process
[2026-07-18 23:42:18.963] [2142] [HailoRT] [info] [pipeline.cpp:891] [print_deep_description] LastAsyncEl0NmsPPMuxEl0YOLOV8-Post-Process | inputs: NmsPPMuxEl0YOLOV8-Post-Process[0] | outputs: user
[2026-07-18 23:42:19.330] [2190] [HailoRT] [info] [hef.cpp:1994] [get_network_group_and_network_name] No name was given. Addressing all networks of default network_group: yolov8s
[2026-07-18 23:44:54.610] [2237] [HailoRT] [info] [device.cpp:51] [Device] OS Version: Linux 6.18.34+rpt-rpi-2712 #1 SMP PREEMPT Debian 1:6.18.34-1+rpt1 (2026-06-09) aarch64
[2026-07-18 23:44:54.610] [2237] [HailoRT] [info] [control.cpp:113] [control__parse_identify_results] firmware_version is: 4.23.0
[2026-07-18 23:44:54.611] [2237] [HailoRT] [info] [control.cpp:113] [control__parse_identify_results] firmware_version is: 4.23.0
[2026-07-18 23:44:54.753] [2241] [HailoRT] [info] [device.cpp:51] [Device] OS Version: Linux 6.18.34+rpt-rpi-2712 #1 SMP PREEMPT Debian 1:6.18.34-1+rpt1 (2026-06-09) aarch64
[2026-07-18 23:44:54.753] [2241] [HailoRT] [info] [control.cpp:113] [control__parse_identify_results] firmware_version is: 4.23.0
[2026-07-18 23:44:54.754] [2241] [HailoRT] [info] [control.cpp:113] [control__parse_identify_results] firmware_version is: 4.23.0
[2026-07-18 23:44:54.814] [2219] [HailoRT] [info] [vdevice.cpp:535] [create] Creating vdevice with params: device_count: 1, scheduling_algorithm: ROUND_ROBIN, multi_process_service: false
[2026-07-18 23:44:54.826] [2219] [HailoRT] [info] [device.cpp:51] [Device] OS Version: Linux 6.18.34+rpt-rpi-2712 #1 SMP PREEMPT Debian 1:6.18.34-1+rpt1 (2026-06-09) aarch64
[2026-07-18 23:44:54.826] [2219] [HailoRT] [info] [control.cpp:113] [control__parse_identify_results] firmware_version is: 4.23.0
[2026-07-18 23:44:54.826] [2219] [HailoRT] [info] [vdevice.cpp:682] [create] VDevice Infos: 0001:01:00.0
[2026-07-18 23:44:54.836] [2219] [HailoRT] [info] [hef.cpp:1994] [get_network_group_and_network_name] No name was given. Addressing all networks of default network_group: yolov8s
[2026-07-18 23:44:54.836] [2219] [HailoRT] [info] [hef.cpp:1994] [get_network_group_and_network_name] No name was given. Addressing all networks of default network_group: yolov8s
[2026-07-18 23:44:54.907] [2219] [HailoRT] [info] [internal_buffer_manager.cpp:77] [print_execution_results] Planned internal buffer memory: CMA=0 CMA-Desc=393216 Pinned=4099072. memory to edge layer usage factor is 1
[2026-07-18 23:44:54.907] [2219] [HailoRT] [info] [internal_buffer_manager.cpp:86] [print_execution_results] Default Internal buffer planner executed successfully
[2026-07-18 23:44:54.931] [2219] [HailoRT] [info] [device_internal.cpp:57] [configure] Configuring HEF took 30.100442 milliseconds
[2026-07-18 23:44:54.931] [2219] [HailoRT] [info] [vdevice.cpp:780] [configure] Configuring HEF on VDevice took 30.413557 milliseconds
[2026-07-18 23:44:54.931] [2219] [HailoRT] [info] [infer_model.cpp:417] [configure] Configuring network group 'yolov8s' with params: batch size: 2, power mode: PERFORMANCE, latency: NONE
[2026-07-18 23:44:54.931] [2219] [HailoRT] [info] [multi_io_elements.cpp:754] [create] Created (AsyncHwEl)
[2026-07-18 23:44:54.931] [2219] [HailoRT] [info] [queue_elements.cpp:450] [create] Created (EntryPushQEl0yolov8s/input_layer1 | timeout: 10s)
[2026-07-18 23:44:54.931] [2219] [HailoRT] [info] [filter_elements.cpp:101] [create] Created (PreInferEl1yolov8s/input_layer1 | Reorder - src_order: RGB4, src_shape: (640, 640, 3), dst_order: NHCW, dst_shape: (640, 640, 3))
[2026-07-18 23:44:54.931] [2219] [HailoRT] [info] [queue_elements.cpp:450] [create] Created (PushQEl1yolov8s/input_layer1 | timeout: 10s)
[2026-07-18 23:44:54.931] [2219] [HailoRT] [info] [multi_io_elements.cpp:135] [create] Created (NmsPPMuxEl0YOLOV8-Post-Process | Op YOLOV8, Name: YOLOV8-Post-Process, Score threshold: 0.300, IoU threshold: 0.45, Classes: 80, Max bboxes per class: 100, Image height: 640, Image width: 640)
[2026-07-18 23:44:54.932] [2219] [HailoRT] [info] [queue_elements.cpp:942] [create] Created (MultiPushQEl0YOLOV8-Post-Process | timeout: 10s)
[2026-07-18 23:44:54.932] [2219] [HailoRT] [info] [edge_elements.cpp:187] [create] Created (LastAsyncEl0NmsPPMuxEl0YOLOV8-Post-Process)
[2026-07-18 23:44:54.932] [2219] [HailoRT] [info] [pipeline.cpp:891] [print_deep_description] EntryPushQEl0yolov8s/input_layer1 | inputs: user | outputs: PreInferEl1yolov8s/input_layer1(running in thread_id: 2276)
[2026-07-18 23:44:54.932] [2219] [HailoRT] [info] [pipeline.cpp:891] [print_deep_description] PreInferEl1yolov8s/input_layer1 | inputs: EntryPushQEl0yolov8s/input_layer1[0] | outputs: PushQEl1yolov8s/input_layer1
[2026-07-18 23:44:54.932] [2219] [HailoRT] [info] [pipeline.cpp:891] [print_deep_description] PushQEl1yolov8s/input_layer1 | inputs: PreInferEl1yolov8s/input_layer1[0] | outputs: AsyncHwEl(running in thread_id: 2277)
[2026-07-18 23:44:54.932] [2219] [HailoRT] [info] [pipeline.cpp:891] [print_deep_description] AsyncHwEl | inputs: PushQEl1yolov8s/input_layer1[0] | outputs: MultiPushQEl0YOLOV8-Post-Process MultiPushQEl0YOLOV8-Post-Process MultiPushQEl0YOLOV8-Post-Process MultiPushQEl0YOLOV8-Post-Process MultiPushQEl0YOLOV8-Post-Process MultiPushQEl0YOLOV8-Post-Process
[2026-07-18 23:44:54.932] [2219] [HailoRT] [info] [pipeline.cpp:891] [print_deep_description] MultiPushQEl0YOLOV8-Post-Process | inputs: AsyncHwEl[0] AsyncHwEl[1] AsyncHwEl[2] AsyncHwEl[3] AsyncHwEl[4] AsyncHwEl[5] | outputs: NmsPPMuxEl0YOLOV8-Post-Process(running in thread_id: 2278)
[2026-07-18 23:44:54.932] [2219] [HailoRT] [info] [pipeline.cpp:891] [print_deep_description] NmsPPMuxEl0YOLOV8-Post-Process | inputs: MultiPushQEl0YOLOV8-Post-Process[0] | outputs: LastAsyncEl0NmsPPMuxEl0YOLOV8-Post-Process
[2026-07-18 23:44:54.932] [2219] [HailoRT] [info] [pipeline.cpp:891] [print_deep_description] LastAsyncEl0NmsPPMuxEl0YOLOV8-Post-Process | inputs: NmsPPMuxEl0YOLOV8-Post-Process[0] | outputs: user
[2026-07-18 23:44:55.255] [2266] [HailoRT] [info] [hef.cpp:1994] [get_network_group_and_network_name] No name was given. Addressing all networks of default network_group: yolov8s
[2026-07-18 23:47:03.454] [2312] [HailoRT] [info] [device.cpp:51] [Device] OS Version: Linux 6.18.34+rpt-rpi-2712 #1 SMP PREEMPT Debian 1:6.18.34-1+rpt1 (2026-06-09) aarch64
[2026-07-18 23:47:03.454] [2312] [HailoRT] [info] [control.cpp:113] [control__parse_identify_results] firmware_version is: 4.23.0
[2026-07-18 23:47:03.455] [2312] [HailoRT] [info] [control.cpp:113] [control__parse_identify_results] firmware_version is: 4.23.0
[2026-07-18 23:47:03.600] [2316] [HailoRT] [info] [device.cpp:51] [Device] OS Version: Linux 6.18.34+rpt-rpi-2712 #1 SMP PREEMPT Debian 1:6.18.34-1+rpt1 (2026-06-09) aarch64
[2026-07-18 23:47:03.600] [2316] [HailoRT] [info] [control.cpp:113] [control__parse_identify_results] firmware_version is: 4.23.0
[2026-07-18 23:47:03.601] [2316] [HailoRT] [info] [control.cpp:113] [control__parse_identify_results] firmware_version is: 4.23.0
[2026-07-18 23:47:03.652] [2294] [HailoRT] [info] [vdevice.cpp:535] [create] Creating vdevice with params: device_count: 1, scheduling_algorithm: ROUND_ROBIN, multi_process_service: false
[2026-07-18 23:47:03.665] [2294] [HailoRT] [info] [device.cpp:51] [Device] OS Version: Linux 6.18.34+rpt-rpi-2712 #1 SMP PREEMPT Debian 1:6.18.34-1+rpt1 (2026-06-09) aarch64
[2026-07-18 23:47:03.665] [2294] [HailoRT] [info] [control.cpp:113] [control__parse_identify_results] firmware_version is: 4.23.0
[2026-07-18 23:47:03.665] [2294] [HailoRT] [info] [vdevice.cpp:682] [create] VDevice Infos: 0001:01:00.0
[2026-07-18 23:47:03.674] [2294] [HailoRT] [info] [hef.cpp:1994] [get_network_group_and_network_name] No name was given. Addressing all networks of default network_group: yolov8s
[2026-07-18 23:47:03.674] [2294] [HailoRT] [info] [hef.cpp:1994] [get_network_group_and_network_name] No name was given. Addressing all networks of default network_group: yolov8s
[2026-07-18 23:47:03.745] [2294] [HailoRT] [info] [internal_buffer_manager.cpp:77] [print_execution_results] Planned internal buffer memory: CMA=0 CMA-Desc=393216 Pinned=4099072. memory to edge layer usage factor is 1
[2026-07-18 23:47:03.745] [2294] [HailoRT] [info] [internal_buffer_manager.cpp:86] [print_execution_results] Default Internal buffer planner executed successfully
[2026-07-18 23:47:03.768] [2294] [HailoRT] [info] [device_internal.cpp:57] [configure] Configuring HEF took 29.452857 milliseconds
[2026-07-18 23:47:03.769] [2294] [HailoRT] [info] [vdevice.cpp:780] [configure] Configuring HEF on VDevice took 29.754922 milliseconds
[2026-07-18 23:47:03.769] [2294] [HailoRT] [info] [infer_model.cpp:417] [configure] Configuring network group 'yolov8s' with params: batch size: 2, power mode: PERFORMANCE, latency: NONE
[2026-07-18 23:47:03.769] [2294] [HailoRT] [info] [multi_io_elements.cpp:754] [create] Created (AsyncHwEl)
[2026-07-18 23:47:03.769] [2294] [HailoRT] [info] [queue_elements.cpp:450] [create] Created (EntryPushQEl0yolov8s/input_layer1 | timeout: 10s)
[2026-07-18 23:47:03.769] [2294] [HailoRT] [info] [filter_elements.cpp:101] [create] Created (PreInferEl1yolov8s/input_layer1 | Reorder - src_order: RGB4, src_shape: (640, 640, 3), dst_order: NHCW, dst_shape: (640, 640, 3))
[2026-07-18 23:47:03.769] [2294] [HailoRT] [info] [queue_elements.cpp:450] [create] Created (PushQEl1yolov8s/input_layer1 | timeout: 10s)
[2026-07-18 23:47:03.769] [2294] [HailoRT] [info] [multi_io_elements.cpp:135] [create] Created (NmsPPMuxEl0YOLOV8-Post-Process | Op YOLOV8, Name: YOLOV8-Post-Process, Score threshold: 0.300, IoU threshold: 0.45, Classes: 80, Max bboxes per class: 100, Image height: 640, Image width: 640)
[2026-07-18 23:47:03.769] [2294] [HailoRT] [info] [queue_elements.cpp:942] [create] Created (MultiPushQEl0YOLOV8-Post-Process | timeout: 10s)
[2026-07-18 23:47:03.769] [2294] [HailoRT] [info] [edge_elements.cpp:187] [create] Created (LastAsyncEl0NmsPPMuxEl0YOLOV8-Post-Process)
[2026-07-18 23:47:03.769] [2294] [HailoRT] [info] [pipeline.cpp:891] [print_deep_description] EntryPushQEl0yolov8s/input_layer1 | inputs: user | outputs: PreInferEl1yolov8s/input_layer1(running in thread_id: 2351)
[2026-07-18 23:47:03.769] [2294] [HailoRT] [info] [pipeline.cpp:891] [print_deep_description] PreInferEl1yolov8s/input_layer1 | inputs: EntryPushQEl0yolov8s/input_layer1[0] | outputs: PushQEl1yolov8s/input_layer1
[2026-07-18 23:47:03.769] [2294] [HailoRT] [info] [pipeline.cpp:891] [print_deep_description] PushQEl1yolov8s/input_layer1 | inputs: PreInferEl1yolov8s/input_layer1[0] | outputs: AsyncHwEl(running in thread_id: 2352)
[2026-07-18 23:47:03.769] [2294] [HailoRT] [info] [pipeline.cpp:891] [print_deep_description] AsyncHwEl | inputs: PushQEl1yolov8s/input_layer1[0] | outputs: MultiPushQEl0YOLOV8-Post-Process MultiPushQEl0YOLOV8-Post-Process MultiPushQEl0YOLOV8-Post-Process MultiPushQEl0YOLOV8-Post-Process MultiPushQEl0YOLOV8-Post-Process MultiPushQEl0YOLOV8-Post-Process
[2026-07-18 23:47:03.769] [2294] [HailoRT] [info] [pipeline.cpp:891] [print_deep_description] MultiPushQEl0YOLOV8-Post-Process | inputs: AsyncHwEl[0] AsyncHwEl[1] AsyncHwEl[2] AsyncHwEl[3] AsyncHwEl[4] AsyncHwEl[5] | outputs: NmsPPMuxEl0YOLOV8-Post-Process(running in thread_id: 2353)
[2026-07-18 23:47:03.769] [2294] [HailoRT] [info] [pipeline.cpp:891] [print_deep_description] NmsPPMuxEl0YOLOV8-Post-Process | inputs: MultiPushQEl0YOLOV8-Post-Process[0] | outputs: LastAsyncEl0NmsPPMuxEl0YOLOV8-Post-Process
[2026-07-18 23:47:03.769] [2294] [HailoRT] [info] [pipeline.cpp:891] [print_deep_description] LastAsyncEl0NmsPPMuxEl0YOLOV8-Post-Process | inputs: NmsPPMuxEl0YOLOV8-Post-Process[0] | outputs: user
[2026-07-18 23:47:04.090] [2342] [HailoRT] [info] [hef.cpp:1994] [get_network_group_and_network_name] No name was given. Addressing all networks of default network_group: yolov8s
[2026-07-18 23:49:27.566] [2414] [HailoRT] [info] [device.cpp:51] [Device] OS Version: Linux 6.18.34+rpt-rpi-2712 #1 SMP PREEMPT Debian 1:6.18.34-1+rpt1 (2026-06-09) aarch64
[2026-07-18 23:49:27.566] [2414] [HailoRT] [info] [control.cpp:113] [control__parse_identify_results] firmware_version is: 4.23.0
[2026-07-18 23:49:27.567] [2414] [HailoRT] [info] [control.cpp:113] [control__parse_identify_results] firmware_version is: 4.23.0
[2026-07-18 23:49:27.709] [2418] [HailoRT] [info] [device.cpp:51] [Device] OS Version: Linux 6.18.34+rpt-rpi-2712 #1 SMP PREEMPT Debian 1:6.18.34-1+rpt1 (2026-06-09) aarch64
[2026-07-18 23:49:27.710] [2418] [HailoRT] [info] [control.cpp:113] [control__parse_identify_results] firmware_version is: 4.23.0
[2026-07-18 23:49:27.710] [2418] [HailoRT] [info] [control.cpp:113] [control__parse_identify_results] firmware_version is: 4.23.0
[2026-07-18 23:49:27.768] [2396] [HailoRT] [info] [vdevice.cpp:535] [create] Creating vdevice with params: device_count: 1, scheduling_algorithm: ROUND_ROBIN, multi_process_service: false
[2026-07-18 23:49:27.780] [2396] [HailoRT] [info] [device.cpp:51] [Device] OS Version: Linux 6.18.34+rpt-rpi-2712 #1 SMP PREEMPT Debian 1:6.18.34-1+rpt1 (2026-06-09) aarch64
[2026-07-18 23:49:27.780] [2396] [HailoRT] [info] [control.cpp:113] [control__parse_identify_results] firmware_version is: 4.23.0
[2026-07-18 23:49:27.780] [2396] [HailoRT] [info] [vdevice.cpp:682] [create] VDevice Infos: 0001:01:00.0
[2026-07-18 23:49:27.789] [2396] [HailoRT] [info] [hef.cpp:1994] [get_network_group_and_network_name] No name was given. Addressing all networks of default network_group: yolov8s
[2026-07-18 23:49:27.789] [2396] [HailoRT] [info] [hef.cpp:1994] [get_network_group_and_network_name] No name was given. Addressing all networks of default network_group: yolov8s
[2026-07-18 23:49:27.860] [2396] [HailoRT] [info] [internal_buffer_manager.cpp:77] [print_execution_results] Planned internal buffer memory: CMA=0 CMA-Desc=393216 Pinned=4099072. memory to edge layer usage factor is 1
[2026-07-18 23:49:27.860] [2396] [HailoRT] [info] [internal_buffer_manager.cpp:86] [print_execution_results] Default Internal buffer planner executed successfully
[2026-07-18 23:49:27.883] [2396] [HailoRT] [info] [device_internal.cpp:57] [configure] Configuring HEF took 29.698172 milliseconds
[2026-07-18 23:49:27.883] [2396] [HailoRT] [info] [vdevice.cpp:780] [configure] Configuring HEF on VDevice took 29.998798 milliseconds
[2026-07-18 23:49:27.883] [2396] [HailoRT] [info] [infer_model.cpp:417] [configure] Configuring network group 'yolov8s' with params: batch size: 2, power mode: PERFORMANCE, latency: NONE
[2026-07-18 23:49:27.883] [2396] [HailoRT] [info] [multi_io_elements.cpp:754] [create] Created (AsyncHwEl)
[2026-07-18 23:49:27.883] [2396] [HailoRT] [info] [queue_elements.cpp:450] [create] Created (EntryPushQEl0yolov8s/input_layer1 | timeout: 10s)
[2026-07-18 23:49:27.883] [2396] [HailoRT] [info] [filter_elements.cpp:101] [create] Created (PreInferEl1yolov8s/input_layer1 | Reorder - src_order: RGB4, src_shape: (640, 640, 3), dst_order: NHCW, dst_shape: (640, 640, 3))
[2026-07-18 23:49:27.883] [2396] [HailoRT] [info] [queue_elements.cpp:450] [create] Created (PushQEl1yolov8s/input_layer1 | timeout: 10s)
[2026-07-18 23:49:27.883] [2396] [HailoRT] [info] [multi_io_elements.cpp:135] [create] Created (NmsPPMuxEl0YOLOV8-Post-Process | Op YOLOV8, Name: YOLOV8-Post-Process, Score threshold: 0.300, IoU threshold: 0.45, Classes: 80, Max bboxes per class: 100, Image height: 640, Image width: 640)
[2026-07-18 23:49:27.884] [2396] [HailoRT] [info] [queue_elements.cpp:942] [create] Created (MultiPushQEl0YOLOV8-Post-Process | timeout: 10s)
[2026-07-18 23:49:27.884] [2396] [HailoRT] [info] [edge_elements.cpp:187] [create] Created (LastAsyncEl0NmsPPMuxEl0YOLOV8-Post-Process)
[2026-07-18 23:49:27.884] [2396] [HailoRT] [info] [pipeline.cpp:891] [print_deep_description] EntryPushQEl0yolov8s/input_layer1 | inputs: user | outputs: PreInferEl1yolov8s/input_layer1(running in thread_id: 2453)
[2026-07-18 23:49:27.884] [2396] [HailoRT] [info] [pipeline.cpp:891] [print_deep_description] PreInferEl1yolov8s/input_layer1 | inputs: EntryPushQEl0yolov8s/input_layer1[0] | outputs: PushQEl1yolov8s/input_layer1
[2026-07-18 23:49:27.884] [2396] [HailoRT] [info] [pipeline.cpp:891] [print_deep_description] PushQEl1yolov8s/input_layer1 | inputs: PreInferEl1yolov8s/input_layer1[0] | outputs: AsyncHwEl(running in thread_id: 2454)
[2026-07-18 23:49:27.884] [2396] [HailoRT] [info] [pipeline.cpp:891] [print_deep_description] AsyncHwEl | inputs: PushQEl1yolov8s/input_layer1[0] | outputs: MultiPushQEl0YOLOV8-Post-Process MultiPushQEl0YOLOV8-Post-Process MultiPushQEl0YOLOV8-Post-Process MultiPushQEl0YOLOV8-Post-Process MultiPushQEl0YOLOV8-Post-Process MultiPushQEl0YOLOV8-Post-Process
[2026-07-18 23:49:27.884] [2396] [HailoRT] [info] [pipeline.cpp:891] [print_deep_description] MultiPushQEl0YOLOV8-Post-Process | inputs: AsyncHwEl[0] AsyncHwEl[1] AsyncHwEl[2] AsyncHwEl[3] AsyncHwEl[4] AsyncHwEl[5] | outputs: NmsPPMuxEl0YOLOV8-Post-Process(running in thread_id: 2455)
[2026-07-18 23:49:27.884] [2396] [HailoRT] [info] [pipeline.cpp:891] [print_deep_description] NmsPPMuxEl0YOLOV8-Post-Process | inputs: MultiPushQEl0YOLOV8-Post-Process[0] | outputs: LastAsyncEl0NmsPPMuxEl0YOLOV8-Post-Process
[2026-07-18 23:49:27.884] [2396] [HailoRT] [info] [pipeline.cpp:891] [print_deep_description] LastAsyncEl0NmsPPMuxEl0YOLOV8-Post-Process | inputs: NmsPPMuxEl0YOLOV8-Post-Process[0] | outputs: user
[2026-07-18 23:49:28.203] [2444] [HailoRT] [info] [hef.cpp:1994] [get_network_group_and_network_name] No name was given. Addressing all networks of default network_group: yolov8s
[2026-07-18 23:49:41.838] [2396] [HailoRT] [info] [async_infer_runner.cpp:86] [shutdown] Pipeline was aborted. Shutting it down
[2026-07-18 23:49:41.845] [2424] [HailoRT] [info] [network_group.cpp:803] [operator()] Infer request was aborted by user
[2026-07-18 23:49:41.845] [2396] [HailoRT] [info] [queue_elements.cpp:1131] [execute_deactivate] enqueue() in element MultiPushQEl0YOLOV8-Post-Process was aborted, got status = HAILO_SHUTDOWN_EVENT_SIGNALED(57)
[2026-07-18 23:49:41.845] [2396] [HailoRT] [info] [queue_elements.cpp:1131] [execute_deactivate] enqueue() in element MultiPushQEl0YOLOV8-Post-Process was aborted, got status = HAILO_SHUTDOWN_EVENT_SIGNALED(57)
[2026-07-18 23:49:41.845] [2396] [HailoRT] [info] [queue_elements.cpp:1131] [execute_deactivate] enqueue() in element MultiPushQEl0YOLOV8-Post-Process was aborted, got status = HAILO_SHUTDOWN_EVENT_SIGNALED(57)
[2026-07-18 23:49:41.845] [2396] [HailoRT] [info] [queue_elements.cpp:1131] [execute_deactivate] enqueue() in element MultiPushQEl0YOLOV8-Post-Process was aborted, got status = HAILO_SHUTDOWN_EVENT_SIGNALED(57)
[2026-07-18 23:49:41.845] [2396] [HailoRT] [info] [queue_elements.cpp:1131] [execute_deactivate] enqueue() in element MultiPushQEl0YOLOV8-Post-Process was aborted, got status = HAILO_SHUTDOWN_EVENT_SIGNALED(57)
[2026-07-18 23:49:41.845] [2396] [HailoRT] [info] [queue_elements.cpp:1131] [execute_deactivate] enqueue() in element MultiPushQEl0YOLOV8-Post-Process was aborted, got status = HAILO_SHUTDOWN_EVENT_SIGNALED(57)
[2026-07-18 23:49:41.845] [2396] [HailoRT] [info] [queue_elements.cpp:570] [execute_deactivate] enqueue() in element PushQEl1yolov8s/input_layer1 was aborted, got status = HAILO_SHUTDOWN_EVENT_SIGNALED(57)
[2026-07-18 23:49:41.845] [2396] [HailoRT] [info] [queue_elements.cpp:570] [execute_deactivate] enqueue() in element EntryPushQEl0yolov8s/input_layer1 was aborted, got status = HAILO_SHUTDOWN_EVENT_SIGNALED(57)
[2026-07-18 23:49:41.845] [2396] [HailoRT] [info] [queue_elements.cpp:46] [~BaseQueueElement] Queue element EntryPushQEl0yolov8s/input_layer1 has 0 frames in his Queue on destruction
[2026-07-18 23:49:41.845] [2396] [HailoRT] [info] [queue_elements.cpp:46] [~BaseQueueElement] Queue element PushQEl1yolov8s/input_layer1 has 0 frames in his Queue on destruction
[2026-07-18 23:51:37.362] [2515] [HailoRT] [info] [device.cpp:51] [Device] OS Version: Linux 6.18.34+rpt-rpi-2712 #1 SMP PREEMPT Debian 1:6.18.34-1+rpt1 (2026-06-09) aarch64
[2026-07-18 23:51:37.362] [2515] [HailoRT] [info] [control.cpp:113] [control__parse_identify_results] firmware_version is: 4.23.0
[2026-07-18 23:51:37.363] [2515] [HailoRT] [info] [control.cpp:113] [control__parse_identify_results] firmware_version is: 4.23.0
[2026-07-18 23:51:37.506] [2519] [HailoRT] [info] [device.cpp:51] [Device] OS Version: Linux 6.18.34+rpt-rpi-2712 #1 SMP PREEMPT Debian 1:6.18.34-1+rpt1 (2026-06-09) aarch64
[2026-07-18 23:51:37.507] [2519] [HailoRT] [info] [control.cpp:113] [control__parse_identify_results] firmware_version is: 4.23.0
[2026-07-18 23:51:37.507] [2519] [HailoRT] [info] [control.cpp:113] [control__parse_identify_results] firmware_version is: 4.23.0
[2026-07-18 23:51:37.569] [2495] [HailoRT] [info] [vdevice.cpp:535] [create] Creating vdevice with params: device_count: 1, scheduling_algorithm: ROUND_ROBIN, multi_process_service: false
[2026-07-18 23:51:37.582] [2495] [HailoRT] [info] [device.cpp:51] [Device] OS Version: Linux 6.18.34+rpt-rpi-2712 #1 SMP PREEMPT Debian 1:6.18.34-1+rpt1 (2026-06-09) aarch64
[2026-07-18 23:51:37.582] [2495] [HailoRT] [info] [control.cpp:113] [control__parse_identify_results] firmware_version is: 4.23.0
[2026-07-18 23:51:37.582] [2495] [HailoRT] [info] [vdevice.cpp:682] [create] VDevice Infos: 0001:01:00.0
[2026-07-18 23:51:37.591] [2495] [HailoRT] [info] [hef.cpp:1994] [get_network_group_and_network_name] No name was given. Addressing all networks of default network_group: yolov8s
[2026-07-18 23:51:37.591] [2495] [HailoRT] [info] [hef.cpp:1994] [get_network_group_and_network_name] No name was given. Addressing all networks of default network_group: yolov8s
[2026-07-18 23:51:37.663] [2495] [HailoRT] [info] [internal_buffer_manager.cpp:77] [print_execution_results] Planned internal buffer memory: CMA=0 CMA-Desc=393216 Pinned=4099072. memory to edge layer usage factor is 1
[2026-07-18 23:51:37.663] [2495] [HailoRT] [info] [internal_buffer_manager.cpp:86] [print_execution_results] Default Internal buffer planner executed successfully
[2026-07-18 23:51:37.686] [2495] [HailoRT] [info] [device_internal.cpp:57] [configure] Configuring HEF took 29.605326 milliseconds
[2026-07-18 23:51:37.686] [2495] [HailoRT] [info] [vdevice.cpp:780] [configure] Configuring HEF on VDevice took 29.984232 milliseconds
[2026-07-18 23:51:37.686] [2495] [HailoRT] [info] [infer_model.cpp:417] [configure] Configuring network group 'yolov8s' with params: batch size: 2, power mode: PERFORMANCE, latency: NONE
[2026-07-18 23:51:37.686] [2495] [HailoRT] [info] [multi_io_elements.cpp:754] [create] Created (AsyncHwEl)
[2026-07-18 23:51:37.686] [2495] [HailoRT] [info] [queue_elements.cpp:450] [create] Created (EntryPushQEl0yolov8s/input_layer1 | timeout: 10s)
[2026-07-18 23:51:37.686] [2495] [HailoRT] [info] [filter_elements.cpp:101] [create] Created (PreInferEl1yolov8s/input_layer1 | Reorder - src_order: RGB4, src_shape: (640, 640, 3), dst_order: NHCW, dst_shape: (640, 640, 3))
[2026-07-18 23:51:37.686] [2495] [HailoRT] [info] [queue_elements.cpp:450] [create] Created (PushQEl1yolov8s/input_layer1 | timeout: 10s)
[2026-07-18 23:51:37.686] [2495] [HailoRT] [info] [multi_io_elements.cpp:135] [create] Created (NmsPPMuxEl0YOLOV8-Post-Process | Op YOLOV8, Name: YOLOV8-Post-Process, Score threshold: 0.300, IoU threshold: 0.45, Classes: 80, Max bboxes per class: 100, Image height: 640, Image width: 640)
[2026-07-18 23:51:37.687] [2495] [HailoRT] [info] [queue_elements.cpp:942] [create] Created (MultiPushQEl0YOLOV8-Post-Process | timeout: 10s)
[2026-07-18 23:51:37.687] [2495] [HailoRT] [info] [edge_elements.cpp:187] [create] Created (LastAsyncEl0NmsPPMuxEl0YOLOV8-Post-Process)
[2026-07-18 23:51:37.687] [2495] [HailoRT] [info] [pipeline.cpp:891] [print_deep_description] EntryPushQEl0yolov8s/input_layer1 | inputs: user | outputs: PreInferEl1yolov8s/input_layer1(running in thread_id: 2554)
[2026-07-18 23:51:37.687] [2495] [HailoRT] [info] [pipeline.cpp:891] [print_deep_description] PreInferEl1yolov8s/input_layer1 | inputs: EntryPushQEl0yolov8s/input_layer1[0] | outputs: PushQEl1yolov8s/input_layer1
[2026-07-18 23:51:37.687] [2495] [HailoRT] [info] [pipeline.cpp:891] [print_deep_description] PushQEl1yolov8s/input_layer1 | inputs: PreInferEl1yolov8s/input_layer1[0] | outputs: AsyncHwEl(running in thread_id: 2555)
[2026-07-18 23:51:37.687] [2495] [HailoRT] [info] [pipeline.cpp:891] [print_deep_description] AsyncHwEl | inputs: PushQEl1yolov8s/input_layer1[0] | outputs: MultiPushQEl0YOLOV8-Post-Process MultiPushQEl0YOLOV8-Post-Process MultiPushQEl0YOLOV8-Post-Process MultiPushQEl0YOLOV8-Post-Process MultiPushQEl0YOLOV8-Post-Process MultiPushQEl0YOLOV8-Post-Process
[2026-07-18 23:51:37.687] [2495] [HailoRT] [info] [pipeline.cpp:891] [print_deep_description] MultiPushQEl0YOLOV8-Post-Process | inputs: AsyncHwEl[0] AsyncHwEl[1] AsyncHwEl[2] AsyncHwEl[3] AsyncHwEl[4] AsyncHwEl[5] | outputs: NmsPPMuxEl0YOLOV8-Post-Process(running in thread_id: 2556)
[2026-07-18 23:51:37.687] [2495] [HailoRT] [info] [pipeline.cpp:891] [print_deep_description] NmsPPMuxEl0YOLOV8-Post-Process | inputs: MultiPushQEl0YOLOV8-Post-Process[0] | outputs: LastAsyncEl0NmsPPMuxEl0YOLOV8-Post-Process
[2026-07-18 23:51:37.687] [2495] [HailoRT] [info] [pipeline.cpp:891] [print_deep_description] LastAsyncEl0NmsPPMuxEl0YOLOV8-Post-Process | inputs: NmsPPMuxEl0YOLOV8-Post-Process[0] | outputs: user
[2026-07-18 23:51:38.006] [2545] [HailoRT] [info] [hef.cpp:1994] [get_network_group_and_network_name] No name was given. Addressing all networks of default network_group: yolov8s
[2026-07-18 23:52:24.700] [2495] [HailoRT] [info] [async_infer_runner.cpp:86] [shutdown] Pipeline was aborted. Shutting it down
[2026-07-18 23:52:24.701] [2525] [HailoRT] [info] [network_group.cpp:803] [operator()] Infer request was aborted by user
[2026-07-18 23:52:24.701] [2495] [HailoRT] [info] [queue_elements.cpp:1131] [execute_deactivate] enqueue() in element MultiPushQEl0YOLOV8-Post-Process was aborted, got status = HAILO_SHUTDOWN_EVENT_SIGNALED(57)
[2026-07-18 23:52:24.701] [2495] [HailoRT] [info] [queue_elements.cpp:1131] [execute_deactivate] enqueue() in element MultiPushQEl0YOLOV8-Post-Process was aborted, got status = HAILO_SHUTDOWN_EVENT_SIGNALED(57)
[2026-07-18 23:52:24.701] [2495] [HailoRT] [info] [queue_elements.cpp:1131] [execute_deactivate] enqueue() in element MultiPushQEl0YOLOV8-Post-Process was aborted, got status = HAILO_SHUTDOWN_EVENT_SIGNALED(57)
[2026-07-18 23:52:24.701] [2495] [HailoRT] [info] [queue_elements.cpp:1131] [execute_deactivate] enqueue() in element MultiPushQEl0YOLOV8-Post-Process was aborted, got status = HAILO_SHUTDOWN_EVENT_SIGNALED(57)
[2026-07-18 23:52:24.701] [2495] [HailoRT] [info] [queue_elements.cpp:1131] [execute_deactivate] enqueue() in element MultiPushQEl0YOLOV8-Post-Process was aborted, got status = HAILO_SHUTDOWN_EVENT_SIGNALED(57)
[2026-07-18 23:52:24.701] [2495] [HailoRT] [info] [queue_elements.cpp:1131] [execute_deactivate] enqueue() in element MultiPushQEl0YOLOV8-Post-Process was aborted, got status = HAILO_SHUTDOWN_EVENT_SIGNALED(57)
[2026-07-18 23:52:24.701] [2495] [HailoRT] [info] [queue_elements.cpp:570] [execute_deactivate] enqueue() in element PushQEl1yolov8s/input_layer1 was aborted, got status = HAILO_SHUTDOWN_EVENT_SIGNALED(57)
[2026-07-18 23:52:24.701] [2495] [HailoRT] [info] [queue_elements.cpp:570] [execute_deactivate] enqueue() in element EntryPushQEl0yolov8s/input_layer1 was aborted, got status = HAILO_SHUTDOWN_EVENT_SIGNALED(57)
[2026-07-18 23:52:24.701] [2495] [HailoRT] [info] [queue_elements.cpp:46] [~BaseQueueElement] Queue element EntryPushQEl0yolov8s/input_layer1 has 0 frames in his Queue on destruction
[2026-07-18 23:52:24.701] [2495] [HailoRT] [info] [queue_elements.cpp:46] [~BaseQueueElement] Queue element PushQEl1yolov8s/input_layer1 has 0 frames in his Queue on destruction
[2026-07-18 23:55:07.864] [1916] [HailoRT] [info] [device.cpp:51] [Device] OS Version: Linux 6.18.34+rpt-rpi-2712 #1 SMP PREEMPT Debian 1:6.18.34-1+rpt1 (2026-06-09) aarch64
[2026-07-18 23:55:07.864] [1916] [HailoRT] [info] [control.cpp:113] [control__parse_identify_results] firmware_version is: 4.23.0
[2026-07-18 23:55:07.865] [1916] [HailoRT] [info] [control.cpp:113] [control__parse_identify_results] firmware_version is: 4.23.0
[2026-07-18 23:55:08.336] [1922] [HailoRT] [info] [device.cpp:51] [Device] OS Version: Linux 6.18.34+rpt-rpi-2712 #1 SMP PREEMPT Debian 1:6.18.34-1+rpt1 (2026-06-09) aarch64
[2026-07-18 23:55:08.336] [1922] [HailoRT] [info] [control.cpp:113] [control__parse_identify_results] firmware_version is: 4.23.0
[2026-07-18 23:55:08.337] [1922] [HailoRT] [info] [control.cpp:113] [control__parse_identify_results] firmware_version is: 4.23.0
[2026-07-18 23:55:08.426] [1898] [HailoRT] [info] [vdevice.cpp:535] [create] Creating vdevice with params: device_count: 1, scheduling_algorithm: ROUND_ROBIN, multi_process_service: false
[2026-07-18 23:55:08.438] [1898] [HailoRT] [info] [device.cpp:51] [Device] OS Version: Linux 6.18.34+rpt-rpi-2712 #1 SMP PREEMPT Debian 1:6.18.34-1+rpt1 (2026-06-09) aarch64
[2026-07-18 23:55:08.438] [1898] [HailoRT] [info] [control.cpp:113] [control__parse_identify_results] firmware_version is: 4.23.0
[2026-07-18 23:55:08.438] [1898] [HailoRT] [info] [vdevice.cpp:682] [create] VDevice Infos: 0001:01:00.0
[2026-07-18 23:55:08.528] [1898] [HailoRT] [info] [hef.cpp:1994] [get_network_group_and_network_name] No name was given. Addressing all networks of default network_group: yolov8s
[2026-07-18 23:55:08.528] [1898] [HailoRT] [info] [hef.cpp:1994] [get_network_group_and_network_name] No name was given. Addressing all networks of default network_group: yolov8s
[2026-07-18 23:55:08.610] [1898] [HailoRT] [info] [internal_buffer_manager.cpp:77] [print_execution_results] Planned internal buffer memory: CMA=0 CMA-Desc=393216 Pinned=4099072. memory to edge layer usage factor is 1
[2026-07-18 23:55:08.610] [1898] [HailoRT] [info] [internal_buffer_manager.cpp:86] [print_execution_results] Default Internal buffer planner executed successfully
[2026-07-18 23:55:08.632] [1898] [HailoRT] [info] [device_internal.cpp:57] [configure] Configuring HEF took 28.764523 milliseconds
[2026-07-18 23:55:08.632] [1898] [HailoRT] [info] [vdevice.cpp:780] [configure] Configuring HEF on VDevice took 29.415302 milliseconds
[2026-07-18 23:55:08.632] [1898] [HailoRT] [info] [infer_model.cpp:417] [configure] Configuring network group 'yolov8s' with params: batch size: 2, power mode: PERFORMANCE, latency: NONE
[2026-07-18 23:55:08.632] [1898] [HailoRT] [info] [multi_io_elements.cpp:754] [create] Created (AsyncHwEl)
[2026-07-18 23:55:08.632] [1898] [HailoRT] [info] [queue_elements.cpp:450] [create] Created (EntryPushQEl0yolov8s/input_layer1 | timeout: 10s)
[2026-07-18 23:55:08.632] [1898] [HailoRT] [info] [filter_elements.cpp:101] [create] Created (PreInferEl1yolov8s/input_layer1 | Reorder - src_order: RGB4, src_shape: (640, 640, 3), dst_order: NHCW, dst_shape: (640, 640, 3))
[2026-07-18 23:55:08.632] [1898] [HailoRT] [info] [queue_elements.cpp:450] [create] Created (PushQEl1yolov8s/input_layer1 | timeout: 10s)
[2026-07-18 23:55:08.632] [1898] [HailoRT] [info] [multi_io_elements.cpp:135] [create] Created (NmsPPMuxEl0YOLOV8-Post-Process | Op YOLOV8, Name: YOLOV8-Post-Process, Score threshold: 0.300, IoU threshold: 0.45, Classes: 80, Max bboxes per class: 100, Image height: 640, Image width: 640)
[2026-07-18 23:55:08.633] [1898] [HailoRT] [info] [queue_elements.cpp:942] [create] Created (MultiPushQEl0YOLOV8-Post-Process | timeout: 10s)
[2026-07-18 23:55:08.633] [1898] [HailoRT] [info] [edge_elements.cpp:187] [create] Created (LastAsyncEl0NmsPPMuxEl0YOLOV8-Post-Process)
[2026-07-18 23:55:08.633] [1898] [HailoRT] [info] [pipeline.cpp:891] [print_deep_description] EntryPushQEl0yolov8s/input_layer1 | inputs: user | outputs: PreInferEl1yolov8s/input_layer1(running in thread_id: 1957)
[2026-07-18 23:55:08.633] [1898] [HailoRT] [info] [pipeline.cpp:891] [print_deep_description] PreInferEl1yolov8s/input_layer1 | inputs: EntryPushQEl0yolov8s/input_layer1[0] | outputs: PushQEl1yolov8s/input_layer1
[2026-07-18 23:55:08.633] [1898] [HailoRT] [info] [pipeline.cpp:891] [print_deep_description] PushQEl1yolov8s/input_layer1 | inputs: PreInferEl1yolov8s/input_layer1[0] | outputs: AsyncHwEl(running in thread_id: 1958)
[2026-07-18 23:55:08.633] [1898] [HailoRT] [info] [pipeline.cpp:891] [print_deep_description] AsyncHwEl | inputs: PushQEl1yolov8s/input_layer1[0] | outputs: MultiPushQEl0YOLOV8-Post-Process MultiPushQEl0YOLOV8-Post-Process MultiPushQEl0YOLOV8-Post-Process MultiPushQEl0YOLOV8-Post-Process MultiPushQEl0YOLOV8-Post-Process MultiPushQEl0YOLOV8-Post-Process
[2026-07-18 23:55:08.633] [1898] [HailoRT] [info] [pipeline.cpp:891] [print_deep_description] MultiPushQEl0YOLOV8-Post-Process | inputs: AsyncHwEl[0] AsyncHwEl[1] AsyncHwEl[2] AsyncHwEl[3] AsyncHwEl[4] AsyncHwEl[5] | outputs: NmsPPMuxEl0YOLOV8-Post-Process(running in thread_id: 1959)
[2026-07-18 23:55:08.633] [1898] [HailoRT] [info] [pipeline.cpp:891] [print_deep_description] NmsPPMuxEl0YOLOV8-Post-Process | inputs: MultiPushQEl0YOLOV8-Post-Process[0] | outputs: LastAsyncEl0NmsPPMuxEl0YOLOV8-Post-Process
[2026-07-18 23:55:08.633] [1898] [HailoRT] [info] [pipeline.cpp:891] [print_deep_description] LastAsyncEl0NmsPPMuxEl0YOLOV8-Post-Process | inputs: NmsPPMuxEl0YOLOV8-Post-Process[0] | outputs: user
[2026-07-18 23:55:08.996] [1948] [HailoRT] [info] [hef.cpp:1994] [get_network_group_and_network_name] No name was given. Addressing all networks of default network_group: yolov8s
[2026-07-18 23:55:52.757] [1898] [HailoRT] [info] [async_infer_runner.cpp:86] [shutdown] Pipeline was aborted. Shutting it down
[2026-07-18 23:55:52.763] [1928] [HailoRT] [info] [network_group.cpp:803] [operator()] Infer request was aborted by user
[2026-07-18 23:55:52.763] [1898] [HailoRT] [info] [queue_elements.cpp:1131] [execute_deactivate] enqueue() in element MultiPushQEl0YOLOV8-Post-Process was aborted, got status = HAILO_SHUTDOWN_EVENT_SIGNALED(57)
[2026-07-18 23:55:52.763] [1898] [HailoRT] [info] [queue_elements.cpp:1131] [execute_deactivate] enqueue() in element MultiPushQEl0YOLOV8-Post-Process was aborted, got status = HAILO_SHUTDOWN_EVENT_SIGNALED(57)
[2026-07-18 23:55:52.763] [1898] [HailoRT] [info] [queue_elements.cpp:1131] [execute_deactivate] enqueue() in element MultiPushQEl0YOLOV8-Post-Process was aborted, got status = HAILO_SHUTDOWN_EVENT_SIGNALED(57)
[2026-07-18 23:55:52.763] [1898] [HailoRT] [info] [queue_elements.cpp:1131] [execute_deactivate] enqueue() in element MultiPushQEl0YOLOV8-Post-Process was aborted, got status = HAILO_SHUTDOWN_EVENT_SIGNALED(57)
[2026-07-18 23:55:52.763] [1898] [HailoRT] [info] [queue_elements.cpp:1131] [execute_deactivate] enqueue() in element MultiPushQEl0YOLOV8-Post-Process was aborted, got status = HAILO_SHUTDOWN_EVENT_SIGNALED(57)
[2026-07-18 23:55:52.763] [1898] [HailoRT] [info] [queue_elements.cpp:1131] [execute_deactivate] enqueue() in element MultiPushQEl0YOLOV8-Post-Process was aborted, got status = HAILO_SHUTDOWN_EVENT_SIGNALED(57)
[2026-07-18 23:55:52.763] [1898] [HailoRT] [info] [queue_elements.cpp:570] [execute_deactivate] enqueue() in element PushQEl1yolov8s/input_layer1 was aborted, got status = HAILO_SHUTDOWN_EVENT_SIGNALED(57)
[2026-07-18 23:55:52.763] [1898] [HailoRT] [info] [queue_elements.cpp:570] [execute_deactivate] enqueue() in element EntryPushQEl0yolov8s/input_layer1 was aborted, got status = HAILO_SHUTDOWN_EVENT_SIGNALED(57)
[2026-07-18 23:55:52.763] [1898] [HailoRT] [info] [queue_elements.cpp:46] [~BaseQueueElement] Queue element EntryPushQEl0yolov8s/input_layer1 has 0 frames in his Queue on destruction
[2026-07-18 23:55:52.763] [1898] [HailoRT] [info] [queue_elements.cpp:46] [~BaseQueueElement] Queue element PushQEl1yolov8s/input_layer1 has 0 frames in his Queue on destruction
[2026-07-19 00:02:37.393] [2175] [HailoRT] [info] [device.cpp:51] [Device] OS Version: Linux 6.18.34+rpt-rpi-2712 #1 SMP PREEMPT Debian 1:6.18.34-1+rpt1 (2026-06-09) aarch64
[2026-07-19 00:02:37.393] [2175] [HailoRT] [info] [control.cpp:113] [control__parse_identify_results] firmware_version is: 4.23.0
[2026-07-19 00:02:37.393] [2175] [HailoRT] [info] [control.cpp:113] [control__parse_identify_results] firmware_version is: 4.23.0
[2026-07-19 00:02:37.534] [2179] [HailoRT] [info] [device.cpp:51] [Device] OS Version: Linux 6.18.34+rpt-rpi-2712 #1 SMP PREEMPT Debian 1:6.18.34-1+rpt1 (2026-06-09) aarch64
[2026-07-19 00:02:37.534] [2179] [HailoRT] [info] [control.cpp:113] [control__parse_identify_results] firmware_version is: 4.23.0
[2026-07-19 00:02:37.534] [2179] [HailoRT] [info] [control.cpp:113] [control__parse_identify_results] firmware_version is: 4.23.0
[2026-07-19 00:02:37.584] [2164] [HailoRT] [info] [vdevice.cpp:535] [create] Creating vdevice with params: device_count: 1, scheduling_algorithm: ROUND_ROBIN, multi_process_service: false
[2026-07-19 00:02:37.597] [2164] [HailoRT] [info] [device.cpp:51] [Device] OS Version: Linux 6.18.34+rpt-rpi-2712 #1 SMP PREEMPT Debian 1:6.18.34-1+rpt1 (2026-06-09) aarch64
[2026-07-19 00:02:37.597] [2164] [HailoRT] [info] [control.cpp:113] [control__parse_identify_results] firmware_version is: 4.23.0
[2026-07-19 00:02:37.597] [2164] [HailoRT] [info] [vdevice.cpp:682] [create] VDevice Infos: 0001:01:00.0
[2026-07-19 00:02:37.605] [2164] [HailoRT] [info] [hef.cpp:1994] [get_network_group_and_network_name] No name was given. Addressing all networks of default network_group: yolov8s
[2026-07-19 00:02:37.605] [2164] [HailoRT] [info] [hef.cpp:1994] [get_network_group_and_network_name] No name was given. Addressing all networks of default network_group: yolov8s
[2026-07-19 00:02:37.677] [2164] [HailoRT] [info] [internal_buffer_manager.cpp:77] [print_execution_results] Planned internal buffer memory: CMA=0 CMA-Desc=393216 Pinned=4099072. memory to edge layer usage factor is 1
[2026-07-19 00:02:37.677] [2164] [HailoRT] [info] [internal_buffer_manager.cpp:86] [print_execution_results] Default Internal buffer planner executed successfully
[2026-07-19 00:02:37.701] [2164] [HailoRT] [info] [device_internal.cpp:57] [configure] Configuring HEF took 29.989898 milliseconds
[2026-07-19 00:02:37.701] [2164] [HailoRT] [info] [vdevice.cpp:780] [configure] Configuring HEF on VDevice took 30.290534 milliseconds
[2026-07-19 00:02:37.701] [2164] [HailoRT] [info] [infer_model.cpp:417] [configure] Configuring network group 'yolov8s' with params: batch size: 2, power mode: PERFORMANCE, latency: NONE
[2026-07-19 00:02:37.701] [2164] [HailoRT] [info] [multi_io_elements.cpp:754] [create] Created (AsyncHwEl)
[2026-07-19 00:02:37.701] [2164] [HailoRT] [info] [queue_elements.cpp:450] [create] Created (EntryPushQEl0yolov8s/input_layer1 | timeout: 10s)
[2026-07-19 00:02:37.701] [2164] [HailoRT] [info] [filter_elements.cpp:101] [create] Created (PreInferEl1yolov8s/input_layer1 | Reorder - src_order: RGB4, src_shape: (640, 640, 3), dst_order: NHCW, dst_shape: (640, 640, 3))
[2026-07-19 00:02:37.701] [2164] [HailoRT] [info] [queue_elements.cpp:450] [create] Created (PushQEl1yolov8s/input_layer1 | timeout: 10s)
[2026-07-19 00:02:37.701] [2164] [HailoRT] [info] [multi_io_elements.cpp:135] [create] Created (NmsPPMuxEl0YOLOV8-Post-Process | Op YOLOV8, Name: YOLOV8-Post-Process, Score threshold: 0.300, IoU threshold: 0.45, Classes: 80, Max bboxes per class: 100, Image height: 640, Image width: 640)
[2026-07-19 00:02:37.702] [2164] [HailoRT] [info] [queue_elements.cpp:942] [create] Created (MultiPushQEl0YOLOV8-Post-Process | timeout: 10s)
[2026-07-19 00:02:37.702] [2164] [HailoRT] [info] [edge_elements.cpp:187] [create] Created (LastAsyncEl0NmsPPMuxEl0YOLOV8-Post-Process)
[2026-07-19 00:02:37.702] [2164] [HailoRT] [info] [pipeline.cpp:891] [print_deep_description] EntryPushQEl0yolov8s/input_layer1 | inputs: user | outputs: PreInferEl1yolov8s/input_layer1(running in thread_id: 2214)
[2026-07-19 00:02:37.702] [2164] [HailoRT] [info] [pipeline.cpp:891] [print_deep_description] PreInferEl1yolov8s/input_layer1 | inputs: EntryPushQEl0yolov8s/input_layer1[0] | outputs: PushQEl1yolov8s/input_layer1
[2026-07-19 00:02:37.702] [2164] [HailoRT] [info] [pipeline.cpp:891] [print_deep_description] PushQEl1yolov8s/input_layer1 | inputs: PreInferEl1yolov8s/input_layer1[0] | outputs: AsyncHwEl(running in thread_id: 2215)
[2026-07-19 00:02:37.702] [2164] [HailoRT] [info] [pipeline.cpp:891] [print_deep_description] AsyncHwEl | inputs: PushQEl1yolov8s/input_layer1[0] | outputs: MultiPushQEl0YOLOV8-Post-Process MultiPushQEl0YOLOV8-Post-Process MultiPushQEl0YOLOV8-Post-Process MultiPushQEl0YOLOV8-Post-Process MultiPushQEl0YOLOV8-Post-Process MultiPushQEl0YOLOV8-Post-Process
[2026-07-19 00:02:37.702] [2164] [HailoRT] [info] [pipeline.cpp:891] [print_deep_description] MultiPushQEl0YOLOV8-Post-Process | inputs: AsyncHwEl[0] AsyncHwEl[1] AsyncHwEl[2] AsyncHwEl[3] AsyncHwEl[4] AsyncHwEl[5] | outputs: NmsPPMuxEl0YOLOV8-Post-Process(running in thread_id: 2216)
[2026-07-19 00:02:37.702] [2164] [HailoRT] [info] [pipeline.cpp:891] [print_deep_description] NmsPPMuxEl0YOLOV8-Post-Process | inputs: MultiPushQEl0YOLOV8-Post-Process[0] | outputs: LastAsyncEl0NmsPPMuxEl0YOLOV8-Post-Process
[2026-07-19 00:02:37.702] [2164] [HailoRT] [info] [pipeline.cpp:891] [print_deep_description] LastAsyncEl0NmsPPMuxEl0YOLOV8-Post-Process | inputs: NmsPPMuxEl0YOLOV8-Post-Process[0] | outputs: user
[2026-07-19 00:02:38.026] [2205] [HailoRT] [info] [hef.cpp:1994] [get_network_group_and_network_name] No name was given. Addressing all networks of default network_group: yolov8s
[2026-07-19 00:03:18.350] [2164] [HailoRT] [info] [async_infer_runner.cpp:86] [shutdown] Pipeline was aborted. Shutting it down
[2026-07-19 00:03:18.356] [2185] [HailoRT] [info] [network_group.cpp:803] [operator()] Infer request was aborted by user
[2026-07-19 00:03:18.356] [2164] [HailoRT] [info] [queue_elements.cpp:1131] [execute_deactivate] enqueue() in element MultiPushQEl0YOLOV8-Post-Process was aborted, got status = HAILO_SHUTDOWN_EVENT_SIGNALED(57)
[2026-07-19 00:03:18.356] [2164] [HailoRT] [info] [queue_elements.cpp:1131] [execute_deactivate] enqueue() in element MultiPushQEl0YOLOV8-Post-Process was aborted, got status = HAILO_SHUTDOWN_EVENT_SIGNALED(57)
[2026-07-19 00:03:18.356] [2164] [HailoRT] [info] [queue_elements.cpp:1131] [execute_deactivate] enqueue() in element MultiPushQEl0YOLOV8-Post-Process was aborted, got status = HAILO_SHUTDOWN_EVENT_SIGNALED(57)
[2026-07-19 00:03:18.356] [2164] [HailoRT] [info] [queue_elements.cpp:1131] [execute_deactivate] enqueue() in element MultiPushQEl0YOLOV8-Post-Process was aborted, got status = HAILO_SHUTDOWN_EVENT_SIGNALED(57)
[2026-07-19 00:03:18.356] [2164] [HailoRT] [info] [queue_elements.cpp:1131] [execute_deactivate] enqueue() in element MultiPushQEl0YOLOV8-Post-Process was aborted, got status = HAILO_SHUTDOWN_EVENT_SIGNALED(57)
[2026-07-19 00:03:18.356] [2164] [HailoRT] [info] [queue_elements.cpp:1131] [execute_deactivate] enqueue() in element MultiPushQEl0YOLOV8-Post-Process was aborted, got status = HAILO_SHUTDOWN_EVENT_SIGNALED(57)
[2026-07-19 00:03:18.356] [2164] [HailoRT] [info] [queue_elements.cpp:570] [execute_deactivate] enqueue() in element PushQEl1yolov8s/input_layer1 was aborted, got status = HAILO_SHUTDOWN_EVENT_SIGNALED(57)
[2026-07-19 00:03:18.356] [2164] [HailoRT] [info] [queue_elements.cpp:570] [execute_deactivate] enqueue() in element EntryPushQEl0yolov8s/input_layer1 was aborted, got status = HAILO_SHUTDOWN_EVENT_SIGNALED(57)
[2026-07-19 00:03:18.356] [2164] [HailoRT] [info] [queue_elements.cpp:46] [~BaseQueueElement] Queue element EntryPushQEl0yolov8s/input_layer1 has 0 frames in his Queue on destruction
[2026-07-19 00:03:18.356] [2164] [HailoRT] [info] [queue_elements.cpp:46] [~BaseQueueElement] Queue element PushQEl1yolov8s/input_layer1 has 0 frames in his Queue on destruction
[2026-07-19 00:12:21.333] [2288] [HailoRT] [info] [device.cpp:51] [Device] OS Version: Linux 6.18.34+rpt-rpi-2712 #1 SMP PREEMPT Debian 1:6.18.34-1+rpt1 (2026-06-09) aarch64
[2026-07-19 00:12:21.334] [2288] [HailoRT] [info] [control.cpp:113] [control__parse_identify_results] firmware_version is: 4.23.0
[2026-07-19 00:12:21.334] [2288] [HailoRT] [info] [control.cpp:113] [control__parse_identify_results] firmware_version is: 4.23.0
[2026-07-19 00:12:21.481] [2292] [HailoRT] [info] [device.cpp:51] [Device] OS Version: Linux 6.18.34+rpt-rpi-2712 #1 SMP PREEMPT Debian 1:6.18.34-1+rpt1 (2026-06-09) aarch64
[2026-07-19 00:12:21.482] [2292] [HailoRT] [info] [control.cpp:113] [control__parse_identify_results] firmware_version is: 4.23.0
[2026-07-19 00:12:21.482] [2292] [HailoRT] [info] [control.cpp:113] [control__parse_identify_results] firmware_version is: 4.23.0
[2026-07-19 00:12:21.539] [2279] [HailoRT] [info] [vdevice.cpp:535] [create] Creating vdevice with params: device_count: 1, scheduling_algorithm: ROUND_ROBIN, multi_process_service: false
[2026-07-19 00:12:21.550] [2279] [HailoRT] [info] [device.cpp:51] [Device] OS Version: Linux 6.18.34+rpt-rpi-2712 #1 SMP PREEMPT Debian 1:6.18.34-1+rpt1 (2026-06-09) aarch64
[2026-07-19 00:12:21.550] [2279] [HailoRT] [info] [control.cpp:113] [control__parse_identify_results] firmware_version is: 4.23.0
[2026-07-19 00:12:21.550] [2279] [HailoRT] [info] [vdevice.cpp:682] [create] VDevice Infos: 0001:01:00.0
[2026-07-19 00:12:21.558] [2279] [HailoRT] [info] [hef.cpp:1994] [get_network_group_and_network_name] No name was given. Addressing all networks of default network_group: yolov8s
[2026-07-19 00:12:21.558] [2279] [HailoRT] [info] [hef.cpp:1994] [get_network_group_and_network_name] No name was given. Addressing all networks of default network_group: yolov8s
[2026-07-19 00:12:21.607] [2279] [HailoRT] [info] [internal_buffer_manager.cpp:77] [print_execution_results] Planned internal buffer memory: CMA=0 CMA-Desc=393216 Pinned=4099072. memory to edge layer usage factor is 1
[2026-07-19 00:12:21.607] [2279] [HailoRT] [info] [internal_buffer_manager.cpp:86] [print_execution_results] Default Internal buffer planner executed successfully
[2026-07-19 00:12:21.640] [2279] [HailoRT] [info] [device_internal.cpp:57] [configure] Configuring HEF took 41.127896 milliseconds
[2026-07-19 00:12:21.640] [2279] [HailoRT] [info] [vdevice.cpp:780] [configure] Configuring HEF on VDevice took 41.781535 milliseconds
[2026-07-19 00:12:21.640] [2279] [HailoRT] [info] [infer_model.cpp:417] [configure] Configuring network group 'yolov8s' with params: batch size: 2, power mode: PERFORMANCE, latency: NONE
[2026-07-19 00:12:21.640] [2279] [HailoRT] [info] [multi_io_elements.cpp:754] [create] Created (AsyncHwEl)
[2026-07-19 00:12:21.640] [2279] [HailoRT] [info] [queue_elements.cpp:450] [create] Created (EntryPushQEl0yolov8s/input_layer1 | timeout: 10s)
[2026-07-19 00:12:21.640] [2279] [HailoRT] [info] [filter_elements.cpp:101] [create] Created (PreInferEl1yolov8s/input_layer1 | Reorder - src_order: RGB4, src_shape: (640, 640, 3), dst_order: NHCW, dst_shape: (640, 640, 3))
[2026-07-19 00:12:21.640] [2279] [HailoRT] [info] [queue_elements.cpp:450] [create] Created (PushQEl1yolov8s/input_layer1 | timeout: 10s)
[2026-07-19 00:12:21.640] [2279] [HailoRT] [info] [multi_io_elements.cpp:135] [create] Created (NmsPPMuxEl0YOLOV8-Post-Process | Op YOLOV8, Name: YOLOV8-Post-Process, Score threshold: 0.300, IoU threshold: 0.45, Classes: 80, Max bboxes per class: 100, Image height: 640, Image width: 640)
[2026-07-19 00:12:21.641] [2279] [HailoRT] [info] [queue_elements.cpp:942] [create] Created (MultiPushQEl0YOLOV8-Post-Process | timeout: 10s)
[2026-07-19 00:12:21.641] [2279] [HailoRT] [info] [edge_elements.cpp:187] [create] Created (LastAsyncEl0NmsPPMuxEl0YOLOV8-Post-Process)
[2026-07-19 00:12:21.641] [2279] [HailoRT] [info] [pipeline.cpp:891] [print_deep_description] EntryPushQEl0yolov8s/input_layer1 | inputs: user | outputs: PreInferEl1yolov8s/input_layer1(running in thread_id: 2325)
[2026-07-19 00:12:21.641] [2279] [HailoRT] [info] [pipeline.cpp:891] [print_deep_description] PreInferEl1yolov8s/input_layer1 | inputs: EntryPushQEl0yolov8s/input_layer1[0] | outputs: PushQEl1yolov8s/input_layer1
[2026-07-19 00:12:21.641] [2279] [HailoRT] [info] [pipeline.cpp:891] [print_deep_description] PushQEl1yolov8s/input_layer1 | inputs: PreInferEl1yolov8s/input_layer1[0] | outputs: AsyncHwEl(running in thread_id: 2326)
[2026-07-19 00:12:21.641] [2279] [HailoRT] [info] [pipeline.cpp:891] [print_deep_description] AsyncHwEl | inputs: PushQEl1yolov8s/input_layer1[0] | outputs: MultiPushQEl0YOLOV8-Post-Process MultiPushQEl0YOLOV8-Post-Process MultiPushQEl0YOLOV8-Post-Process MultiPushQEl0YOLOV8-Post-Process MultiPushQEl0YOLOV8-Post-Process MultiPushQEl0YOLOV8-Post-Process
[2026-07-19 00:12:21.641] [2279] [HailoRT] [info] [pipeline.cpp:891] [print_deep_description] MultiPushQEl0YOLOV8-Post-Process | inputs: AsyncHwEl[0] AsyncHwEl[1] AsyncHwEl[2] AsyncHwEl[3] AsyncHwEl[4] AsyncHwEl[5] | outputs: NmsPPMuxEl0YOLOV8-Post-Process(running in thread_id: 2327)
[2026-07-19 00:12:21.641] [2279] [HailoRT] [info] [pipeline.cpp:891] [print_deep_description] NmsPPMuxEl0YOLOV8-Post-Process | inputs: MultiPushQEl0YOLOV8-Post-Process[0] | outputs: LastAsyncEl0NmsPPMuxEl0YOLOV8-Post-Process
[2026-07-19 00:12:21.641] [2279] [HailoRT] [info] [pipeline.cpp:891] [print_deep_description] LastAsyncEl0NmsPPMuxEl0YOLOV8-Post-Process | inputs: NmsPPMuxEl0YOLOV8-Post-Process[0] | outputs: user
[2026-07-19 00:12:21.985] [2311] [HailoRT] [info] [hef.cpp:1994] [get_network_group_and_network_name] No name was given. Addressing all networks of default network_group: yolov8s
[2026-07-19 00:13:00.126] [2279] [HailoRT] [info] [async_infer_runner.cpp:86] [shutdown] Pipeline was aborted. Shutting it down
[2026-07-19 00:13:00.127] [2279] [HailoRT] [info] [queue_elements.cpp:1131] [execute_deactivate] enqueue() in element MultiPushQEl0YOLOV8-Post-Process was aborted, got status = HAILO_SHUTDOWN_EVENT_SIGNALED(57)
[2026-07-19 00:13:00.127] [2279] [HailoRT] [info] [queue_elements.cpp:1131] [execute_deactivate] enqueue() in element MultiPushQEl0YOLOV8-Post-Process was aborted, got status = HAILO_SHUTDOWN_EVENT_SIGNALED(57)
[2026-07-19 00:13:00.127] [2279] [HailoRT] [info] [queue_elements.cpp:1131] [execute_deactivate] enqueue() in element MultiPushQEl0YOLOV8-Post-Process was aborted, got status = HAILO_SHUTDOWN_EVENT_SIGNALED(57)
[2026-07-19 00:13:00.127] [2279] [HailoRT] [info] [queue_elements.cpp:1131] [execute_deactivate] enqueue() in element MultiPushQEl0YOLOV8-Post-Process was aborted, got status = HAILO_SHUTDOWN_EVENT_SIGNALED(57)
[2026-07-19 00:13:00.127] [2279] [HailoRT] [info] [queue_elements.cpp:1131] [execute_deactivate] enqueue() in element MultiPushQEl0YOLOV8-Post-Process was aborted, got status = HAILO_SHUTDOWN_EVENT_SIGNALED(57)
[2026-07-19 00:13:00.127] [2279] [HailoRT] [info] [queue_elements.cpp:1131] [execute_deactivate] enqueue() in element MultiPushQEl0YOLOV8-Post-Process was aborted, got status = HAILO_SHUTDOWN_EVENT_SIGNALED(57)
[2026-07-19 00:13:00.127] [2279] [HailoRT] [info] [queue_elements.cpp:570] [execute_deactivate] enqueue() in element PushQEl1yolov8s/input_layer1 was aborted, got status = HAILO_SHUTDOWN_EVENT_SIGNALED(57)
[2026-07-19 00:13:00.127] [2279] [HailoRT] [info] [queue_elements.cpp:570] [execute_deactivate] enqueue() in element EntryPushQEl0yolov8s/input_layer1 was aborted, got status = HAILO_SHUTDOWN_EVENT_SIGNALED(57)
[2026-07-19 00:13:00.127] [2279] [HailoRT] [info] [queue_elements.cpp:46] [~BaseQueueElement] Queue element EntryPushQEl0yolov8s/input_layer1 has 0 frames in his Queue on destruction
[2026-07-19 00:13:00.127] [2279] [HailoRT] [info] [queue_elements.cpp:46] [~BaseQueueElement] Queue element PushQEl1yolov8s/input_layer1 has 0 frames in his Queue on destruction
[2026-07-19 00:18:43.146] [2392] [HailoRT] [info] [device.cpp:51] [Device] OS Version: Linux 6.18.34+rpt-rpi-2712 #1 SMP PREEMPT Debian 1:6.18.34-1+rpt1 (2026-06-09) aarch64
[2026-07-19 00:18:43.146] [2392] [HailoRT] [info] [control.cpp:113] [control__parse_identify_results] firmware_version is: 4.23.0
[2026-07-19 00:18:43.146] [2392] [HailoRT] [info] [control.cpp:113] [control__parse_identify_results] firmware_version is: 4.23.0
[2026-07-19 00:18:43.285] [2396] [HailoRT] [info] [device.cpp:51] [Device] OS Version: Linux 6.18.34+rpt-rpi-2712 #1 SMP PREEMPT Debian 1:6.18.34-1+rpt1 (2026-06-09) aarch64
[2026-07-19 00:18:43.286] [2396] [HailoRT] [info] [control.cpp:113] [control__parse_identify_results] firmware_version is: 4.23.0
[2026-07-19 00:18:43.286] [2396] [HailoRT] [info] [control.cpp:113] [control__parse_identify_results] firmware_version is: 4.23.0
[2026-07-19 00:18:43.342] [2374] [HailoRT] [info] [vdevice.cpp:535] [create] Creating vdevice with params: device_count: 1, scheduling_algorithm: ROUND_ROBIN, multi_process_service: false
[2026-07-19 00:18:43.354] [2374] [HailoRT] [info] [device.cpp:51] [Device] OS Version: Linux 6.18.34+rpt-rpi-2712 #1 SMP PREEMPT Debian 1:6.18.34-1+rpt1 (2026-06-09) aarch64
[2026-07-19 00:18:43.354] [2374] [HailoRT] [info] [control.cpp:113] [control__parse_identify_results] firmware_version is: 4.23.0
[2026-07-19 00:18:43.354] [2374] [HailoRT] [info] [vdevice.cpp:682] [create] VDevice Infos: 0001:01:00.0
[2026-07-19 00:18:43.362] [2374] [HailoRT] [info] [hef.cpp:1994] [get_network_group_and_network_name] No name was given. Addressing all networks of default network_group: yolov8s
[2026-07-19 00:18:43.362] [2374] [HailoRT] [info] [hef.cpp:1994] [get_network_group_and_network_name] No name was given. Addressing all networks of default network_group: yolov8s
[2026-07-19 00:18:43.411] [2374] [HailoRT] [info] [internal_buffer_manager.cpp:77] [print_execution_results] Planned internal buffer memory: CMA=0 CMA-Desc=393216 Pinned=4099072. memory to edge layer usage factor is 1
[2026-07-19 00:18:43.411] [2374] [HailoRT] [info] [internal_buffer_manager.cpp:86] [print_execution_results] Default Internal buffer planner executed successfully
[2026-07-19 00:18:43.438] [2374] [HailoRT] [info] [device_internal.cpp:57] [configure] Configuring HEF took 37.015195 milliseconds
[2026-07-19 00:18:43.438] [2374] [HailoRT] [info] [vdevice.cpp:780] [configure] Configuring HEF on VDevice took 37.373516 milliseconds
[2026-07-19 00:18:43.438] [2374] [HailoRT] [info] [infer_model.cpp:417] [configure] Configuring network group 'yolov8s' with params: batch size: 2, power mode: PERFORMANCE, latency: NONE
[2026-07-19 00:18:43.438] [2374] [HailoRT] [info] [multi_io_elements.cpp:754] [create] Created (AsyncHwEl)
[2026-07-19 00:18:43.438] [2374] [HailoRT] [info] [queue_elements.cpp:450] [create] Created (EntryPushQEl0yolov8s/input_layer1 | timeout: 10s)
[2026-07-19 00:18:43.438] [2374] [HailoRT] [info] [filter_elements.cpp:101] [create] Created (PreInferEl1yolov8s/input_layer1 | Reorder - src_order: RGB4, src_shape: (640, 640, 3), dst_order: NHCW, dst_shape: (640, 640, 3))
[2026-07-19 00:18:43.438] [2374] [HailoRT] [info] [queue_elements.cpp:450] [create] Created (PushQEl1yolov8s/input_layer1 | timeout: 10s)
[2026-07-19 00:18:43.438] [2374] [HailoRT] [info] [multi_io_elements.cpp:135] [create] Created (NmsPPMuxEl0YOLOV8-Post-Process | Op YOLOV8, Name: YOLOV8-Post-Process, Score threshold: 0.300, IoU threshold: 0.45, Classes: 80, Max bboxes per class: 100, Image height: 640, Image width: 640)
[2026-07-19 00:18:43.439] [2374] [HailoRT] [info] [queue_elements.cpp:942] [create] Created (MultiPushQEl0YOLOV8-Post-Process | timeout: 10s)
[2026-07-19 00:18:43.439] [2374] [HailoRT] [info] [edge_elements.cpp:187] [create] Created (LastAsyncEl0NmsPPMuxEl0YOLOV8-Post-Process)
[2026-07-19 00:18:43.439] [2374] [HailoRT] [info] [pipeline.cpp:891] [print_deep_description] EntryPushQEl0yolov8s/input_layer1 | inputs: user | outputs: PreInferEl1yolov8s/input_layer1(running in thread_id: 2429)
[2026-07-19 00:18:43.439] [2374] [HailoRT] [info] [pipeline.cpp:891] [print_deep_description] PreInferEl1yolov8s/input_layer1 | inputs: EntryPushQEl0yolov8s/input_layer1[0] | outputs: PushQEl1yolov8s/input_layer1
[2026-07-19 00:18:43.439] [2374] [HailoRT] [info] [pipeline.cpp:891] [print_deep_description] PushQEl1yolov8s/input_layer1 | inputs: PreInferEl1yolov8s/input_layer1[0] | outputs: AsyncHwEl(running in thread_id: 2430)
[2026-07-19 00:18:43.439] [2374] [HailoRT] [info] [pipeline.cpp:891] [print_deep_description] AsyncHwEl | inputs: PushQEl1yolov8s/input_layer1[0] | outputs: MultiPushQEl0YOLOV8-Post-Process MultiPushQEl0YOLOV8-Post-Process MultiPushQEl0YOLOV8-Post-Process MultiPushQEl0YOLOV8-Post-Process MultiPushQEl0YOLOV8-Post-Process MultiPushQEl0YOLOV8-Post-Process
[2026-07-19 00:18:43.439] [2374] [HailoRT] [info] [pipeline.cpp:891] [print_deep_description] MultiPushQEl0YOLOV8-Post-Process | inputs: AsyncHwEl[0] AsyncHwEl[1] AsyncHwEl[2] AsyncHwEl[3] AsyncHwEl[4] AsyncHwEl[5] | outputs: NmsPPMuxEl0YOLOV8-Post-Process(running in thread_id: 2431)
[2026-07-19 00:18:43.439] [2374] [HailoRT] [info] [pipeline.cpp:891] [print_deep_description] NmsPPMuxEl0YOLOV8-Post-Process | inputs: MultiPushQEl0YOLOV8-Post-Process[0] | outputs: LastAsyncEl0NmsPPMuxEl0YOLOV8-Post-Process
[2026-07-19 00:18:43.439] [2374] [HailoRT] [info] [pipeline.cpp:891] [print_deep_description] LastAsyncEl0NmsPPMuxEl0YOLOV8-Post-Process | inputs: NmsPPMuxEl0YOLOV8-Post-Process[0] | outputs: user
[2026-07-19 00:18:43.782] [2415] [HailoRT] [info] [hef.cpp:1994] [get_network_group_and_network_name] No name was given. Addressing all networks of default network_group: yolov8s
[2026-07-19 00:19:36.785] [2374] [HailoRT] [info] [async_infer_runner.cpp:86] [shutdown] Pipeline was aborted. Shutting it down
[2026-07-19 00:19:36.786] [2374] [HailoRT] [info] [queue_elements.cpp:1131] [execute_deactivate] enqueue() in element MultiPushQEl0YOLOV8-Post-Process was aborted, got status = HAILO_SHUTDOWN_EVENT_SIGNALED(57)
[2026-07-19 00:19:36.786] [2374] [HailoRT] [info] [queue_elements.cpp:1131] [execute_deactivate] enqueue() in element MultiPushQEl0YOLOV8-Post-Process was aborted, got status = HAILO_SHUTDOWN_EVENT_SIGNALED(57)
[2026-07-19 00:19:36.786] [2374] [HailoRT] [info] [queue_elements.cpp:1131] [execute_deactivate] enqueue() in element MultiPushQEl0YOLOV8-Post-Process was aborted, got status = HAILO_SHUTDOWN_EVENT_SIGNALED(57)
[2026-07-19 00:19:36.786] [2374] [HailoRT] [info] [queue_elements.cpp:1131] [execute_deactivate] enqueue() in element MultiPushQEl0YOLOV8-Post-Process was aborted, got status = HAILO_SHUTDOWN_EVENT_SIGNALED(57)
[2026-07-19 00:19:36.786] [2374] [HailoRT] [info] [queue_elements.cpp:1131] [execute_deactivate] enqueue() in element MultiPushQEl0YOLOV8-Post-Process was aborted, got status = HAILO_SHUTDOWN_EVENT_SIGNALED(57)
[2026-07-19 00:19:36.786] [2374] [HailoRT] [info] [queue_elements.cpp:1131] [execute_deactivate] enqueue() in element MultiPushQEl0YOLOV8-Post-Process was aborted, got status = HAILO_SHUTDOWN_EVENT_SIGNALED(57)
[2026-07-19 00:19:36.786] [2374] [HailoRT] [info] [queue_elements.cpp:570] [execute_deactivate] enqueue() in element PushQEl1yolov8s/input_layer1 was aborted, got status = HAILO_SHUTDOWN_EVENT_SIGNALED(57)
[2026-07-19 00:19:36.786] [2374] [HailoRT] [info] [queue_elements.cpp:570] [execute_deactivate] enqueue() in element EntryPushQEl0yolov8s/input_layer1 was aborted, got status = HAILO_SHUTDOWN_EVENT_SIGNALED(57)
[2026-07-19 00:19:36.786] [2374] [HailoRT] [info] [queue_elements.cpp:46] [~BaseQueueElement] Queue element EntryPushQEl0yolov8s/input_layer1 has 0 frames in his Queue on destruction
[2026-07-19 00:19:36.786] [2374] [HailoRT] [info] [queue_elements.cpp:46] [~BaseQueueElement] Queue element PushQEl1yolov8s/input_layer1 has 0 frames in his Queue on destruction
[2026-07-19 00:23:03.177] [2465] [HailoRT] [info] [device.cpp:51] [Device] OS Version: Linux 6.18.34+rpt-rpi-2712 #1 SMP PREEMPT Debian 1:6.18.34-1+rpt1 (2026-06-09) aarch64
[2026-07-19 00:23:03.177] [2465] [HailoRT] [info] [control.cpp:113] [control__parse_identify_results] firmware_version is: 4.23.0
[2026-07-19 00:23:03.178] [2465] [HailoRT] [info] [control.cpp:113] [control__parse_identify_results] firmware_version is: 4.23.0
[2026-07-19 00:23:03.324] [2469] [HailoRT] [info] [device.cpp:51] [Device] OS Version: Linux 6.18.34+rpt-rpi-2712 #1 SMP PREEMPT Debian 1:6.18.34-1+rpt1 (2026-06-09) aarch64
[2026-07-19 00:23:03.324] [2469] [HailoRT] [info] [control.cpp:113] [control__parse_identify_results] firmware_version is: 4.23.0
[2026-07-19 00:23:03.325] [2469] [HailoRT] [info] [control.cpp:113] [control__parse_identify_results] firmware_version is: 4.23.0
[2026-07-19 00:23:03.379] [2447] [HailoRT] [info] [vdevice.cpp:535] [create] Creating vdevice with params: device_count: 1, scheduling_algorithm: ROUND_ROBIN, multi_process_service: false
[2026-07-19 00:23:03.390] [2447] [HailoRT] [info] [device.cpp:51] [Device] OS Version: Linux 6.18.34+rpt-rpi-2712 #1 SMP PREEMPT Debian 1:6.18.34-1+rpt1 (2026-06-09) aarch64
[2026-07-19 00:23:03.390] [2447] [HailoRT] [info] [control.cpp:113] [control__parse_identify_results] firmware_version is: 4.23.0
[2026-07-19 00:23:03.390] [2447] [HailoRT] [info] [vdevice.cpp:682] [create] VDevice Infos: 0001:01:00.0
[2026-07-19 00:23:03.399] [2447] [HailoRT] [info] [hef.cpp:1994] [get_network_group_and_network_name] No name was given. Addressing all networks of default network_group: yolov8s
[2026-07-19 00:23:03.399] [2447] [HailoRT] [info] [hef.cpp:1994] [get_network_group_and_network_name] No name was given. Addressing all networks of default network_group: yolov8s
[2026-07-19 00:23:03.448] [2447] [HailoRT] [info] [internal_buffer_manager.cpp:77] [print_execution_results] Planned internal buffer memory: CMA=0 CMA-Desc=393216 Pinned=4099072. memory to edge layer usage factor is 1
[2026-07-19 00:23:03.448] [2447] [HailoRT] [info] [internal_buffer_manager.cpp:86] [print_execution_results] Default Internal buffer planner executed successfully
[2026-07-19 00:23:03.477] [2447] [HailoRT] [info] [device_internal.cpp:57] [configure] Configuring HEF took 37.448783 milliseconds
[2026-07-19 00:23:03.477] [2447] [HailoRT] [info] [vdevice.cpp:780] [configure] Configuring HEF on VDevice took 37.837325 milliseconds
[2026-07-19 00:23:03.477] [2447] [HailoRT] [info] [infer_model.cpp:417] [configure] Configuring network group 'yolov8s' with params: batch size: 2, power mode: PERFORMANCE, latency: NONE
[2026-07-19 00:23:03.477] [2447] [HailoRT] [info] [multi_io_elements.cpp:754] [create] Created (AsyncHwEl)
[2026-07-19 00:23:03.477] [2447] [HailoRT] [info] [queue_elements.cpp:450] [create] Created (EntryPushQEl0yolov8s/input_layer1 | timeout: 10s)
[2026-07-19 00:23:03.477] [2447] [HailoRT] [info] [filter_elements.cpp:101] [create] Created (PreInferEl1yolov8s/input_layer1 | Reorder - src_order: RGB4, src_shape: (640, 640, 3), dst_order: NHCW, dst_shape: (640, 640, 3))
[2026-07-19 00:23:03.477] [2447] [HailoRT] [info] [queue_elements.cpp:450] [create] Created (PushQEl1yolov8s/input_layer1 | timeout: 10s)
[2026-07-19 00:23:03.477] [2447] [HailoRT] [info] [multi_io_elements.cpp:135] [create] Created (NmsPPMuxEl0YOLOV8-Post-Process | Op YOLOV8, Name: YOLOV8-Post-Process, Score threshold: 0.300, IoU threshold: 0.45, Classes: 80, Max bboxes per class: 100, Image height: 640, Image width: 640)
[2026-07-19 00:23:03.478] [2447] [HailoRT] [info] [queue_elements.cpp:942] [create] Created (MultiPushQEl0YOLOV8-Post-Process | timeout: 10s)
[2026-07-19 00:23:03.478] [2447] [HailoRT] [info] [edge_elements.cpp:187] [create] Created (LastAsyncEl0NmsPPMuxEl0YOLOV8-Post-Process)
[2026-07-19 00:23:03.478] [2447] [HailoRT] [info] [pipeline.cpp:891] [print_deep_description] EntryPushQEl0yolov8s/input_layer1 | inputs: user | outputs: PreInferEl1yolov8s/input_layer1(running in thread_id: 2502)
[2026-07-19 00:23:03.478] [2447] [HailoRT] [info] [pipeline.cpp:891] [print_deep_description] PreInferEl1yolov8s/input_layer1 | inputs: EntryPushQEl0yolov8s/input_layer1[0] | outputs: PushQEl1yolov8s/input_layer1
[2026-07-19 00:23:03.478] [2447] [HailoRT] [info] [pipeline.cpp:891] [print_deep_description] PushQEl1yolov8s/input_layer1 | inputs: PreInferEl1yolov8s/input_layer1[0] | outputs: AsyncHwEl(running in thread_id: 2503)
[2026-07-19 00:23:03.478] [2447] [HailoRT] [info] [pipeline.cpp:891] [print_deep_description] AsyncHwEl | inputs: PushQEl1yolov8s/input_layer1[0] | outputs: MultiPushQEl0YOLOV8-Post-Process MultiPushQEl0YOLOV8-Post-Process MultiPushQEl0YOLOV8-Post-Process MultiPushQEl0YOLOV8-Post-Process MultiPushQEl0YOLOV8-Post-Process MultiPushQEl0YOLOV8-Post-Process
[2026-07-19 00:23:03.478] [2447] [HailoRT] [info] [pipeline.cpp:891] [print_deep_description] MultiPushQEl0YOLOV8-Post-Process | inputs: AsyncHwEl[0] AsyncHwEl[1] AsyncHwEl[2] AsyncHwEl[3] AsyncHwEl[4] AsyncHwEl[5] | outputs: NmsPPMuxEl0YOLOV8-Post-Process(running in thread_id: 2504)
[2026-07-19 00:23:03.478] [2447] [HailoRT] [info] [pipeline.cpp:891] [print_deep_description] NmsPPMuxEl0YOLOV8-Post-Process | inputs: MultiPushQEl0YOLOV8-Post-Process[0] | outputs: LastAsyncEl0NmsPPMuxEl0YOLOV8-Post-Process
[2026-07-19 00:23:03.478] [2447] [HailoRT] [info] [pipeline.cpp:891] [print_deep_description] LastAsyncEl0NmsPPMuxEl0YOLOV8-Post-Process | inputs: NmsPPMuxEl0YOLOV8-Post-Process[0] | outputs: user
[2026-07-19 00:23:03.818] [2488] [HailoRT] [info] [hef.cpp:1994] [get_network_group_and_network_name] No name was given. Addressing all networks of default network_group: yolov8s
[2026-07-19 00:24:04.100] [2539] [HailoRT] [info] [device.cpp:51] [Device] OS Version: Linux 6.18.34+rpt-rpi-2712 #1 SMP PREEMPT Debian 1:6.18.34-1+rpt1 (2026-06-09) aarch64
[2026-07-19 00:24:04.100] [2539] [HailoRT] [info] [control.cpp:113] [control__parse_identify_results] firmware_version is: 4.23.0
[2026-07-19 00:24:04.100] [2539] [HailoRT] [info] [control.cpp:113] [control__parse_identify_results] firmware_version is: 4.23.0
[2026-07-19 00:24:04.238] [2543] [HailoRT] [info] [device.cpp:51] [Device] OS Version: Linux 6.18.34+rpt-rpi-2712 #1 SMP PREEMPT Debian 1:6.18.34-1+rpt1 (2026-06-09) aarch64
[2026-07-19 00:24:04.239] [2543] [HailoRT] [info] [control.cpp:113] [control__parse_identify_results] firmware_version is: 4.23.0
[2026-07-19 00:24:04.239] [2543] [HailoRT] [info] [control.cpp:113] [control__parse_identify_results] firmware_version is: 4.23.0
[2026-07-19 00:24:04.300] [2521] [HailoRT] [info] [vdevice.cpp:535] [create] Creating vdevice with params: device_count: 1, scheduling_algorithm: ROUND_ROBIN, multi_process_service: false
[2026-07-19 00:24:04.312] [2521] [HailoRT] [info] [device.cpp:51] [Device] OS Version: Linux 6.18.34+rpt-rpi-2712 #1 SMP PREEMPT Debian 1:6.18.34-1+rpt1 (2026-06-09) aarch64
[2026-07-19 00:24:04.312] [2521] [HailoRT] [info] [control.cpp:113] [control__parse_identify_results] firmware_version is: 4.23.0
[2026-07-19 00:24:04.312] [2521] [HailoRT] [info] [vdevice.cpp:682] [create] VDevice Infos: 0001:01:00.0
[2026-07-19 00:24:04.322] [2521] [HailoRT] [info] [hef.cpp:1994] [get_network_group_and_network_name] No name was given. Addressing all networks of default network_group: yolov8s
[2026-07-19 00:24:04.322] [2521] [HailoRT] [info] [hef.cpp:1994] [get_network_group_and_network_name] No name was given. Addressing all networks of default network_group: yolov8s
[2026-07-19 00:24:04.373] [2521] [HailoRT] [info] [internal_buffer_manager.cpp:77] [print_execution_results] Planned internal buffer memory: CMA=0 CMA-Desc=393216 Pinned=4099072. memory to edge layer usage factor is 1
[2026-07-19 00:24:04.373] [2521] [HailoRT] [info] [internal_buffer_manager.cpp:86] [print_execution_results] Default Internal buffer planner executed successfully
[2026-07-19 00:24:04.398] [2521] [HailoRT] [info] [device_internal.cpp:57] [configure] Configuring HEF took 40.229657 milliseconds
[2026-07-19 00:24:04.398] [2521] [HailoRT] [info] [vdevice.cpp:780] [configure] Configuring HEF on VDevice took 40.536454 milliseconds
[2026-07-19 00:24:04.398] [2521] [HailoRT] [info] [infer_model.cpp:417] [configure] Configuring network group 'yolov8s' with params: batch size: 2, power mode: PERFORMANCE, latency: NONE
[2026-07-19 00:24:04.398] [2521] [HailoRT] [info] [multi_io_elements.cpp:754] [create] Created (AsyncHwEl)
[2026-07-19 00:24:04.399] [2521] [HailoRT] [info] [queue_elements.cpp:450] [create] Created (EntryPushQEl0yolov8s/input_layer1 | timeout: 10s)
[2026-07-19 00:24:04.399] [2521] [HailoRT] [info] [filter_elements.cpp:101] [create] Created (PreInferEl1yolov8s/input_layer1 | Reorder - src_order: RGB4, src_shape: (640, 640, 3), dst_order: NHCW, dst_shape: (640, 640, 3))
[2026-07-19 00:24:04.399] [2521] [HailoRT] [info] [queue_elements.cpp:450] [create] Created (PushQEl1yolov8s/input_layer1 | timeout: 10s)
[2026-07-19 00:24:04.399] [2521] [HailoRT] [info] [multi_io_elements.cpp:135] [create] Created (NmsPPMuxEl0YOLOV8-Post-Process | Op YOLOV8, Name: YOLOV8-Post-Process, Score threshold: 0.300, IoU threshold: 0.45, Classes: 80, Max bboxes per class: 100, Image height: 640, Image width: 640)
[2026-07-19 00:24:04.399] [2521] [HailoRT] [info] [queue_elements.cpp:942] [create] Created (MultiPushQEl0YOLOV8-Post-Process | timeout: 10s)
[2026-07-19 00:24:04.399] [2521] [HailoRT] [info] [edge_elements.cpp:187] [create] Created (LastAsyncEl0NmsPPMuxEl0YOLOV8-Post-Process)
[2026-07-19 00:24:04.399] [2521] [HailoRT] [info] [pipeline.cpp:891] [print_deep_description] EntryPushQEl0yolov8s/input_layer1 | inputs: user | outputs: PreInferEl1yolov8s/input_layer1(running in thread_id: 2576)
[2026-07-19 00:24:04.399] [2521] [HailoRT] [info] [pipeline.cpp:891] [print_deep_description] PreInferEl1yolov8s/input_layer1 | inputs: EntryPushQEl0yolov8s/input_layer1[0] | outputs: PushQEl1yolov8s/input_layer1
[2026-07-19 00:24:04.399] [2521] [HailoRT] [info] [pipeline.cpp:891] [print_deep_description] PushQEl1yolov8s/input_layer1 | inputs: PreInferEl1yolov8s/input_layer1[0] | outputs: AsyncHwEl(running in thread_id: 2577)
[2026-07-19 00:24:04.399] [2521] [HailoRT] [info] [pipeline.cpp:891] [print_deep_description] AsyncHwEl | inputs: PushQEl1yolov8s/input_layer1[0] | outputs: MultiPushQEl0YOLOV8-Post-Process MultiPushQEl0YOLOV8-Post-Process MultiPushQEl0YOLOV8-Post-Process MultiPushQEl0YOLOV8-Post-Process MultiPushQEl0YOLOV8-Post-Process MultiPushQEl0YOLOV8-Post-Process
[2026-07-19 00:24:04.399] [2521] [HailoRT] [info] [pipeline.cpp:891] [print_deep_description] MultiPushQEl0YOLOV8-Post-Process | inputs: AsyncHwEl[0] AsyncHwEl[1] AsyncHwEl[2] AsyncHwEl[3] AsyncHwEl[4] AsyncHwEl[5] | outputs: NmsPPMuxEl0YOLOV8-Post-Process(running in thread_id: 2578)
[2026-07-19 00:24:04.399] [2521] [HailoRT] [info] [pipeline.cpp:891] [print_deep_description] NmsPPMuxEl0YOLOV8-Post-Process | inputs: MultiPushQEl0YOLOV8-Post-Process[0] | outputs: LastAsyncEl0NmsPPMuxEl0YOLOV8-Post-Process
[2026-07-19 00:24:04.399] [2521] [HailoRT] [info] [pipeline.cpp:891] [print_deep_description] LastAsyncEl0NmsPPMuxEl0YOLOV8-Post-Process | inputs: NmsPPMuxEl0YOLOV8-Post-Process[0] | outputs: user
[2026-07-19 00:24:04.740] [2562] [HailoRT] [info] [hef.cpp:1994] [get_network_group_and_network_name] No name was given. Addressing all networks of default network_group: yolov8s
[2026-07-19 00:27:30.224] [2612] [HailoRT] [info] [device.cpp:51] [Device] OS Version: Linux 6.18.34+rpt-rpi-2712 #1 SMP PREEMPT Debian 1:6.18.34-1+rpt1 (2026-06-09) aarch64
[2026-07-19 00:27:30.224] [2612] [HailoRT] [info] [control.cpp:113] [control__parse_identify_results] firmware_version is: 4.23.0
[2026-07-19 00:27:30.225] [2612] [HailoRT] [info] [control.cpp:113] [control__parse_identify_results] firmware_version is: 4.23.0
[2026-07-19 00:27:30.393] [2616] [HailoRT] [info] [device.cpp:51] [Device] OS Version: Linux 6.18.34+rpt-rpi-2712 #1 SMP PREEMPT Debian 1:6.18.34-1+rpt1 (2026-06-09) aarch64
[2026-07-19 00:27:30.393] [2616] [HailoRT] [info] [control.cpp:113] [control__parse_identify_results] firmware_version is: 4.23.0
[2026-07-19 00:27:30.393] [2616] [HailoRT] [info] [control.cpp:113] [control__parse_identify_results] firmware_version is: 4.23.0
[2026-07-19 00:27:30.441] [2594] [HailoRT] [info] [vdevice.cpp:535] [create] Creating vdevice with params: device_count: 1, scheduling_algorithm: ROUND_ROBIN, multi_process_service: false
[2026-07-19 00:27:30.453] [2594] [HailoRT] [info] [device.cpp:51] [Device] OS Version: Linux 6.18.34+rpt-rpi-2712 #1 SMP PREEMPT Debian 1:6.18.34-1+rpt1 (2026-06-09) aarch64
[2026-07-19 00:27:30.454] [2594] [HailoRT] [info] [control.cpp:113] [control__parse_identify_results] firmware_version is: 4.23.0
[2026-07-19 00:27:30.454] [2594] [HailoRT] [info] [vdevice.cpp:682] [create] VDevice Infos: 0001:01:00.0
[2026-07-19 00:27:30.462] [2594] [HailoRT] [info] [hef.cpp:1994] [get_network_group_and_network_name] No name was given. Addressing all networks of default network_group: yolov8s
[2026-07-19 00:27:30.462] [2594] [HailoRT] [info] [hef.cpp:1994] [get_network_group_and_network_name] No name was given. Addressing all networks of default network_group: yolov8s
[2026-07-19 00:27:30.511] [2594] [HailoRT] [info] [internal_buffer_manager.cpp:77] [print_execution_results] Planned internal buffer memory: CMA=0 CMA-Desc=393216 Pinned=4099072. memory to edge layer usage factor is 1
[2026-07-19 00:27:30.511] [2594] [HailoRT] [info] [internal_buffer_manager.cpp:86] [print_execution_results] Default Internal buffer planner executed successfully
[2026-07-19 00:27:30.541] [2594] [HailoRT] [info] [device_internal.cpp:57] [configure] Configuring HEF took 38.655877 milliseconds
[2026-07-19 00:27:30.541] [2594] [HailoRT] [info] [vdevice.cpp:780] [configure] Configuring HEF on VDevice took 39.425474 milliseconds
[2026-07-19 00:27:30.541] [2594] [HailoRT] [info] [infer_model.cpp:417] [configure] Configuring network group 'yolov8s' with params: batch size: 2, power mode: PERFORMANCE, latency: NONE
[2026-07-19 00:27:30.541] [2594] [HailoRT] [info] [multi_io_elements.cpp:754] [create] Created (AsyncHwEl)
[2026-07-19 00:27:30.541] [2594] [HailoRT] [info] [queue_elements.cpp:450] [create] Created (EntryPushQEl0yolov8s/input_layer1 | timeout: 10s)
[2026-07-19 00:27:30.541] [2594] [HailoRT] [info] [filter_elements.cpp:101] [create] Created (PreInferEl1yolov8s/input_layer1 | Reorder - src_order: RGB4, src_shape: (640, 640, 3), dst_order: NHCW, dst_shape: (640, 640, 3))
[2026-07-19 00:27:30.541] [2594] [HailoRT] [info] [queue_elements.cpp:450] [create] Created (PushQEl1yolov8s/input_layer1 | timeout: 10s)
[2026-07-19 00:27:30.541] [2594] [HailoRT] [info] [multi_io_elements.cpp:135] [create] Created (NmsPPMuxEl0YOLOV8-Post-Process | Op YOLOV8, Name: YOLOV8-Post-Process, Score threshold: 0.300, IoU threshold: 0.45, Classes: 80, Max bboxes per class: 100, Image height: 640, Image width: 640)
[2026-07-19 00:27:30.542] [2594] [HailoRT] [info] [queue_elements.cpp:942] [create] Created (MultiPushQEl0YOLOV8-Post-Process | timeout: 10s)
[2026-07-19 00:27:30.542] [2594] [HailoRT] [info] [edge_elements.cpp:187] [create] Created (LastAsyncEl0NmsPPMuxEl0YOLOV8-Post-Process)
[2026-07-19 00:27:30.542] [2594] [HailoRT] [info] [pipeline.cpp:891] [print_deep_description] EntryPushQEl0yolov8s/input_layer1 | inputs: user | outputs: PreInferEl1yolov8s/input_layer1(running in thread_id: 2649)
[2026-07-19 00:27:30.542] [2594] [HailoRT] [info] [pipeline.cpp:891] [print_deep_description] PreInferEl1yolov8s/input_layer1 | inputs: EntryPushQEl0yolov8s/input_layer1[0] | outputs: PushQEl1yolov8s/input_layer1
[2026-07-19 00:27:30.542] [2594] [HailoRT] [info] [pipeline.cpp:891] [print_deep_description] PushQEl1yolov8s/input_layer1 | inputs: PreInferEl1yolov8s/input_layer1[0] | outputs: AsyncHwEl(running in thread_id: 2650)
[2026-07-19 00:27:30.542] [2594] [HailoRT] [info] [pipeline.cpp:891] [print_deep_description] AsyncHwEl | inputs: PushQEl1yolov8s/input_layer1[0] | outputs: MultiPushQEl0YOLOV8-Post-Process MultiPushQEl0YOLOV8-Post-Process MultiPushQEl0YOLOV8-Post-Process MultiPushQEl0YOLOV8-Post-Process MultiPushQEl0YOLOV8-Post-Process MultiPushQEl0YOLOV8-Post-Process
[2026-07-19 00:27:30.542] [2594] [HailoRT] [info] [pipeline.cpp:891] [print_deep_description] MultiPushQEl0YOLOV8-Post-Process | inputs: AsyncHwEl[0] AsyncHwEl[1] AsyncHwEl[2] AsyncHwEl[3] AsyncHwEl[4] AsyncHwEl[5] | outputs: NmsPPMuxEl0YOLOV8-Post-Process(running in thread_id: 2651)
[2026-07-19 00:27:30.542] [2594] [HailoRT] [info] [pipeline.cpp:891] [print_deep_description] NmsPPMuxEl0YOLOV8-Post-Process | inputs: MultiPushQEl0YOLOV8-Post-Process[0] | outputs: LastAsyncEl0NmsPPMuxEl0YOLOV8-Post-Process
[2026-07-19 00:27:30.542] [2594] [HailoRT] [info] [pipeline.cpp:891] [print_deep_description] LastAsyncEl0NmsPPMuxEl0YOLOV8-Post-Process | inputs: NmsPPMuxEl0YOLOV8-Post-Process[0] | outputs: user
[2026-07-19 00:27:30.881] [2635] [HailoRT] [info] [hef.cpp:1994] [get_network_group_and_network_name] No name was given. Addressing all networks of default network_group: yolov8s
[2026-07-19 00:34:14.798] [3314] [HailoRT] [info] [device.cpp:51] [Device] OS Version: Linux 6.18.34+rpt-rpi-2712 #1 SMP PREEMPT Debian 1:6.18.34-1+rpt1 (2026-06-09) aarch64
[2026-07-19 00:34:14.798] [3314] [HailoRT] [info] [control.cpp:113] [control__parse_identify_results] firmware_version is: 4.23.0
[2026-07-19 00:34:14.798] [3314] [HailoRT] [info] [control.cpp:113] [control__parse_identify_results] firmware_version is: 4.23.0
[2026-07-19 00:34:14.934] [3318] [HailoRT] [info] [device.cpp:51] [Device] OS Version: Linux 6.18.34+rpt-rpi-2712 #1 SMP PREEMPT Debian 1:6.18.34-1+rpt1 (2026-06-09) aarch64
[2026-07-19 00:34:14.934] [3318] [HailoRT] [info] [control.cpp:113] [control__parse_identify_results] firmware_version is: 4.23.0
[2026-07-19 00:34:14.934] [3318] [HailoRT] [info] [control.cpp:113] [control__parse_identify_results] firmware_version is: 4.23.0
[2026-07-19 00:34:14.991] [3296] [HailoRT] [info] [vdevice.cpp:535] [create] Creating vdevice with params: device_count: 1, scheduling_algorithm: ROUND_ROBIN, multi_process_service: false
[2026-07-19 00:34:15.002] [3296] [HailoRT] [info] [device.cpp:51] [Device] OS Version: Linux 6.18.34+rpt-rpi-2712 #1 SMP PREEMPT Debian 1:6.18.34-1+rpt1 (2026-06-09) aarch64
[2026-07-19 00:34:15.002] [3296] [HailoRT] [info] [control.cpp:113] [control__parse_identify_results] firmware_version is: 4.23.0
[2026-07-19 00:34:15.002] [3296] [HailoRT] [info] [vdevice.cpp:682] [create] VDevice Infos: 0001:01:00.0
[2026-07-19 00:34:15.012] [3296] [HailoRT] [info] [hef.cpp:1994] [get_network_group_and_network_name] No name was given. Addressing all networks of default network_group: yolov8s
[2026-07-19 00:34:15.012] [3296] [HailoRT] [info] [hef.cpp:1994] [get_network_group_and_network_name] No name was given. Addressing all networks of default network_group: yolov8s
[2026-07-19 00:34:15.056] [3296] [HailoRT] [info] [internal_buffer_manager.cpp:77] [print_execution_results] Planned internal buffer memory: CMA=0 CMA-Desc=393216 Pinned=4099072. memory to edge layer usage factor is 1
[2026-07-19 00:34:15.056] [3296] [HailoRT] [info] [internal_buffer_manager.cpp:86] [print_execution_results] Default Internal buffer planner executed successfully
[2026-07-19 00:34:15.087] [3296] [HailoRT] [info] [device_internal.cpp:57] [configure] Configuring HEF took 38.7619 milliseconds
[2026-07-19 00:34:15.087] [3296] [HailoRT] [info] [vdevice.cpp:780] [configure] Configuring HEF on VDevice took 39.067308 milliseconds
[2026-07-19 00:34:15.087] [3296] [HailoRT] [info] [infer_model.cpp:417] [configure] Configuring network group 'yolov8s' with params: batch size: 2, power mode: PERFORMANCE, latency: NONE
[2026-07-19 00:34:15.087] [3296] [HailoRT] [info] [multi_io_elements.cpp:754] [create] Created (AsyncHwEl)
[2026-07-19 00:34:15.088] [3296] [HailoRT] [info] [queue_elements.cpp:450] [create] Created (EntryPushQEl0yolov8s/input_layer1 | timeout: 10s)
[2026-07-19 00:34:15.088] [3296] [HailoRT] [info] [filter_elements.cpp:101] [create] Created (PreInferEl1yolov8s/input_layer1 | Reorder - src_order: RGB4, src_shape: (640, 640, 3), dst_order: NHCW, dst_shape: (640, 640, 3))
[2026-07-19 00:34:15.088] [3296] [HailoRT] [info] [queue_elements.cpp:450] [create] Created (PushQEl1yolov8s/input_layer1 | timeout: 10s)
[2026-07-19 00:34:15.088] [3296] [HailoRT] [info] [multi_io_elements.cpp:135] [create] Created (NmsPPMuxEl0YOLOV8-Post-Process | Op YOLOV8, Name: YOLOV8-Post-Process, Score threshold: 0.300, IoU threshold: 0.45, Classes: 80, Max bboxes per class: 100, Image height: 640, Image width: 640)
[2026-07-19 00:34:15.088] [3296] [HailoRT] [info] [queue_elements.cpp:942] [create] Created (MultiPushQEl0YOLOV8-Post-Process | timeout: 10s)
[2026-07-19 00:34:15.088] [3296] [HailoRT] [info] [edge_elements.cpp:187] [create] Created (LastAsyncEl0NmsPPMuxEl0YOLOV8-Post-Process)
[2026-07-19 00:34:15.088] [3296] [HailoRT] [info] [pipeline.cpp:891] [print_deep_description] EntryPushQEl0yolov8s/input_layer1 | inputs: user | outputs: PreInferEl1yolov8s/input_layer1(running in thread_id: 3351)
[2026-07-19 00:34:15.088] [3296] [HailoRT] [info] [pipeline.cpp:891] [print_deep_description] PreInferEl1yolov8s/input_layer1 | inputs: EntryPushQEl0yolov8s/input_layer1[0] | outputs: PushQEl1yolov8s/input_layer1
[2026-07-19 00:34:15.088] [3296] [HailoRT] [info] [pipeline.cpp:891] [print_deep_description] PushQEl1yolov8s/input_layer1 | inputs: PreInferEl1yolov8s/input_layer1[0] | outputs: AsyncHwEl(running in thread_id: 3352)
[2026-07-19 00:34:15.088] [3296] [HailoRT] [info] [pipeline.cpp:891] [print_deep_description] AsyncHwEl | inputs: PushQEl1yolov8s/input_layer1[0] | outputs: MultiPushQEl0YOLOV8-Post-Process MultiPushQEl0YOLOV8-Post-Process MultiPushQEl0YOLOV8-Post-Process MultiPushQEl0YOLOV8-Post-Process MultiPushQEl0YOLOV8-Post-Process MultiPushQEl0YOLOV8-Post-Process
[2026-07-19 00:34:15.088] [3296] [HailoRT] [info] [pipeline.cpp:891] [print_deep_description] MultiPushQEl0YOLOV8-Post-Process | inputs: AsyncHwEl[0] AsyncHwEl[1] AsyncHwEl[2] AsyncHwEl[3] AsyncHwEl[4] AsyncHwEl[5] | outputs: NmsPPMuxEl0YOLOV8-Post-Process(running in thread_id: 3353)
[2026-07-19 00:34:15.088] [3296] [HailoRT] [info] [pipeline.cpp:891] [print_deep_description] NmsPPMuxEl0YOLOV8-Post-Process | inputs: MultiPushQEl0YOLOV8-Post-Process[0] | outputs: LastAsyncEl0NmsPPMuxEl0YOLOV8-Post-Process
[2026-07-19 00:34:15.088] [3296] [HailoRT] [info] [pipeline.cpp:891] [print_deep_description] LastAsyncEl0NmsPPMuxEl0YOLOV8-Post-Process | inputs: NmsPPMuxEl0YOLOV8-Post-Process[0] | outputs: user
[2026-07-19 00:34:15.429] [3337] [HailoRT] [info] [hef.cpp:1994] [get_network_group_and_network_name] No name was given. Addressing all networks of default network_group: yolov8s
[2026-07-19 00:36:11.104] [3385] [HailoRT] [info] [device.cpp:51] [Device] OS Version: Linux 6.18.34+rpt-rpi-2712 #1 SMP PREEMPT Debian 1:6.18.34-1+rpt1 (2026-06-09) aarch64
[2026-07-19 00:36:11.105] [3385] [HailoRT] [info] [control.cpp:113] [control__parse_identify_results] firmware_version is: 4.23.0
[2026-07-19 00:36:11.105] [3385] [HailoRT] [info] [control.cpp:113] [control__parse_identify_results] firmware_version is: 4.23.0
[2026-07-19 00:36:11.245] [3389] [HailoRT] [info] [device.cpp:51] [Device] OS Version: Linux 6.18.34+rpt-rpi-2712 #1 SMP PREEMPT Debian 1:6.18.34-1+rpt1 (2026-06-09) aarch64
[2026-07-19 00:36:11.245] [3389] [HailoRT] [info] [control.cpp:113] [control__parse_identify_results] firmware_version is: 4.23.0
[2026-07-19 00:36:11.246] [3389] [HailoRT] [info] [control.cpp:113] [control__parse_identify_results] firmware_version is: 4.23.0
[2026-07-19 00:36:11.307] [3367] [HailoRT] [info] [vdevice.cpp:535] [create] Creating vdevice with params: device_count: 1, scheduling_algorithm: ROUND_ROBIN, multi_process_service: false
[2026-07-19 00:36:11.320] [3367] [HailoRT] [info] [device.cpp:51] [Device] OS Version: Linux 6.18.34+rpt-rpi-2712 #1 SMP PREEMPT Debian 1:6.18.34-1+rpt1 (2026-06-09) aarch64
[2026-07-19 00:36:11.320] [3367] [HailoRT] [info] [control.cpp:113] [control__parse_identify_results] firmware_version is: 4.23.0
[2026-07-19 00:36:11.320] [3367] [HailoRT] [info] [vdevice.cpp:682] [create] VDevice Infos: 0001:01:00.0
[2026-07-19 00:36:11.330] [3367] [HailoRT] [info] [hef.cpp:1994] [get_network_group_and_network_name] No name was given. Addressing all networks of default network_group: yolov8s
[2026-07-19 00:36:11.330] [3367] [HailoRT] [info] [hef.cpp:1994] [get_network_group_and_network_name] No name was given. Addressing all networks of default network_group: yolov8s
[2026-07-19 00:36:11.376] [3367] [HailoRT] [info] [internal_buffer_manager.cpp:77] [print_execution_results] Planned internal buffer memory: CMA=0 CMA-Desc=393216 Pinned=4099072. memory to edge layer usage factor is 1
[2026-07-19 00:36:11.376] [3367] [HailoRT] [info] [internal_buffer_manager.cpp:86] [print_execution_results] Default Internal buffer planner executed successfully
[2026-07-19 00:36:11.405] [3367] [HailoRT] [info] [device_internal.cpp:57] [configure] Configuring HEF took 37.349729 milliseconds
[2026-07-19 00:36:11.405] [3367] [HailoRT] [info] [vdevice.cpp:780] [configure] Configuring HEF on VDevice took 37.65469 milliseconds
[2026-07-19 00:36:11.405] [3367] [HailoRT] [info] [infer_model.cpp:417] [configure] Configuring network group 'yolov8s' with params: batch size: 2, power mode: PERFORMANCE, latency: NONE
[2026-07-19 00:36:11.405] [3367] [HailoRT] [info] [multi_io_elements.cpp:754] [create] Created (AsyncHwEl)
[2026-07-19 00:36:11.405] [3367] [HailoRT] [info] [queue_elements.cpp:450] [create] Created (EntryPushQEl0yolov8s/input_layer1 | timeout: 10s)
[2026-07-19 00:36:11.405] [3367] [HailoRT] [info] [filter_elements.cpp:101] [create] Created (PreInferEl1yolov8s/input_layer1 | Reorder - src_order: RGB4, src_shape: (640, 640, 3), dst_order: NHCW, dst_shape: (640, 640, 3))
[2026-07-19 00:36:11.405] [3367] [HailoRT] [info] [queue_elements.cpp:450] [create] Created (PushQEl1yolov8s/input_layer1 | timeout: 10s)
[2026-07-19 00:36:11.405] [3367] [HailoRT] [info] [multi_io_elements.cpp:135] [create] Created (NmsPPMuxEl0YOLOV8-Post-Process | Op YOLOV8, Name: YOLOV8-Post-Process, Score threshold: 0.300, IoU threshold: 0.45, Classes: 80, Max bboxes per class: 100, Image height: 640, Image width: 640)
[2026-07-19 00:36:11.406] [3367] [HailoRT] [info] [queue_elements.cpp:942] [create] Created (MultiPushQEl0YOLOV8-Post-Process | timeout: 10s)
[2026-07-19 00:36:11.406] [3367] [HailoRT] [info] [edge_elements.cpp:187] [create] Created (LastAsyncEl0NmsPPMuxEl0YOLOV8-Post-Process)
[2026-07-19 00:36:11.406] [3367] [HailoRT] [info] [pipeline.cpp:891] [print_deep_description] EntryPushQEl0yolov8s/input_layer1 | inputs: user | outputs: PreInferEl1yolov8s/input_layer1(running in thread_id: 3422)
[2026-07-19 00:36:11.406] [3367] [HailoRT] [info] [pipeline.cpp:891] [print_deep_description] PreInferEl1yolov8s/input_layer1 | inputs: EntryPushQEl0yolov8s/input_layer1[0] | outputs: PushQEl1yolov8s/input_layer1
[2026-07-19 00:36:11.406] [3367] [HailoRT] [info] [pipeline.cpp:891] [print_deep_description] PushQEl1yolov8s/input_layer1 | inputs: PreInferEl1yolov8s/input_layer1[0] | outputs: AsyncHwEl(running in thread_id: 3423)
[2026-07-19 00:36:11.406] [3367] [HailoRT] [info] [pipeline.cpp:891] [print_deep_description] AsyncHwEl | inputs: PushQEl1yolov8s/input_layer1[0] | outputs: MultiPushQEl0YOLOV8-Post-Process MultiPushQEl0YOLOV8-Post-Process MultiPushQEl0YOLOV8-Post-Process MultiPushQEl0YOLOV8-Post-Process MultiPushQEl0YOLOV8-Post-Process MultiPushQEl0YOLOV8-Post-Process
[2026-07-19 00:36:11.406] [3367] [HailoRT] [info] [pipeline.cpp:891] [print_deep_description] MultiPushQEl0YOLOV8-Post-Process | inputs: AsyncHwEl[0] AsyncHwEl[1] AsyncHwEl[2] AsyncHwEl[3] AsyncHwEl[4] AsyncHwEl[5] | outputs: NmsPPMuxEl0YOLOV8-Post-Process(running in thread_id: 3424)
[2026-07-19 00:36:11.406] [3367] [HailoRT] [info] [pipeline.cpp:891] [print_deep_description] NmsPPMuxEl0YOLOV8-Post-Process | inputs: MultiPushQEl0YOLOV8-Post-Process[0] | outputs: LastAsyncEl0NmsPPMuxEl0YOLOV8-Post-Process
[2026-07-19 00:36:11.406] [3367] [HailoRT] [info] [pipeline.cpp:891] [print_deep_description] LastAsyncEl0NmsPPMuxEl0YOLOV8-Post-Process | inputs: NmsPPMuxEl0YOLOV8-Post-Process[0] | outputs: user
[2026-07-19 00:36:11.748] [3408] [HailoRT] [info] [hef.cpp:1994] [get_network_group_and_network_name] No name was given. Addressing all networks of default network_group: yolov8s
[2026-07-19 00:40:03.064] [3476] [HailoRT] [info] [device.cpp:51] [Device] OS Version: Linux 6.18.34+rpt-rpi-2712 #1 SMP PREEMPT Debian 1:6.18.34-1+rpt1 (2026-06-09) aarch64
[2026-07-19 00:40:03.064] [3476] [HailoRT] [info] [control.cpp:113] [control__parse_identify_results] firmware_version is: 4.23.0
[2026-07-19 00:40:03.064] [3476] [HailoRT] [info] [control.cpp:113] [control__parse_identify_results] firmware_version is: 4.23.0
[2026-07-19 00:40:03.206] [3480] [HailoRT] [info] [device.cpp:51] [Device] OS Version: Linux 6.18.34+rpt-rpi-2712 #1 SMP PREEMPT Debian 1:6.18.34-1+rpt1 (2026-06-09) aarch64
[2026-07-19 00:40:03.207] [3480] [HailoRT] [info] [control.cpp:113] [control__parse_identify_results] firmware_version is: 4.23.0
[2026-07-19 00:40:03.207] [3480] [HailoRT] [info] [control.cpp:113] [control__parse_identify_results] firmware_version is: 4.23.0
[2026-07-19 00:40:03.279] [3458] [HailoRT] [info] [vdevice.cpp:535] [create] Creating vdevice with params: device_count: 1, scheduling_algorithm: ROUND_ROBIN, multi_process_service: false
[2026-07-19 00:40:03.290] [3458] [HailoRT] [info] [device.cpp:51] [Device] OS Version: Linux 6.18.34+rpt-rpi-2712 #1 SMP PREEMPT Debian 1:6.18.34-1+rpt1 (2026-06-09) aarch64
[2026-07-19 00:40:03.290] [3458] [HailoRT] [info] [control.cpp:113] [control__parse_identify_results] firmware_version is: 4.23.0
[2026-07-19 00:40:03.290] [3458] [HailoRT] [info] [vdevice.cpp:682] [create] VDevice Infos: 0001:01:00.0
[2026-07-19 00:40:03.300] [3458] [HailoRT] [info] [hef.cpp:1994] [get_network_group_and_network_name] No name was given. Addressing all networks of default network_group: yolov8s
[2026-07-19 00:40:03.300] [3458] [HailoRT] [info] [hef.cpp:1994] [get_network_group_and_network_name] No name was given. Addressing all networks of default network_group: yolov8s
[2026-07-19 00:40:03.357] [3458] [HailoRT] [info] [internal_buffer_manager.cpp:77] [print_execution_results] Planned internal buffer memory: CMA=0 CMA-Desc=393216 Pinned=4099072. memory to edge layer usage factor is 1
[2026-07-19 00:40:03.357] [3458] [HailoRT] [info] [internal_buffer_manager.cpp:86] [print_execution_results] Default Internal buffer planner executed successfully
[2026-07-19 00:40:03.388] [3458] [HailoRT] [info] [device_internal.cpp:57] [configure] Configuring HEF took 42.219515 milliseconds
[2026-07-19 00:40:03.388] [3458] [HailoRT] [info] [vdevice.cpp:780] [configure] Configuring HEF on VDevice took 42.634546 milliseconds
[2026-07-19 00:40:03.388] [3458] [HailoRT] [info] [infer_model.cpp:417] [configure] Configuring network group 'yolov8s' with params: batch size: 2, power mode: PERFORMANCE, latency: NONE
[2026-07-19 00:40:03.388] [3458] [HailoRT] [info] [multi_io_elements.cpp:754] [create] Created (AsyncHwEl)
[2026-07-19 00:40:03.389] [3458] [HailoRT] [info] [queue_elements.cpp:450] [create] Created (EntryPushQEl0yolov8s/input_layer1 | timeout: 10s)
[2026-07-19 00:40:03.389] [3458] [HailoRT] [info] [filter_elements.cpp:101] [create] Created (PreInferEl1yolov8s/input_layer1 | Reorder - src_order: RGB4, src_shape: (640, 640, 3), dst_order: NHCW, dst_shape: (640, 640, 3))
[2026-07-19 00:40:03.389] [3458] [HailoRT] [info] [queue_elements.cpp:450] [create] Created (PushQEl1yolov8s/input_layer1 | timeout: 10s)
[2026-07-19 00:40:03.389] [3458] [HailoRT] [info] [multi_io_elements.cpp:135] [create] Created (NmsPPMuxEl0YOLOV8-Post-Process | Op YOLOV8, Name: YOLOV8-Post-Process, Score threshold: 0.300, IoU threshold: 0.45, Classes: 80, Max bboxes per class: 100, Image height: 640, Image width: 640)
[2026-07-19 00:40:03.390] [3458] [HailoRT] [info] [queue_elements.cpp:942] [create] Created (MultiPushQEl0YOLOV8-Post-Process | timeout: 10s)
[2026-07-19 00:40:03.390] [3458] [HailoRT] [info] [edge_elements.cpp:187] [create] Created (LastAsyncEl0NmsPPMuxEl0YOLOV8-Post-Process)
[2026-07-19 00:40:03.390] [3458] [HailoRT] [info] [pipeline.cpp:891] [print_deep_description] EntryPushQEl0yolov8s/input_layer1 | inputs: user | outputs: PreInferEl1yolov8s/input_layer1(running in thread_id: 3513)
[2026-07-19 00:40:03.390] [3458] [HailoRT] [info] [pipeline.cpp:891] [print_deep_description] PreInferEl1yolov8s/input_layer1 | inputs: EntryPushQEl0yolov8s/input_layer1[0] | outputs: PushQEl1yolov8s/input_layer1
[2026-07-19 00:40:03.390] [3458] [HailoRT] [info] [pipeline.cpp:891] [print_deep_description] PushQEl1yolov8s/input_layer1 | inputs: PreInferEl1yolov8s/input_layer1[0] | outputs: AsyncHwEl(running in thread_id: 3514)
[2026-07-19 00:40:03.390] [3458] [HailoRT] [info] [pipeline.cpp:891] [print_deep_description] AsyncHwEl | inputs: PushQEl1yolov8s/input_layer1[0] | outputs: MultiPushQEl0YOLOV8-Post-Process MultiPushQEl0YOLOV8-Post-Process MultiPushQEl0YOLOV8-Post-Process MultiPushQEl0YOLOV8-Post-Process MultiPushQEl0YOLOV8-Post-Process MultiPushQEl0YOLOV8-Post-Process
[2026-07-19 00:40:03.390] [3458] [HailoRT] [info] [pipeline.cpp:891] [print_deep_description] MultiPushQEl0YOLOV8-Post-Process | inputs: AsyncHwEl[0] AsyncHwEl[1] AsyncHwEl[2] AsyncHwEl[3] AsyncHwEl[4] AsyncHwEl[5] | outputs: NmsPPMuxEl0YOLOV8-Post-Process(running in thread_id: 3515)
[2026-07-19 00:40:03.390] [3458] [HailoRT] [info] [pipeline.cpp:891] [print_deep_description] NmsPPMuxEl0YOLOV8-Post-Process | inputs: MultiPushQEl0YOLOV8-Post-Process[0] | outputs: LastAsyncEl0NmsPPMuxEl0YOLOV8-Post-Process
[2026-07-19 00:40:03.390] [3458] [HailoRT] [info] [pipeline.cpp:891] [print_deep_description] LastAsyncEl0NmsPPMuxEl0YOLOV8-Post-Process | inputs: NmsPPMuxEl0YOLOV8-Post-Process[0] | outputs: user
[2026-07-19 00:40:03.731] [3499] [HailoRT] [info] [hef.cpp:1994] [get_network_group_and_network_name] No name was given. Addressing all networks of default network_group: yolov8s
[2026-07-19 00:41:40.642] [3584] [HailoRT] [info] [device.cpp:51] [Device] OS Version: Linux 6.18.34+rpt-rpi-2712 #1 SMP PREEMPT Debian 1:6.18.34-1+rpt1 (2026-06-09) aarch64
[2026-07-19 00:41:40.642] [3584] [HailoRT] [info] [control.cpp:113] [control__parse_identify_results] firmware_version is: 4.23.0
[2026-07-19 00:41:40.642] [3584] [HailoRT] [info] [control.cpp:113] [control__parse_identify_results] firmware_version is: 4.23.0
[2026-07-19 00:41:40.791] [3588] [HailoRT] [info] [device.cpp:51] [Device] OS Version: Linux 6.18.34+rpt-rpi-2712 #1 SMP PREEMPT Debian 1:6.18.34-1+rpt1 (2026-06-09) aarch64
[2026-07-19 00:41:40.791] [3588] [HailoRT] [info] [control.cpp:113] [control__parse_identify_results] firmware_version is: 4.23.0
[2026-07-19 00:41:40.791] [3588] [HailoRT] [info] [control.cpp:113] [control__parse_identify_results] firmware_version is: 4.23.0
[2026-07-19 00:41:40.864] [3566] [HailoRT] [info] [vdevice.cpp:535] [create] Creating vdevice with params: device_count: 1, scheduling_algorithm: ROUND_ROBIN, multi_process_service: false
[2026-07-19 00:41:40.876] [3566] [HailoRT] [info] [device.cpp:51] [Device] OS Version: Linux 6.18.34+rpt-rpi-2712 #1 SMP PREEMPT Debian 1:6.18.34-1+rpt1 (2026-06-09) aarch64
[2026-07-19 00:41:40.876] [3566] [HailoRT] [info] [control.cpp:113] [control__parse_identify_results] firmware_version is: 4.23.0
[2026-07-19 00:41:40.876] [3566] [HailoRT] [info] [vdevice.cpp:682] [create] VDevice Infos: 0001:01:00.0
[2026-07-19 00:41:40.885] [3566] [HailoRT] [info] [hef.cpp:1994] [get_network_group_and_network_name] No name was given. Addressing all networks of default network_group: yolov8s
[2026-07-19 00:41:40.885] [3566] [HailoRT] [info] [hef.cpp:1994] [get_network_group_and_network_name] No name was given. Addressing all networks of default network_group: yolov8s
[2026-07-19 00:41:40.931] [3566] [HailoRT] [info] [internal_buffer_manager.cpp:77] [print_execution_results] Planned internal buffer memory: CMA=0 CMA-Desc=393216 Pinned=4099072. memory to edge layer usage factor is 1
[2026-07-19 00:41:40.931] [3566] [HailoRT] [info] [internal_buffer_manager.cpp:86] [print_execution_results] Default Internal buffer planner executed successfully
[2026-07-19 00:41:40.960] [3566] [HailoRT] [info] [device_internal.cpp:57] [configure] Configuring HEF took 36.736789 milliseconds
[2026-07-19 00:41:40.960] [3566] [HailoRT] [info] [vdevice.cpp:780] [configure] Configuring HEF on VDevice took 37.061265 milliseconds
[2026-07-19 00:41:40.960] [3566] [HailoRT] [info] [infer_model.cpp:417] [configure] Configuring network group 'yolov8s' with params: batch size: 2, power mode: PERFORMANCE, latency: NONE
[2026-07-19 00:41:40.960] [3566] [HailoRT] [info] [multi_io_elements.cpp:754] [create] Created (AsyncHwEl)
[2026-07-19 00:41:40.960] [3566] [HailoRT] [info] [queue_elements.cpp:450] [create] Created (EntryPushQEl0yolov8s/input_layer1 | timeout: 10s)
[2026-07-19 00:41:40.960] [3566] [HailoRT] [info] [filter_elements.cpp:101] [create] Created (PreInferEl1yolov8s/input_layer1 | Reorder - src_order: RGB4, src_shape: (640, 640, 3), dst_order: NHCW, dst_shape: (640, 640, 3))
[2026-07-19 00:41:40.960] [3566] [HailoRT] [info] [queue_elements.cpp:450] [create] Created (PushQEl1yolov8s/input_layer1 | timeout: 10s)
[2026-07-19 00:41:40.960] [3566] [HailoRT] [info] [multi_io_elements.cpp:135] [create] Created (NmsPPMuxEl0YOLOV8-Post-Process | Op YOLOV8, Name: YOLOV8-Post-Process, Score threshold: 0.300, IoU threshold: 0.45, Classes: 80, Max bboxes per class: 100, Image height: 640, Image width: 640)
[2026-07-19 00:41:40.961] [3566] [HailoRT] [info] [queue_elements.cpp:942] [create] Created (MultiPushQEl0YOLOV8-Post-Process | timeout: 10s)
[2026-07-19 00:41:40.961] [3566] [HailoRT] [info] [edge_elements.cpp:187] [create] Created (LastAsyncEl0NmsPPMuxEl0YOLOV8-Post-Process)
[2026-07-19 00:41:40.961] [3566] [HailoRT] [info] [pipeline.cpp:891] [print_deep_description] EntryPushQEl0yolov8s/input_layer1 | inputs: user | outputs: PreInferEl1yolov8s/input_layer1(running in thread_id: 3621)
[2026-07-19 00:41:40.961] [3566] [HailoRT] [info] [pipeline.cpp:891] [print_deep_description] PreInferEl1yolov8s/input_layer1 | inputs: EntryPushQEl0yolov8s/input_layer1[0] | outputs: PushQEl1yolov8s/input_layer1
[2026-07-19 00:41:40.961] [3566] [HailoRT] [info] [pipeline.cpp:891] [print_deep_description] PushQEl1yolov8s/input_layer1 | inputs: PreInferEl1yolov8s/input_layer1[0] | outputs: AsyncHwEl(running in thread_id: 3622)
[2026-07-19 00:41:40.961] [3566] [HailoRT] [info] [pipeline.cpp:891] [print_deep_description] AsyncHwEl | inputs: PushQEl1yolov8s/input_layer1[0] | outputs: MultiPushQEl0YOLOV8-Post-Process MultiPushQEl0YOLOV8-Post-Process MultiPushQEl0YOLOV8-Post-Process MultiPushQEl0YOLOV8-Post-Process MultiPushQEl0YOLOV8-Post-Process MultiPushQEl0YOLOV8-Post-Process
[2026-07-19 00:41:40.961] [3566] [HailoRT] [info] [pipeline.cpp:891] [print_deep_description] MultiPushQEl0YOLOV8-Post-Process | inputs: AsyncHwEl[0] AsyncHwEl[1] AsyncHwEl[2] AsyncHwEl[3] AsyncHwEl[4] AsyncHwEl[5] | outputs: NmsPPMuxEl0YOLOV8-Post-Process(running in thread_id: 3623)
[2026-07-19 00:41:40.961] [3566] [HailoRT] [info] [pipeline.cpp:891] [print_deep_description] NmsPPMuxEl0YOLOV8-Post-Process | inputs: MultiPushQEl0YOLOV8-Post-Process[0] | outputs: LastAsyncEl0NmsPPMuxEl0YOLOV8-Post-Process
[2026-07-19 00:41:40.961] [3566] [HailoRT] [info] [pipeline.cpp:891] [print_deep_description] LastAsyncEl0NmsPPMuxEl0YOLOV8-Post-Process | inputs: NmsPPMuxEl0YOLOV8-Post-Process[0] | outputs: user
[2026-07-19 00:41:41.303] [3607] [HailoRT] [info] [hef.cpp:1994] [get_network_group_and_network_name] No name was given. Addressing all networks of default network_group: yolov8s
[2026-07-19 00:43:36.922] [3656] [HailoRT] [info] [device.cpp:51] [Device] OS Version: Linux 6.18.34+rpt-rpi-2712 #1 SMP PREEMPT Debian 1:6.18.34-1+rpt1 (2026-06-09) aarch64
[2026-07-19 00:43:36.922] [3656] [HailoRT] [info] [control.cpp:113] [control__parse_identify_results] firmware_version is: 4.23.0
[2026-07-19 00:43:36.923] [3656] [HailoRT] [info] [control.cpp:113] [control__parse_identify_results] firmware_version is: 4.23.0
[2026-07-19 00:43:37.066] [3660] [HailoRT] [info] [device.cpp:51] [Device] OS Version: Linux 6.18.34+rpt-rpi-2712 #1 SMP PREEMPT Debian 1:6.18.34-1+rpt1 (2026-06-09) aarch64
[2026-07-19 00:43:37.068] [3660] [HailoRT] [info] [control.cpp:113] [control__parse_identify_results] firmware_version is: 4.23.0
[2026-07-19 00:43:37.068] [3660] [HailoRT] [info] [control.cpp:113] [control__parse_identify_results] firmware_version is: 4.23.0
[2026-07-19 00:43:37.124] [3636] [HailoRT] [info] [vdevice.cpp:535] [create] Creating vdevice with params: device_count: 1, scheduling_algorithm: ROUND_ROBIN, multi_process_service: false
[2026-07-19 00:43:37.137] [3636] [HailoRT] [info] [device.cpp:51] [Device] OS Version: Linux 6.18.34+rpt-rpi-2712 #1 SMP PREEMPT Debian 1:6.18.34-1+rpt1 (2026-06-09) aarch64
[2026-07-19 00:43:37.137] [3636] [HailoRT] [info] [control.cpp:113] [control__parse_identify_results] firmware_version is: 4.23.0
[2026-07-19 00:43:37.137] [3636] [HailoRT] [info] [vdevice.cpp:682] [create] VDevice Infos: 0001:01:00.0
[2026-07-19 00:43:37.146] [3636] [HailoRT] [info] [hef.cpp:1994] [get_network_group_and_network_name] No name was given. Addressing all networks of default network_group: yolov8s
[2026-07-19 00:43:37.146] [3636] [HailoRT] [info] [hef.cpp:1994] [get_network_group_and_network_name] No name was given. Addressing all networks of default network_group: yolov8s
[2026-07-19 00:43:37.195] [3636] [HailoRT] [info] [internal_buffer_manager.cpp:77] [print_execution_results] Planned internal buffer memory: CMA=0 CMA-Desc=393216 Pinned=4099072. memory to edge layer usage factor is 1
[2026-07-19 00:43:37.195] [3636] [HailoRT] [info] [internal_buffer_manager.cpp:86] [print_execution_results] Default Internal buffer planner executed successfully
[2026-07-19 00:43:37.226] [3636] [HailoRT] [info] [device_internal.cpp:57] [configure] Configuring HEF took 38.810793 milliseconds
[2026-07-19 00:43:37.226] [3636] [HailoRT] [info] [vdevice.cpp:780] [configure] Configuring HEF on VDevice took 39.15001 milliseconds
[2026-07-19 00:43:37.226] [3636] [HailoRT] [info] [infer_model.cpp:417] [configure] Configuring network group 'yolov8s' with params: batch size: 2, power mode: PERFORMANCE, latency: NONE
[2026-07-19 00:43:37.226] [3636] [HailoRT] [info] [multi_io_elements.cpp:754] [create] Created (AsyncHwEl)
[2026-07-19 00:43:37.226] [3636] [HailoRT] [info] [queue_elements.cpp:450] [create] Created (EntryPushQEl0yolov8s/input_layer1 | timeout: 10s)
[2026-07-19 00:43:37.226] [3636] [HailoRT] [info] [filter_elements.cpp:101] [create] Created (PreInferEl1yolov8s/input_layer1 | Reorder - src_order: RGB4, src_shape: (640, 640, 3), dst_order: NHCW, dst_shape: (640, 640, 3))
[2026-07-19 00:43:37.227] [3636] [HailoRT] [info] [queue_elements.cpp:450] [create] Created (PushQEl1yolov8s/input_layer1 | timeout: 10s)
[2026-07-19 00:43:37.227] [3636] [HailoRT] [info] [multi_io_elements.cpp:135] [create] Created (NmsPPMuxEl0YOLOV8-Post-Process | Op YOLOV8, Name: YOLOV8-Post-Process, Score threshold: 0.300, IoU threshold: 0.45, Classes: 80, Max bboxes per class: 100, Image height: 640, Image width: 640)
[2026-07-19 00:43:37.227] [3636] [HailoRT] [info] [queue_elements.cpp:942] [create] Created (MultiPushQEl0YOLOV8-Post-Process | timeout: 10s)
[2026-07-19 00:43:37.227] [3636] [HailoRT] [info] [edge_elements.cpp:187] [create] Created (LastAsyncEl0NmsPPMuxEl0YOLOV8-Post-Process)
[2026-07-19 00:43:37.227] [3636] [HailoRT] [info] [pipeline.cpp:891] [print_deep_description] EntryPushQEl0yolov8s/input_layer1 | inputs: user | outputs: PreInferEl1yolov8s/input_layer1(running in thread_id: 3693)
[2026-07-19 00:43:37.227] [3636] [HailoRT] [info] [pipeline.cpp:891] [print_deep_description] PreInferEl1yolov8s/input_layer1 | inputs: EntryPushQEl0yolov8s/input_layer1[0] | outputs: PushQEl1yolov8s/input_layer1
[2026-07-19 00:43:37.227] [3636] [HailoRT] [info] [pipeline.cpp:891] [print_deep_description] PushQEl1yolov8s/input_layer1 | inputs: PreInferEl1yolov8s/input_layer1[0] | outputs: AsyncHwEl(running in thread_id: 3694)
[2026-07-19 00:43:37.227] [3636] [HailoRT] [info] [pipeline.cpp:891] [print_deep_description] AsyncHwEl | inputs: PushQEl1yolov8s/input_layer1[0] | outputs: MultiPushQEl0YOLOV8-Post-Process MultiPushQEl0YOLOV8-Post-Process MultiPushQEl0YOLOV8-Post-Process MultiPushQEl0YOLOV8-Post-Process MultiPushQEl0YOLOV8-Post-Process MultiPushQEl0YOLOV8-Post-Process
[2026-07-19 00:43:37.227] [3636] [HailoRT] [info] [pipeline.cpp:891] [print_deep_description] MultiPushQEl0YOLOV8-Post-Process | inputs: AsyncHwEl[0] AsyncHwEl[1] AsyncHwEl[2] AsyncHwEl[3] AsyncHwEl[4] AsyncHwEl[5] | outputs: NmsPPMuxEl0YOLOV8-Post-Process(running in thread_id: 3695)
[2026-07-19 00:43:37.227] [3636] [HailoRT] [info] [pipeline.cpp:891] [print_deep_description] NmsPPMuxEl0YOLOV8-Post-Process | inputs: MultiPushQEl0YOLOV8-Post-Process[0] | outputs: LastAsyncEl0NmsPPMuxEl0YOLOV8-Post-Process
[2026-07-19 00:43:37.227] [3636] [HailoRT] [info] [pipeline.cpp:891] [print_deep_description] LastAsyncEl0NmsPPMuxEl0YOLOV8-Post-Process | inputs: NmsPPMuxEl0YOLOV8-Post-Process[0] | outputs: user
[2026-07-19 00:43:37.569] [3679] [HailoRT] [info] [hef.cpp:1994] [get_network_group_and_network_name] No name was given. Addressing all networks of default network_group: yolov8s
[2026-07-19 00:45:38.085] [3731] [HailoRT] [info] [device.cpp:51] [Device] OS Version: Linux 6.18.34+rpt-rpi-2712 #1 SMP PREEMPT Debian 1:6.18.34-1+rpt1 (2026-06-09) aarch64
[2026-07-19 00:45:38.086] [3731] [HailoRT] [info] [control.cpp:113] [control__parse_identify_results] firmware_version is: 4.23.0
[2026-07-19 00:45:38.086] [3731] [HailoRT] [info] [control.cpp:113] [control__parse_identify_results] firmware_version is: 4.23.0
[2026-07-19 00:45:38.230] [3735] [HailoRT] [info] [device.cpp:51] [Device] OS Version: Linux 6.18.34+rpt-rpi-2712 #1 SMP PREEMPT Debian 1:6.18.34-1+rpt1 (2026-06-09) aarch64
[2026-07-19 00:45:38.230] [3735] [HailoRT] [info] [control.cpp:113] [control__parse_identify_results] firmware_version is: 4.23.0
[2026-07-19 00:45:38.231] [3735] [HailoRT] [info] [control.cpp:113] [control__parse_identify_results] firmware_version is: 4.23.0
[2026-07-19 00:45:38.291] [3711] [HailoRT] [info] [vdevice.cpp:535] [create] Creating vdevice with params: device_count: 1, scheduling_algorithm: ROUND_ROBIN, multi_process_service: false
[2026-07-19 00:45:38.302] [3711] [HailoRT] [info] [device.cpp:51] [Device] OS Version: Linux 6.18.34+rpt-rpi-2712 #1 SMP PREEMPT Debian 1:6.18.34-1+rpt1 (2026-06-09) aarch64
[2026-07-19 00:45:38.302] [3711] [HailoRT] [info] [control.cpp:113] [control__parse_identify_results] firmware_version is: 4.23.0
[2026-07-19 00:45:38.302] [3711] [HailoRT] [info] [vdevice.cpp:682] [create] VDevice Infos: 0001:01:00.0
[2026-07-19 00:45:38.311] [3711] [HailoRT] [info] [hef.cpp:1994] [get_network_group_and_network_name] No name was given. Addressing all networks of default network_group: yolov8s
[2026-07-19 00:45:38.311] [3711] [HailoRT] [info] [hef.cpp:1994] [get_network_group_and_network_name] No name was given. Addressing all networks of default network_group: yolov8s
[2026-07-19 00:45:38.359] [3711] [HailoRT] [info] [internal_buffer_manager.cpp:77] [print_execution_results] Planned internal buffer memory: CMA=0 CMA-Desc=393216 Pinned=4099072. memory to edge layer usage factor is 1
[2026-07-19 00:45:38.359] [3711] [HailoRT] [info] [internal_buffer_manager.cpp:86] [print_execution_results] Default Internal buffer planner executed successfully
[2026-07-19 00:45:38.386] [3711] [HailoRT] [info] [device_internal.cpp:57] [configure] Configuring HEF took 36.322415 milliseconds
[2026-07-19 00:45:38.386] [3711] [HailoRT] [info] [vdevice.cpp:780] [configure] Configuring HEF on VDevice took 36.690186 milliseconds
[2026-07-19 00:45:38.386] [3711] [HailoRT] [info] [infer_model.cpp:417] [configure] Configuring network group 'yolov8s' with params: batch size: 2, power mode: PERFORMANCE, latency: NONE
[2026-07-19 00:45:38.386] [3711] [HailoRT] [info] [multi_io_elements.cpp:754] [create] Created (AsyncHwEl)
[2026-07-19 00:45:38.386] [3711] [HailoRT] [info] [queue_elements.cpp:450] [create] Created (EntryPushQEl0yolov8s/input_layer1 | timeout: 10s)
[2026-07-19 00:45:38.386] [3711] [HailoRT] [info] [filter_elements.cpp:101] [create] Created (PreInferEl1yolov8s/input_layer1 | Reorder - src_order: RGB4, src_shape: (640, 640, 3), dst_order: NHCW, dst_shape: (640, 640, 3))
[2026-07-19 00:45:38.387] [3711] [HailoRT] [info] [queue_elements.cpp:450] [create] Created (PushQEl1yolov8s/input_layer1 | timeout: 10s)
[2026-07-19 00:45:38.387] [3711] [HailoRT] [info] [multi_io_elements.cpp:135] [create] Created (NmsPPMuxEl0YOLOV8-Post-Process | Op YOLOV8, Name: YOLOV8-Post-Process, Score threshold: 0.300, IoU threshold: 0.45, Classes: 80, Max bboxes per class: 100, Image height: 640, Image width: 640)
[2026-07-19 00:45:38.387] [3711] [HailoRT] [info] [queue_elements.cpp:942] [create] Created (MultiPushQEl0YOLOV8-Post-Process | timeout: 10s)
[2026-07-19 00:45:38.387] [3711] [HailoRT] [info] [edge_elements.cpp:187] [create] Created (LastAsyncEl0NmsPPMuxEl0YOLOV8-Post-Process)
[2026-07-19 00:45:38.387] [3711] [HailoRT] [info] [pipeline.cpp:891] [print_deep_description] EntryPushQEl0yolov8s/input_layer1 | inputs: user | outputs: PreInferEl1yolov8s/input_layer1(running in thread_id: 3768)
[2026-07-19 00:45:38.387] [3711] [HailoRT] [info] [pipeline.cpp:891] [print_deep_description] PreInferEl1yolov8s/input_layer1 | inputs: EntryPushQEl0yolov8s/input_layer1[0] | outputs: PushQEl1yolov8s/input_layer1
[2026-07-19 00:45:38.387] [3711] [HailoRT] [info] [pipeline.cpp:891] [print_deep_description] PushQEl1yolov8s/input_layer1 | inputs: PreInferEl1yolov8s/input_layer1[0] | outputs: AsyncHwEl(running in thread_id: 3769)
[2026-07-19 00:45:38.387] [3711] [HailoRT] [info] [pipeline.cpp:891] [print_deep_description] AsyncHwEl | inputs: PushQEl1yolov8s/input_layer1[0] | outputs: MultiPushQEl0YOLOV8-Post-Process MultiPushQEl0YOLOV8-Post-Process MultiPushQEl0YOLOV8-Post-Process MultiPushQEl0YOLOV8-Post-Process MultiPushQEl0YOLOV8-Post-Process MultiPushQEl0YOLOV8-Post-Process
[2026-07-19 00:45:38.387] [3711] [HailoRT] [info] [pipeline.cpp:891] [print_deep_description] MultiPushQEl0YOLOV8-Post-Process | inputs: AsyncHwEl[0] AsyncHwEl[1] AsyncHwEl[2] AsyncHwEl[3] AsyncHwEl[4] AsyncHwEl[5] | outputs: NmsPPMuxEl0YOLOV8-Post-Process(running in thread_id: 3770)
[2026-07-19 00:45:38.387] [3711] [HailoRT] [info] [pipeline.cpp:891] [print_deep_description] NmsPPMuxEl0YOLOV8-Post-Process | inputs: MultiPushQEl0YOLOV8-Post-Process[0] | outputs: LastAsyncEl0NmsPPMuxEl0YOLOV8-Post-Process
[2026-07-19 00:45:38.387] [3711] [HailoRT] [info] [pipeline.cpp:891] [print_deep_description] LastAsyncEl0NmsPPMuxEl0YOLOV8-Post-Process | inputs: NmsPPMuxEl0YOLOV8-Post-Process[0] | outputs: user
[2026-07-19 00:45:38.732] [3754] [HailoRT] [info] [hef.cpp:1994] [get_network_group_and_network_name] No name was given. Addressing all networks of default network_group: yolov8s
[2026-07-19 00:50:02.630] [3984] [HailoRT] [info] [device.cpp:51] [Device] OS Version: Linux 6.18.34+rpt-rpi-2712 #1 SMP PREEMPT Debian 1:6.18.34-1+rpt1 (2026-06-09) aarch64
[2026-07-19 00:50:02.630] [3984] [HailoRT] [info] [control.cpp:113] [control__parse_identify_results] firmware_version is: 4.23.0
[2026-07-19 00:50:02.631] [3984] [HailoRT] [info] [control.cpp:113] [control__parse_identify_results] firmware_version is: 4.23.0
[2026-07-19 00:50:02.777] [3988] [HailoRT] [info] [device.cpp:51] [Device] OS Version: Linux 6.18.34+rpt-rpi-2712 #1 SMP PREEMPT Debian 1:6.18.34-1+rpt1 (2026-06-09) aarch64
[2026-07-19 00:50:02.778] [3988] [HailoRT] [info] [control.cpp:113] [control__parse_identify_results] firmware_version is: 4.23.0
[2026-07-19 00:50:02.778] [3988] [HailoRT] [info] [control.cpp:113] [control__parse_identify_results] firmware_version is: 4.23.0
[2026-07-19 00:50:02.847] [3964] [HailoRT] [info] [vdevice.cpp:535] [create] Creating vdevice with params: device_count: 1, scheduling_algorithm: ROUND_ROBIN, multi_process_service: false
[2026-07-19 00:50:02.858] [3964] [HailoRT] [info] [device.cpp:51] [Device] OS Version: Linux 6.18.34+rpt-rpi-2712 #1 SMP PREEMPT Debian 1:6.18.34-1+rpt1 (2026-06-09) aarch64
[2026-07-19 00:50:02.858] [3964] [HailoRT] [info] [control.cpp:113] [control__parse_identify_results] firmware_version is: 4.23.0
[2026-07-19 00:50:02.858] [3964] [HailoRT] [info] [vdevice.cpp:682] [create] VDevice Infos: 0001:01:00.0
[2026-07-19 00:50:02.868] [3964] [HailoRT] [info] [hef.cpp:1994] [get_network_group_and_network_name] No name was given. Addressing all networks of default network_group: yolov8s
[2026-07-19 00:50:02.868] [3964] [HailoRT] [info] [hef.cpp:1994] [get_network_group_and_network_name] No name was given. Addressing all networks of default network_group: yolov8s
[2026-07-19 00:50:02.914] [3964] [HailoRT] [info] [internal_buffer_manager.cpp:77] [print_execution_results] Planned internal buffer memory: CMA=0 CMA-Desc=393216 Pinned=4099072. memory to edge layer usage factor is 1
[2026-07-19 00:50:02.914] [3964] [HailoRT] [info] [internal_buffer_manager.cpp:86] [print_execution_results] Default Internal buffer planner executed successfully
[2026-07-19 00:50:02.943] [3964] [HailoRT] [info] [device_internal.cpp:57] [configure] Configuring HEF took 36.441173 milliseconds
[2026-07-19 00:50:02.943] [3964] [HailoRT] [info] [vdevice.cpp:780] [configure] Configuring HEF on VDevice took 36.809944 milliseconds
[2026-07-19 00:50:02.943] [3964] [HailoRT] [info] [infer_model.cpp:417] [configure] Configuring network group 'yolov8s' with params: batch size: 2, power mode: PERFORMANCE, latency: NONE
[2026-07-19 00:50:02.943] [3964] [HailoRT] [info] [multi_io_elements.cpp:754] [create] Created (AsyncHwEl)
[2026-07-19 00:50:02.943] [3964] [HailoRT] [info] [queue_elements.cpp:450] [create] Created (EntryPushQEl0yolov8s/input_layer1 | timeout: 10s)
[2026-07-19 00:50:02.943] [3964] [HailoRT] [info] [filter_elements.cpp:101] [create] Created (PreInferEl1yolov8s/input_layer1 | Reorder - src_order: RGB4, src_shape: (640, 640, 3), dst_order: NHCW, dst_shape: (640, 640, 3))
[2026-07-19 00:50:02.943] [3964] [HailoRT] [info] [queue_elements.cpp:450] [create] Created (PushQEl1yolov8s/input_layer1 | timeout: 10s)
[2026-07-19 00:50:02.943] [3964] [HailoRT] [info] [multi_io_elements.cpp:135] [create] Created (NmsPPMuxEl0YOLOV8-Post-Process | Op YOLOV8, Name: YOLOV8-Post-Process, Score threshold: 0.300, IoU threshold: 0.45, Classes: 80, Max bboxes per class: 100, Image height: 640, Image width: 640)
[2026-07-19 00:50:02.944] [3964] [HailoRT] [info] [queue_elements.cpp:942] [create] Created (MultiPushQEl0YOLOV8-Post-Process | timeout: 10s)
[2026-07-19 00:50:02.944] [3964] [HailoRT] [info] [edge_elements.cpp:187] [create] Created (LastAsyncEl0NmsPPMuxEl0YOLOV8-Post-Process)
[2026-07-19 00:50:02.944] [3964] [HailoRT] [info] [pipeline.cpp:891] [print_deep_description] EntryPushQEl0yolov8s/input_layer1 | inputs: user | outputs: PreInferEl1yolov8s/input_layer1(running in thread_id: 4021)
[2026-07-19 00:50:02.944] [3964] [HailoRT] [info] [pipeline.cpp:891] [print_deep_description] PreInferEl1yolov8s/input_layer1 | inputs: EntryPushQEl0yolov8s/input_layer1[0] | outputs: PushQEl1yolov8s/input_layer1
[2026-07-19 00:50:02.944] [3964] [HailoRT] [info] [pipeline.cpp:891] [print_deep_description] PushQEl1yolov8s/input_layer1 | inputs: PreInferEl1yolov8s/input_layer1[0] | outputs: AsyncHwEl(running in thread_id: 4022)
[2026-07-19 00:50:02.944] [3964] [HailoRT] [info] [pipeline.cpp:891] [print_deep_description] AsyncHwEl | inputs: PushQEl1yolov8s/input_layer1[0] | outputs: MultiPushQEl0YOLOV8-Post-Process MultiPushQEl0YOLOV8-Post-Process MultiPushQEl0YOLOV8-Post-Process MultiPushQEl0YOLOV8-Post-Process MultiPushQEl0YOLOV8-Post-Process MultiPushQEl0YOLOV8-Post-Process
[2026-07-19 00:50:02.944] [3964] [HailoRT] [info] [pipeline.cpp:891] [print_deep_description] MultiPushQEl0YOLOV8-Post-Process | inputs: AsyncHwEl[0] AsyncHwEl[1] AsyncHwEl[2] AsyncHwEl[3] AsyncHwEl[4] AsyncHwEl[5] | outputs: NmsPPMuxEl0YOLOV8-Post-Process(running in thread_id: 4023)
[2026-07-19 00:50:02.944] [3964] [HailoRT] [info] [pipeline.cpp:891] [print_deep_description] NmsPPMuxEl0YOLOV8-Post-Process | inputs: MultiPushQEl0YOLOV8-Post-Process[0] | outputs: LastAsyncEl0NmsPPMuxEl0YOLOV8-Post-Process
[2026-07-19 00:50:02.944] [3964] [HailoRT] [info] [pipeline.cpp:891] [print_deep_description] LastAsyncEl0NmsPPMuxEl0YOLOV8-Post-Process | inputs: NmsPPMuxEl0YOLOV8-Post-Process[0] | outputs: user
[2026-07-19 00:50:03.287] [4007] [HailoRT] [info] [hef.cpp:1994] [get_network_group_and_network_name] No name was given. Addressing all networks of default network_group: yolov8s
[2026-07-19 00:51:07.354] [4064] [HailoRT] [info] [device.cpp:51] [Device] OS Version: Linux 6.18.34+rpt-rpi-2712 #1 SMP PREEMPT Debian 1:6.18.34-1+rpt1 (2026-06-09) aarch64
[2026-07-19 00:51:07.354] [4064] [HailoRT] [info] [control.cpp:113] [control__parse_identify_results] firmware_version is: 4.23.0
[2026-07-19 00:51:07.354] [4064] [HailoRT] [info] [control.cpp:113] [control__parse_identify_results] firmware_version is: 4.23.0
[2026-07-19 00:51:07.498] [4068] [HailoRT] [info] [device.cpp:51] [Device] OS Version: Linux 6.18.34+rpt-rpi-2712 #1 SMP PREEMPT Debian 1:6.18.34-1+rpt1 (2026-06-09) aarch64
[2026-07-19 00:51:07.498] [4068] [HailoRT] [info] [control.cpp:113] [control__parse_identify_results] firmware_version is: 4.23.0
[2026-07-19 00:51:07.498] [4068] [HailoRT] [info] [control.cpp:113] [control__parse_identify_results] firmware_version is: 4.23.0
[2026-07-19 00:51:07.552] [4046] [HailoRT] [info] [vdevice.cpp:535] [create] Creating vdevice with params: device_count: 1, scheduling_algorithm: ROUND_ROBIN, multi_process_service: false
[2026-07-19 00:51:07.564] [4046] [HailoRT] [info] [device.cpp:51] [Device] OS Version: Linux 6.18.34+rpt-rpi-2712 #1 SMP PREEMPT Debian 1:6.18.34-1+rpt1 (2026-06-09) aarch64
[2026-07-19 00:51:07.565] [4046] [HailoRT] [info] [control.cpp:113] [control__parse_identify_results] firmware_version is: 4.23.0
[2026-07-19 00:51:07.565] [4046] [HailoRT] [info] [vdevice.cpp:682] [create] VDevice Infos: 0001:01:00.0
[2026-07-19 00:51:07.573] [4046] [HailoRT] [info] [hef.cpp:1994] [get_network_group_and_network_name] No name was given. Addressing all networks of default network_group: yolov8s
[2026-07-19 00:51:07.573] [4046] [HailoRT] [info] [hef.cpp:1994] [get_network_group_and_network_name] No name was given. Addressing all networks of default network_group: yolov8s
[2026-07-19 00:51:07.619] [4046] [HailoRT] [info] [internal_buffer_manager.cpp:77] [print_execution_results] Planned internal buffer memory: CMA=0 CMA-Desc=393216 Pinned=4099072. memory to edge layer usage factor is 1
[2026-07-19 00:51:07.619] [4046] [HailoRT] [info] [internal_buffer_manager.cpp:86] [print_execution_results] Default Internal buffer planner executed successfully
[2026-07-19 00:51:07.646] [4046] [HailoRT] [info] [device_internal.cpp:57] [configure] Configuring HEF took 35.328339 milliseconds
[2026-07-19 00:51:07.646] [4046] [HailoRT] [info] [vdevice.cpp:780] [configure] Configuring HEF on VDevice took 35.634009 milliseconds
[2026-07-19 00:51:07.646] [4046] [HailoRT] [info] [infer_model.cpp:417] [configure] Configuring network group 'yolov8s' with params: batch size: 2, power mode: PERFORMANCE, latency: NONE
[2026-07-19 00:51:07.646] [4046] [HailoRT] [info] [multi_io_elements.cpp:754] [create] Created (AsyncHwEl)
[2026-07-19 00:51:07.646] [4046] [HailoRT] [info] [queue_elements.cpp:450] [create] Created (EntryPushQEl0yolov8s/input_layer1 | timeout: 10s)
[2026-07-19 00:51:07.646] [4046] [HailoRT] [info] [filter_elements.cpp:101] [create] Created (PreInferEl1yolov8s/input_layer1 | Reorder - src_order: RGB4, src_shape: (640, 640, 3), dst_order: NHCW, dst_shape: (640, 640, 3))
[2026-07-19 00:51:07.647] [4046] [HailoRT] [info] [queue_elements.cpp:450] [create] Created (PushQEl1yolov8s/input_layer1 | timeout: 10s)
[2026-07-19 00:51:07.647] [4046] [HailoRT] [info] [multi_io_elements.cpp:135] [create] Created (NmsPPMuxEl0YOLOV8-Post-Process | Op YOLOV8, Name: YOLOV8-Post-Process, Score threshold: 0.300, IoU threshold: 0.45, Classes: 80, Max bboxes per class: 100, Image height: 640, Image width: 640)
[2026-07-19 00:51:07.647] [4046] [HailoRT] [info] [queue_elements.cpp:942] [create] Created (MultiPushQEl0YOLOV8-Post-Process | timeout: 10s)
[2026-07-19 00:51:07.647] [4046] [HailoRT] [info] [edge_elements.cpp:187] [create] Created (LastAsyncEl0NmsPPMuxEl0YOLOV8-Post-Process)
[2026-07-19 00:51:07.647] [4046] [HailoRT] [info] [pipeline.cpp:891] [print_deep_description] EntryPushQEl0yolov8s/input_layer1 | inputs: user | outputs: PreInferEl1yolov8s/input_layer1(running in thread_id: 4101)
[2026-07-19 00:51:07.647] [4046] [HailoRT] [info] [pipeline.cpp:891] [print_deep_description] PreInferEl1yolov8s/input_layer1 | inputs: EntryPushQEl0yolov8s/input_layer1[0] | outputs: PushQEl1yolov8s/input_layer1
[2026-07-19 00:51:07.647] [4046] [HailoRT] [info] [pipeline.cpp:891] [print_deep_description] PushQEl1yolov8s/input_layer1 | inputs: PreInferEl1yolov8s/input_layer1[0] | outputs: AsyncHwEl(running in thread_id: 4102)
[2026-07-19 00:51:07.647] [4046] [HailoRT] [info] [pipeline.cpp:891] [print_deep_description] AsyncHwEl | inputs: PushQEl1yolov8s/input_layer1[0] | outputs: MultiPushQEl0YOLOV8-Post-Process MultiPushQEl0YOLOV8-Post-Process MultiPushQEl0YOLOV8-Post-Process MultiPushQEl0YOLOV8-Post-Process MultiPushQEl0YOLOV8-Post-Process MultiPushQEl0YOLOV8-Post-Process
[2026-07-19 00:51:07.647] [4046] [HailoRT] [info] [pipeline.cpp:891] [print_deep_description] MultiPushQEl0YOLOV8-Post-Process | inputs: AsyncHwEl[0] AsyncHwEl[1] AsyncHwEl[2] AsyncHwEl[3] AsyncHwEl[4] AsyncHwEl[5] | outputs: NmsPPMuxEl0YOLOV8-Post-Process(running in thread_id: 4103)
[2026-07-19 00:51:07.647] [4046] [HailoRT] [info] [pipeline.cpp:891] [print_deep_description] NmsPPMuxEl0YOLOV8-Post-Process | inputs: MultiPushQEl0YOLOV8-Post-Process[0] | outputs: LastAsyncEl0NmsPPMuxEl0YOLOV8-Post-Process
[2026-07-19 00:51:07.647] [4046] [HailoRT] [info] [pipeline.cpp:891] [print_deep_description] LastAsyncEl0NmsPPMuxEl0YOLOV8-Post-Process | inputs: NmsPPMuxEl0YOLOV8-Post-Process[0] | outputs: user
[2026-07-19 00:51:07.999] [4087] [HailoRT] [info] [hef.cpp:1994] [get_network_group_and_network_name] No name was given. Addressing all networks of default network_group: yolov8s
[2026-07-19 00:52:07.176] [4137] [HailoRT] [info] [device.cpp:51] [Device] OS Version: Linux 6.18.34+rpt-rpi-2712 #1 SMP PREEMPT Debian 1:6.18.34-1+rpt1 (2026-06-09) aarch64
[2026-07-19 00:52:07.177] [4137] [HailoRT] [info] [control.cpp:113] [control__parse_identify_results] firmware_version is: 4.23.0
[2026-07-19 00:52:07.177] [4137] [HailoRT] [info] [control.cpp:113] [control__parse_identify_results] firmware_version is: 4.23.0
[2026-07-19 00:52:07.312] [4141] [HailoRT] [info] [device.cpp:51] [Device] OS Version: Linux 6.18.34+rpt-rpi-2712 #1 SMP PREEMPT Debian 1:6.18.34-1+rpt1 (2026-06-09) aarch64
[2026-07-19 00:52:07.313] [4141] [HailoRT] [info] [control.cpp:113] [control__parse_identify_results] firmware_version is: 4.23.0
[2026-07-19 00:52:07.313] [4141] [HailoRT] [info] [control.cpp:113] [control__parse_identify_results] firmware_version is: 4.23.0
[2026-07-19 00:52:07.364] [4119] [HailoRT] [info] [vdevice.cpp:535] [create] Creating vdevice with params: device_count: 1, scheduling_algorithm: ROUND_ROBIN, multi_process_service: false
[2026-07-19 00:52:07.376] [4119] [HailoRT] [info] [device.cpp:51] [Device] OS Version: Linux 6.18.34+rpt-rpi-2712 #1 SMP PREEMPT Debian 1:6.18.34-1+rpt1 (2026-06-09) aarch64
[2026-07-19 00:52:07.377] [4119] [HailoRT] [info] [control.cpp:113] [control__parse_identify_results] firmware_version is: 4.23.0
[2026-07-19 00:52:07.377] [4119] [HailoRT] [info] [vdevice.cpp:682] [create] VDevice Infos: 0001:01:00.0
[2026-07-19 00:52:07.386] [4119] [HailoRT] [info] [hef.cpp:1994] [get_network_group_and_network_name] No name was given. Addressing all networks of default network_group: yolov8s
[2026-07-19 00:52:07.386] [4119] [HailoRT] [info] [hef.cpp:1994] [get_network_group_and_network_name] No name was given. Addressing all networks of default network_group: yolov8s
[2026-07-19 00:52:07.442] [4119] [HailoRT] [info] [internal_buffer_manager.cpp:77] [print_execution_results] Planned internal buffer memory: CMA=0 CMA-Desc=393216 Pinned=4099072. memory to edge layer usage factor is 1
[2026-07-19 00:52:07.442] [4119] [HailoRT] [info] [internal_buffer_manager.cpp:86] [print_execution_results] Default Internal buffer planner executed successfully
[2026-07-19 00:52:07.469] [4119] [HailoRT] [info] [device_internal.cpp:57] [configure] Configuring HEF took 40.389844 milliseconds
[2026-07-19 00:52:07.469] [4119] [HailoRT] [info] [vdevice.cpp:780] [configure] Configuring HEF on VDevice took 40.723292 milliseconds
[2026-07-19 00:52:07.469] [4119] [HailoRT] [info] [infer_model.cpp:417] [configure] Configuring network group 'yolov8s' with params: batch size: 2, power mode: PERFORMANCE, latency: NONE
[2026-07-19 00:52:07.469] [4119] [HailoRT] [info] [multi_io_elements.cpp:754] [create] Created (AsyncHwEl)
[2026-07-19 00:52:07.469] [4119] [HailoRT] [info] [queue_elements.cpp:450] [create] Created (EntryPushQEl0yolov8s/input_layer1 | timeout: 10s)
[2026-07-19 00:52:07.470] [4119] [HailoRT] [info] [filter_elements.cpp:101] [create] Created (PreInferEl1yolov8s/input_layer1 | Reorder - src_order: RGB4, src_shape: (640, 640, 3), dst_order: NHCW, dst_shape: (640, 640, 3))
[2026-07-19 00:52:07.470] [4119] [HailoRT] [info] [queue_elements.cpp:450] [create] Created (PushQEl1yolov8s/input_layer1 | timeout: 10s)
[2026-07-19 00:52:07.470] [4119] [HailoRT] [info] [multi_io_elements.cpp:135] [create] Created (NmsPPMuxEl0YOLOV8-Post-Process | Op YOLOV8, Name: YOLOV8-Post-Process, Score threshold: 0.300, IoU threshold: 0.45, Classes: 80, Max bboxes per class: 100, Image height: 640, Image width: 640)
[2026-07-19 00:52:07.470] [4119] [HailoRT] [info] [queue_elements.cpp:942] [create] Created (MultiPushQEl0YOLOV8-Post-Process | timeout: 10s)
[2026-07-19 00:52:07.470] [4119] [HailoRT] [info] [edge_elements.cpp:187] [create] Created (LastAsyncEl0NmsPPMuxEl0YOLOV8-Post-Process)
[2026-07-19 00:52:07.470] [4119] [HailoRT] [info] [pipeline.cpp:891] [print_deep_description] EntryPushQEl0yolov8s/input_layer1 | inputs: user | outputs: PreInferEl1yolov8s/input_layer1(running in thread_id: 4174)
[2026-07-19 00:52:07.470] [4119] [HailoRT] [info] [pipeline.cpp:891] [print_deep_description] PreInferEl1yolov8s/input_layer1 | inputs: EntryPushQEl0yolov8s/input_layer1[0] | outputs: PushQEl1yolov8s/input_layer1
[2026-07-19 00:52:07.470] [4119] [HailoRT] [info] [pipeline.cpp:891] [print_deep_description] PushQEl1yolov8s/input_layer1 | inputs: PreInferEl1yolov8s/input_layer1[0] | outputs: AsyncHwEl(running in thread_id: 4175)
[2026-07-19 00:52:07.470] [4119] [HailoRT] [info] [pipeline.cpp:891] [print_deep_description] AsyncHwEl | inputs: PushQEl1yolov8s/input_layer1[0] | outputs: MultiPushQEl0YOLOV8-Post-Process MultiPushQEl0YOLOV8-Post-Process MultiPushQEl0YOLOV8-Post-Process MultiPushQEl0YOLOV8-Post-Process MultiPushQEl0YOLOV8-Post-Process MultiPushQEl0YOLOV8-Post-Process
[2026-07-19 00:52:07.470] [4119] [HailoRT] [info] [pipeline.cpp:891] [print_deep_description] MultiPushQEl0YOLOV8-Post-Process | inputs: AsyncHwEl[0] AsyncHwEl[1] AsyncHwEl[2] AsyncHwEl[3] AsyncHwEl[4] AsyncHwEl[5] | outputs: NmsPPMuxEl0YOLOV8-Post-Process(running in thread_id: 4176)
[2026-07-19 00:52:07.470] [4119] [HailoRT] [info] [pipeline.cpp:891] [print_deep_description] NmsPPMuxEl0YOLOV8-Post-Process | inputs: MultiPushQEl0YOLOV8-Post-Process[0] | outputs: LastAsyncEl0NmsPPMuxEl0YOLOV8-Post-Process
[2026-07-19 00:52:07.470] [4119] [HailoRT] [info] [pipeline.cpp:891] [print_deep_description] LastAsyncEl0NmsPPMuxEl0YOLOV8-Post-Process | inputs: NmsPPMuxEl0YOLOV8-Post-Process[0] | outputs: user
[2026-07-19 00:52:07.811] [4160] [HailoRT] [info] [hef.cpp:1994] [get_network_group_and_network_name] No name was given. Addressing all networks of default network_group: yolov8s
[2026-07-19 00:52:58.070] [4260] [HailoRT] [info] [device.cpp:51] [Device] OS Version: Linux 6.18.34+rpt-rpi-2712 #1 SMP PREEMPT Debian 1:6.18.34-1+rpt1 (2026-06-09) aarch64
[2026-07-19 00:52:58.070] [4260] [HailoRT] [info] [control.cpp:113] [control__parse_identify_results] firmware_version is: 4.23.0
[2026-07-19 00:52:58.070] [4260] [HailoRT] [info] [control.cpp:113] [control__parse_identify_results] firmware_version is: 4.23.0
[2026-07-19 00:52:58.214] [4264] [HailoRT] [info] [device.cpp:51] [Device] OS Version: Linux 6.18.34+rpt-rpi-2712 #1 SMP PREEMPT Debian 1:6.18.34-1+rpt1 (2026-06-09) aarch64
[2026-07-19 00:52:58.214] [4264] [HailoRT] [info] [control.cpp:113] [control__parse_identify_results] firmware_version is: 4.23.0
[2026-07-19 00:52:58.214] [4264] [HailoRT] [info] [control.cpp:113] [control__parse_identify_results] firmware_version is: 4.23.0
[2026-07-19 00:52:58.272] [4242] [HailoRT] [info] [vdevice.cpp:535] [create] Creating vdevice with params: device_count: 1, scheduling_algorithm: ROUND_ROBIN, multi_process_service: false
[2026-07-19 00:52:58.284] [4242] [HailoRT] [info] [device.cpp:51] [Device] OS Version: Linux 6.18.34+rpt-rpi-2712 #1 SMP PREEMPT Debian 1:6.18.34-1+rpt1 (2026-06-09) aarch64
[2026-07-19 00:52:58.285] [4242] [HailoRT] [info] [control.cpp:113] [control__parse_identify_results] firmware_version is: 4.23.0
[2026-07-19 00:52:58.285] [4242] [HailoRT] [info] [vdevice.cpp:682] [create] VDevice Infos: 0001:01:00.0
[2026-07-19 00:52:58.294] [4242] [HailoRT] [info] [hef.cpp:1994] [get_network_group_and_network_name] No name was given. Addressing all networks of default network_group: yolov8s
[2026-07-19 00:52:58.294] [4242] [HailoRT] [info] [hef.cpp:1994] [get_network_group_and_network_name] No name was given. Addressing all networks of default network_group: yolov8s
[2026-07-19 00:52:58.339] [4242] [HailoRT] [info] [internal_buffer_manager.cpp:77] [print_execution_results] Planned internal buffer memory: CMA=0 CMA-Desc=393216 Pinned=4099072. memory to edge layer usage factor is 1
[2026-07-19 00:52:58.339] [4242] [HailoRT] [info] [internal_buffer_manager.cpp:86] [print_execution_results] Default Internal buffer planner executed successfully
[2026-07-19 00:52:58.370] [4242] [HailoRT] [info] [device_internal.cpp:57] [configure] Configuring HEF took 39.077322 milliseconds
[2026-07-19 00:52:58.370] [4242] [HailoRT] [info] [vdevice.cpp:780] [configure] Configuring HEF on VDevice took 39.382082 milliseconds
[2026-07-19 00:52:58.370] [4242] [HailoRT] [info] [infer_model.cpp:417] [configure] Configuring network group 'yolov8s' with params: batch size: 2, power mode: PERFORMANCE, latency: NONE
[2026-07-19 00:52:58.370] [4242] [HailoRT] [info] [multi_io_elements.cpp:754] [create] Created (AsyncHwEl)
[2026-07-19 00:52:58.370] [4242] [HailoRT] [info] [queue_elements.cpp:450] [create] Created (EntryPushQEl0yolov8s/input_layer1 | timeout: 10s)
[2026-07-19 00:52:58.370] [4242] [HailoRT] [info] [filter_elements.cpp:101] [create] Created (PreInferEl1yolov8s/input_layer1 | Reorder - src_order: RGB4, src_shape: (640, 640, 3), dst_order: NHCW, dst_shape: (640, 640, 3))
[2026-07-19 00:52:58.370] [4242] [HailoRT] [info] [queue_elements.cpp:450] [create] Created (PushQEl1yolov8s/input_layer1 | timeout: 10s)
[2026-07-19 00:52:58.370] [4242] [HailoRT] [info] [multi_io_elements.cpp:135] [create] Created (NmsPPMuxEl0YOLOV8-Post-Process | Op YOLOV8, Name: YOLOV8-Post-Process, Score threshold: 0.300, IoU threshold: 0.45, Classes: 80, Max bboxes per class: 100, Image height: 640, Image width: 640)
[2026-07-19 00:52:58.370] [4242] [HailoRT] [info] [queue_elements.cpp:942] [create] Created (MultiPushQEl0YOLOV8-Post-Process | timeout: 10s)
[2026-07-19 00:52:58.371] [4242] [HailoRT] [info] [edge_elements.cpp:187] [create] Created (LastAsyncEl0NmsPPMuxEl0YOLOV8-Post-Process)
[2026-07-19 00:52:58.371] [4242] [HailoRT] [info] [pipeline.cpp:891] [print_deep_description] EntryPushQEl0yolov8s/input_layer1 | inputs: user | outputs: PreInferEl1yolov8s/input_layer1(running in thread_id: 4297)
[2026-07-19 00:52:58.371] [4242] [HailoRT] [info] [pipeline.cpp:891] [print_deep_description] PreInferEl1yolov8s/input_layer1 | inputs: EntryPushQEl0yolov8s/input_layer1[0] | outputs: PushQEl1yolov8s/input_layer1
[2026-07-19 00:52:58.371] [4242] [HailoRT] [info] [pipeline.cpp:891] [print_deep_description] PushQEl1yolov8s/input_layer1 | inputs: PreInferEl1yolov8s/input_layer1[0] | outputs: AsyncHwEl(running in thread_id: 4298)
[2026-07-19 00:52:58.371] [4242] [HailoRT] [info] [pipeline.cpp:891] [print_deep_description] AsyncHwEl | inputs: PushQEl1yolov8s/input_layer1[0] | outputs: MultiPushQEl0YOLOV8-Post-Process MultiPushQEl0YOLOV8-Post-Process MultiPushQEl0YOLOV8-Post-Process MultiPushQEl0YOLOV8-Post-Process MultiPushQEl0YOLOV8-Post-Process MultiPushQEl0YOLOV8-Post-Process
[2026-07-19 00:52:58.371] [4242] [HailoRT] [info] [pipeline.cpp:891] [print_deep_description] MultiPushQEl0YOLOV8-Post-Process | inputs: AsyncHwEl[0] AsyncHwEl[1] AsyncHwEl[2] AsyncHwEl[3] AsyncHwEl[4] AsyncHwEl[5] | outputs: NmsPPMuxEl0YOLOV8-Post-Process(running in thread_id: 4299)
[2026-07-19 00:52:58.371] [4242] [HailoRT] [info] [pipeline.cpp:891] [print_deep_description] NmsPPMuxEl0YOLOV8-Post-Process | inputs: MultiPushQEl0YOLOV8-Post-Process[0] | outputs: LastAsyncEl0NmsPPMuxEl0YOLOV8-Post-Process
[2026-07-19 00:52:58.371] [4242] [HailoRT] [info] [pipeline.cpp:891] [print_deep_description] LastAsyncEl0NmsPPMuxEl0YOLOV8-Post-Process | inputs: NmsPPMuxEl0YOLOV8-Post-Process[0] | outputs: user
[2026-07-19 00:52:58.721] [4283] [HailoRT] [info] [hef.cpp:1994] [get_network_group_and_network_name] No name was given. Addressing all networks of default network_group: yolov8s
[2026-07-19 00:53:29.777] [4330] [HailoRT] [info] [device.cpp:51] [Device] OS Version: Linux 6.18.34+rpt-rpi-2712 #1 SMP PREEMPT Debian 1:6.18.34-1+rpt1 (2026-06-09) aarch64
[2026-07-19 00:53:29.777] [4330] [HailoRT] [info] [control.cpp:113] [control__parse_identify_results] firmware_version is: 4.23.0
[2026-07-19 00:53:29.778] [4330] [HailoRT] [info] [control.cpp:113] [control__parse_identify_results] firmware_version is: 4.23.0
[2026-07-19 00:53:29.926] [4334] [HailoRT] [info] [device.cpp:51] [Device] OS Version: Linux 6.18.34+rpt-rpi-2712 #1 SMP PREEMPT Debian 1:6.18.34-1+rpt1 (2026-06-09) aarch64
[2026-07-19 00:53:29.927] [4334] [HailoRT] [info] [control.cpp:113] [control__parse_identify_results] firmware_version is: 4.23.0
[2026-07-19 00:53:29.927] [4334] [HailoRT] [info] [control.cpp:113] [control__parse_identify_results] firmware_version is: 4.23.0
[2026-07-19 00:53:29.979] [4312] [HailoRT] [info] [vdevice.cpp:535] [create] Creating vdevice with params: device_count: 1, scheduling_algorithm: ROUND_ROBIN, multi_process_service: false
[2026-07-19 00:53:29.992] [4312] [HailoRT] [info] [device.cpp:51] [Device] OS Version: Linux 6.18.34+rpt-rpi-2712 #1 SMP PREEMPT Debian 1:6.18.34-1+rpt1 (2026-06-09) aarch64
[2026-07-19 00:53:29.992] [4312] [HailoRT] [info] [control.cpp:113] [control__parse_identify_results] firmware_version is: 4.23.0
[2026-07-19 00:53:29.992] [4312] [HailoRT] [info] [vdevice.cpp:682] [create] VDevice Infos: 0001:01:00.0
[2026-07-19 00:53:30.001] [4312] [HailoRT] [info] [hef.cpp:1994] [get_network_group_and_network_name] No name was given. Addressing all networks of default network_group: yolov8s
[2026-07-19 00:53:30.001] [4312] [HailoRT] [info] [hef.cpp:1994] [get_network_group_and_network_name] No name was given. Addressing all networks of default network_group: yolov8s
[2026-07-19 00:53:30.052] [4312] [HailoRT] [info] [internal_buffer_manager.cpp:77] [print_execution_results] Planned internal buffer memory: CMA=0 CMA-Desc=393216 Pinned=4099072. memory to edge layer usage factor is 1
[2026-07-19 00:53:30.052] [4312] [HailoRT] [info] [internal_buffer_manager.cpp:86] [print_execution_results] Default Internal buffer planner executed successfully
[2026-07-19 00:53:30.080] [4312] [HailoRT] [info] [device_internal.cpp:57] [configure] Configuring HEF took 37.881526 milliseconds
[2026-07-19 00:53:30.080] [4312] [HailoRT] [info] [vdevice.cpp:780] [configure] Configuring HEF on VDevice took 38.581435 milliseconds
[2026-07-19 00:53:30.080] [4312] [HailoRT] [info] [infer_model.cpp:417] [configure] Configuring network group 'yolov8s' with params: batch size: 2, power mode: PERFORMANCE, latency: NONE
[2026-07-19 00:53:30.080] [4312] [HailoRT] [info] [multi_io_elements.cpp:754] [create] Created (AsyncHwEl)
[2026-07-19 00:53:30.080] [4312] [HailoRT] [info] [queue_elements.cpp:450] [create] Created (EntryPushQEl0yolov8s/input_layer1 | timeout: 10s)
[2026-07-19 00:53:30.080] [4312] [HailoRT] [info] [filter_elements.cpp:101] [create] Created (PreInferEl1yolov8s/input_layer1 | Reorder - src_order: RGB4, src_shape: (640, 640, 3), dst_order: NHCW, dst_shape: (640, 640, 3))
[2026-07-19 00:53:30.080] [4312] [HailoRT] [info] [queue_elements.cpp:450] [create] Created (PushQEl1yolov8s/input_layer1 | timeout: 10s)
[2026-07-19 00:53:30.080] [4312] [HailoRT] [info] [multi_io_elements.cpp:135] [create] Created (NmsPPMuxEl0YOLOV8-Post-Process | Op YOLOV8, Name: YOLOV8-Post-Process, Score threshold: 0.300, IoU threshold: 0.45, Classes: 80, Max bboxes per class: 100, Image height: 640, Image width: 640)
[2026-07-19 00:53:30.081] [4312] [HailoRT] [info] [queue_elements.cpp:942] [create] Created (MultiPushQEl0YOLOV8-Post-Process | timeout: 10s)
[2026-07-19 00:53:30.081] [4312] [HailoRT] [info] [edge_elements.cpp:187] [create] Created (LastAsyncEl0NmsPPMuxEl0YOLOV8-Post-Process)
[2026-07-19 00:53:30.081] [4312] [HailoRT] [info] [pipeline.cpp:891] [print_deep_description] EntryPushQEl0yolov8s/input_layer1 | inputs: user | outputs: PreInferEl1yolov8s/input_layer1(running in thread_id: 4367)
[2026-07-19 00:53:30.081] [4312] [HailoRT] [info] [pipeline.cpp:891] [print_deep_description] PreInferEl1yolov8s/input_layer1 | inputs: EntryPushQEl0yolov8s/input_layer1[0] | outputs: PushQEl1yolov8s/input_layer1
[2026-07-19 00:53:30.081] [4312] [HailoRT] [info] [pipeline.cpp:891] [print_deep_description] PushQEl1yolov8s/input_layer1 | inputs: PreInferEl1yolov8s/input_layer1[0] | outputs: AsyncHwEl(running in thread_id: 4368)
[2026-07-19 00:53:30.081] [4312] [HailoRT] [info] [pipeline.cpp:891] [print_deep_description] AsyncHwEl | inputs: PushQEl1yolov8s/input_layer1[0] | outputs: MultiPushQEl0YOLOV8-Post-Process MultiPushQEl0YOLOV8-Post-Process MultiPushQEl0YOLOV8-Post-Process MultiPushQEl0YOLOV8-Post-Process MultiPushQEl0YOLOV8-Post-Process MultiPushQEl0YOLOV8-Post-Process
[2026-07-19 00:53:30.081] [4312] [HailoRT] [info] [pipeline.cpp:891] [print_deep_description] MultiPushQEl0YOLOV8-Post-Process | inputs: AsyncHwEl[0] AsyncHwEl[1] AsyncHwEl[2] AsyncHwEl[3] AsyncHwEl[4] AsyncHwEl[5] | outputs: NmsPPMuxEl0YOLOV8-Post-Process(running in thread_id: 4369)
[2026-07-19 00:53:30.081] [4312] [HailoRT] [info] [pipeline.cpp:891] [print_deep_description] NmsPPMuxEl0YOLOV8-Post-Process | inputs: MultiPushQEl0YOLOV8-Post-Process[0] | outputs: LastAsyncEl0NmsPPMuxEl0YOLOV8-Post-Process
[2026-07-19 00:53:30.081] [4312] [HailoRT] [info] [pipeline.cpp:891] [print_deep_description] LastAsyncEl0NmsPPMuxEl0YOLOV8-Post-Process | inputs: NmsPPMuxEl0YOLOV8-Post-Process[0] | outputs: user
[2026-07-19 00:53:30.427] [4353] [HailoRT] [info] [hef.cpp:1994] [get_network_group_and_network_name] No name was given. Addressing all networks of default network_group: yolov8s
[2026-07-19 09:12:22.317] [2037] [HailoRT] [info] [device.cpp:51] [Device] OS Version: Linux 6.18.34+rpt-rpi-2712 #1 SMP PREEMPT Debian 1:6.18.34-1+rpt1 (2026-06-09) aarch64
[2026-07-19 09:12:22.317] [2037] [HailoRT] [info] [control.cpp:113] [control__parse_identify_results] firmware_version is: 4.23.0
[2026-07-19 09:12:22.317] [2037] [HailoRT] [info] [control.cpp:113] [control__parse_identify_results] firmware_version is: 4.23.0
[2026-07-19 09:12:22.793] [2043] [HailoRT] [info] [device.cpp:51] [Device] OS Version: Linux 6.18.34+rpt-rpi-2712 #1 SMP PREEMPT Debian 1:6.18.34-1+rpt1 (2026-06-09) aarch64
[2026-07-19 09:12:22.793] [2043] [HailoRT] [info] [control.cpp:113] [control__parse_identify_results] firmware_version is: 4.23.0
[2026-07-19 09:12:22.793] [2043] [HailoRT] [info] [control.cpp:113] [control__parse_identify_results] firmware_version is: 4.23.0
[2026-07-19 09:12:22.877] [2017] [HailoRT] [info] [vdevice.cpp:535] [create] Creating vdevice with params: device_count: 1, scheduling_algorithm: ROUND_ROBIN, multi_process_service: false
[2026-07-19 09:12:22.889] [2017] [HailoRT] [info] [device.cpp:51] [Device] OS Version: Linux 6.18.34+rpt-rpi-2712 #1 SMP PREEMPT Debian 1:6.18.34-1+rpt1 (2026-06-09) aarch64
[2026-07-19 09:12:22.889] [2017] [HailoRT] [info] [control.cpp:113] [control__parse_identify_results] firmware_version is: 4.23.0
[2026-07-19 09:12:22.889] [2017] [HailoRT] [info] [vdevice.cpp:682] [create] VDevice Infos: 0001:01:00.0
[2026-07-19 09:12:22.979] [2017] [HailoRT] [info] [hef.cpp:1994] [get_network_group_and_network_name] No name was given. Addressing all networks of default network_group: yolov8s
[2026-07-19 09:12:22.979] [2017] [HailoRT] [info] [hef.cpp:1994] [get_network_group_and_network_name] No name was given. Addressing all networks of default network_group: yolov8s
[2026-07-19 09:12:23.030] [2017] [HailoRT] [info] [internal_buffer_manager.cpp:77] [print_execution_results] Planned internal buffer memory: CMA=0 CMA-Desc=393216 Pinned=4099072. memory to edge layer usage factor is 1
[2026-07-19 09:12:23.030] [2017] [HailoRT] [info] [internal_buffer_manager.cpp:86] [print_execution_results] Default Internal buffer planner executed successfully
[2026-07-19 09:12:23.056] [2017] [HailoRT] [info] [device_internal.cpp:57] [configure] Configuring HEF took 35.918003 milliseconds
[2026-07-19 09:12:23.056] [2017] [HailoRT] [info] [vdevice.cpp:780] [configure] Configuring HEF on VDevice took 36.61904 milliseconds
[2026-07-19 09:12:23.056] [2017] [HailoRT] [info] [infer_model.cpp:417] [configure] Configuring network group 'yolov8s' with params: batch size: 2, power mode: PERFORMANCE, latency: NONE
[2026-07-19 09:12:23.056] [2017] [HailoRT] [info] [multi_io_elements.cpp:754] [create] Created (AsyncHwEl)
[2026-07-19 09:12:23.056] [2017] [HailoRT] [info] [queue_elements.cpp:450] [create] Created (EntryPushQEl0yolov8s/input_layer1 | timeout: 10s)
[2026-07-19 09:12:23.056] [2017] [HailoRT] [info] [filter_elements.cpp:101] [create] Created (PreInferEl1yolov8s/input_layer1 | Reorder - src_order: RGB4, src_shape: (640, 640, 3), dst_order: NHCW, dst_shape: (640, 640, 3))
[2026-07-19 09:12:23.057] [2017] [HailoRT] [info] [queue_elements.cpp:450] [create] Created (PushQEl1yolov8s/input_layer1 | timeout: 10s)
[2026-07-19 09:12:23.057] [2017] [HailoRT] [info] [multi_io_elements.cpp:135] [create] Created (NmsPPMuxEl0YOLOV8-Post-Process | Op YOLOV8, Name: YOLOV8-Post-Process, Score threshold: 0.300, IoU threshold: 0.45, Classes: 80, Max bboxes per class: 100, Image height: 640, Image width: 640)
[2026-07-19 09:12:23.057] [2017] [HailoRT] [info] [queue_elements.cpp:942] [create] Created (MultiPushQEl0YOLOV8-Post-Process | timeout: 10s)
[2026-07-19 09:12:23.057] [2017] [HailoRT] [info] [edge_elements.cpp:187] [create] Created (LastAsyncEl0NmsPPMuxEl0YOLOV8-Post-Process)
[2026-07-19 09:12:23.057] [2017] [HailoRT] [info] [pipeline.cpp:891] [print_deep_description] EntryPushQEl0yolov8s/input_layer1 | inputs: user | outputs: PreInferEl1yolov8s/input_layer1(running in thread_id: 2076)
[2026-07-19 09:12:23.057] [2017] [HailoRT] [info] [pipeline.cpp:891] [print_deep_description] PreInferEl1yolov8s/input_layer1 | inputs: EntryPushQEl0yolov8s/input_layer1[0] | outputs: PushQEl1yolov8s/input_layer1
[2026-07-19 09:12:23.057] [2017] [HailoRT] [info] [pipeline.cpp:891] [print_deep_description] PushQEl1yolov8s/input_layer1 | inputs: PreInferEl1yolov8s/input_layer1[0] | outputs: AsyncHwEl(running in thread_id: 2077)
[2026-07-19 09:12:23.057] [2017] [HailoRT] [info] [pipeline.cpp:891] [print_deep_description] AsyncHwEl | inputs: PushQEl1yolov8s/input_layer1[0] | outputs: MultiPushQEl0YOLOV8-Post-Process MultiPushQEl0YOLOV8-Post-Process MultiPushQEl0YOLOV8-Post-Process MultiPushQEl0YOLOV8-Post-Process MultiPushQEl0YOLOV8-Post-Process MultiPushQEl0YOLOV8-Post-Process
[2026-07-19 09:12:23.057] [2017] [HailoRT] [info] [pipeline.cpp:891] [print_deep_description] MultiPushQEl0YOLOV8-Post-Process | inputs: AsyncHwEl[0] AsyncHwEl[1] AsyncHwEl[2] AsyncHwEl[3] AsyncHwEl[4] AsyncHwEl[5] | outputs: NmsPPMuxEl0YOLOV8-Post-Process(running in thread_id: 2078)
[2026-07-19 09:12:23.057] [2017] [HailoRT] [info] [pipeline.cpp:891] [print_deep_description] NmsPPMuxEl0YOLOV8-Post-Process | inputs: MultiPushQEl0YOLOV8-Post-Process[0] | outputs: LastAsyncEl0NmsPPMuxEl0YOLOV8-Post-Process
[2026-07-19 09:12:23.057] [2017] [HailoRT] [info] [pipeline.cpp:891] [print_deep_description] LastAsyncEl0NmsPPMuxEl0YOLOV8-Post-Process | inputs: NmsPPMuxEl0YOLOV8-Post-Process[0] | outputs: user
[2026-07-19 09:12:23.447] [2062] [HailoRT] [info] [hef.cpp:1994] [get_network_group_and_network_name] No name was given. Addressing all networks of default network_group: yolov8s
[2026-07-19 09:13:32.605] [2111] [HailoRT] [info] [device.cpp:51] [Device] OS Version: Linux 6.18.34+rpt-rpi-2712 #1 SMP PREEMPT Debian 1:6.18.34-1+rpt1 (2026-06-09) aarch64
[2026-07-19 09:13:32.605] [2111] [HailoRT] [info] [control.cpp:113] [control__parse_identify_results] firmware_version is: 4.23.0
[2026-07-19 09:13:32.605] [2111] [HailoRT] [info] [control.cpp:113] [control__parse_identify_results] firmware_version is: 4.23.0
[2026-07-19 09:13:32.749] [2115] [HailoRT] [info] [device.cpp:51] [Device] OS Version: Linux 6.18.34+rpt-rpi-2712 #1 SMP PREEMPT Debian 1:6.18.34-1+rpt1 (2026-06-09) aarch64
[2026-07-19 09:13:32.749] [2115] [HailoRT] [info] [control.cpp:113] [control__parse_identify_results] firmware_version is: 4.23.0
[2026-07-19 09:13:32.750] [2115] [HailoRT] [info] [control.cpp:113] [control__parse_identify_results] firmware_version is: 4.23.0
[2026-07-19 09:13:32.818] [2093] [HailoRT] [info] [vdevice.cpp:535] [create] Creating vdevice with params: device_count: 1, scheduling_algorithm: ROUND_ROBIN, multi_process_service: false
[2026-07-19 09:13:32.829] [2093] [HailoRT] [info] [device.cpp:51] [Device] OS Version: Linux 6.18.34+rpt-rpi-2712 #1 SMP PREEMPT Debian 1:6.18.34-1+rpt1 (2026-06-09) aarch64
[2026-07-19 09:13:32.829] [2093] [HailoRT] [info] [control.cpp:113] [control__parse_identify_results] firmware_version is: 4.23.0
[2026-07-19 09:13:32.829] [2093] [HailoRT] [info] [vdevice.cpp:682] [create] VDevice Infos: 0001:01:00.0
[2026-07-19 09:13:32.839] [2093] [HailoRT] [info] [hef.cpp:1994] [get_network_group_and_network_name] No name was given. Addressing all networks of default network_group: yolov8s
[2026-07-19 09:13:32.839] [2093] [HailoRT] [info] [hef.cpp:1994] [get_network_group_and_network_name] No name was given. Addressing all networks of default network_group: yolov8s
[2026-07-19 09:13:32.886] [2093] [HailoRT] [info] [internal_buffer_manager.cpp:77] [print_execution_results] Planned internal buffer memory: CMA=0 CMA-Desc=393216 Pinned=4099072. memory to edge layer usage factor is 1
[2026-07-19 09:13:32.886] [2093] [HailoRT] [info] [internal_buffer_manager.cpp:86] [print_execution_results] Default Internal buffer planner executed successfully
[2026-07-19 09:13:32.916] [2093] [HailoRT] [info] [device_internal.cpp:57] [configure] Configuring HEF took 39.653104 milliseconds
[2026-07-19 09:13:32.916] [2093] [HailoRT] [info] [vdevice.cpp:780] [configure] Configuring HEF on VDevice took 40.022261 milliseconds
[2026-07-19 09:13:32.916] [2093] [HailoRT] [info] [infer_model.cpp:417] [configure] Configuring network group 'yolov8s' with params: batch size: 2, power mode: PERFORMANCE, latency: NONE
[2026-07-19 09:13:32.916] [2093] [HailoRT] [info] [multi_io_elements.cpp:754] [create] Created (AsyncHwEl)
[2026-07-19 09:13:32.917] [2093] [HailoRT] [info] [queue_elements.cpp:450] [create] Created (EntryPushQEl0yolov8s/input_layer1 | timeout: 10s)
[2026-07-19 09:13:32.917] [2093] [HailoRT] [info] [filter_elements.cpp:101] [create] Created (PreInferEl1yolov8s/input_layer1 | Reorder - src_order: RGB4, src_shape: (640, 640, 3), dst_order: NHCW, dst_shape: (640, 640, 3))
[2026-07-19 09:13:32.917] [2093] [HailoRT] [info] [queue_elements.cpp:450] [create] Created (PushQEl1yolov8s/input_layer1 | timeout: 10s)
[2026-07-19 09:13:32.917] [2093] [HailoRT] [info] [multi_io_elements.cpp:135] [create] Created (NmsPPMuxEl0YOLOV8-Post-Process | Op YOLOV8, Name: YOLOV8-Post-Process, Score threshold: 0.300, IoU threshold: 0.45, Classes: 80, Max bboxes per class: 100, Image height: 640, Image width: 640)
[2026-07-19 09:13:32.917] [2093] [HailoRT] [info] [queue_elements.cpp:942] [create] Created (MultiPushQEl0YOLOV8-Post-Process | timeout: 10s)
[2026-07-19 09:13:32.918] [2093] [HailoRT] [info] [edge_elements.cpp:187] [create] Created (LastAsyncEl0NmsPPMuxEl0YOLOV8-Post-Process)
[2026-07-19 09:13:32.918] [2093] [HailoRT] [info] [pipeline.cpp:891] [print_deep_description] EntryPushQEl0yolov8s/input_layer1 | inputs: user | outputs: PreInferEl1yolov8s/input_layer1(running in thread_id: 2148)
[2026-07-19 09:13:32.918] [2093] [HailoRT] [info] [pipeline.cpp:891] [print_deep_description] PreInferEl1yolov8s/input_layer1 | inputs: EntryPushQEl0yolov8s/input_layer1[0] | outputs: PushQEl1yolov8s/input_layer1
[2026-07-19 09:13:32.918] [2093] [HailoRT] [info] [pipeline.cpp:891] [print_deep_description] PushQEl1yolov8s/input_layer1 | inputs: PreInferEl1yolov8s/input_layer1[0] | outputs: AsyncHwEl(running in thread_id: 2149)
[2026-07-19 09:13:32.918] [2093] [HailoRT] [info] [pipeline.cpp:891] [print_deep_description] AsyncHwEl | inputs: PushQEl1yolov8s/input_layer1[0] | outputs: MultiPushQEl0YOLOV8-Post-Process MultiPushQEl0YOLOV8-Post-Process MultiPushQEl0YOLOV8-Post-Process MultiPushQEl0YOLOV8-Post-Process MultiPushQEl0YOLOV8-Post-Process MultiPushQEl0YOLOV8-Post-Process
[2026-07-19 09:13:32.918] [2093] [HailoRT] [info] [pipeline.cpp:891] [print_deep_description] MultiPushQEl0YOLOV8-Post-Process | inputs: AsyncHwEl[0] AsyncHwEl[1] AsyncHwEl[2] AsyncHwEl[3] AsyncHwEl[4] AsyncHwEl[5] | outputs: NmsPPMuxEl0YOLOV8-Post-Process(running in thread_id: 2150)
[2026-07-19 09:13:32.918] [2093] [HailoRT] [info] [pipeline.cpp:891] [print_deep_description] NmsPPMuxEl0YOLOV8-Post-Process | inputs: MultiPushQEl0YOLOV8-Post-Process[0] | outputs: LastAsyncEl0NmsPPMuxEl0YOLOV8-Post-Process
[2026-07-19 09:13:32.918] [2093] [HailoRT] [info] [pipeline.cpp:891] [print_deep_description] LastAsyncEl0NmsPPMuxEl0YOLOV8-Post-Process | inputs: NmsPPMuxEl0YOLOV8-Post-Process[0] | outputs: user
[2026-07-19 09:13:33.261] [2134] [HailoRT] [info] [hef.cpp:1994] [get_network_group_and_network_name] No name was given. Addressing all networks of default network_group: yolov8s
[2026-07-19 09:14:23.265] [2196] [HailoRT] [info] [device.cpp:51] [Device] OS Version: Linux 6.18.34+rpt-rpi-2712 #1 SMP PREEMPT Debian 1:6.18.34-1+rpt1 (2026-06-09) aarch64
[2026-07-19 09:14:23.265] [2196] [HailoRT] [info] [control.cpp:113] [control__parse_identify_results] firmware_version is: 4.23.0
[2026-07-19 09:14:23.266] [2196] [HailoRT] [info] [control.cpp:113] [control__parse_identify_results] firmware_version is: 4.23.0
[2026-07-19 09:14:23.417] [2200] [HailoRT] [info] [device.cpp:51] [Device] OS Version: Linux 6.18.34+rpt-rpi-2712 #1 SMP PREEMPT Debian 1:6.18.34-1+rpt1 (2026-06-09) aarch64
[2026-07-19 09:14:23.417] [2200] [HailoRT] [info] [control.cpp:113] [control__parse_identify_results] firmware_version is: 4.23.0
[2026-07-19 09:14:23.418] [2200] [HailoRT] [info] [control.cpp:113] [control__parse_identify_results] firmware_version is: 4.23.0
[2026-07-19 09:14:23.475] [2178] [HailoRT] [info] [vdevice.cpp:535] [create] Creating vdevice with params: device_count: 1, scheduling_algorithm: ROUND_ROBIN, multi_process_service: false
[2026-07-19 09:14:23.488] [2178] [HailoRT] [info] [device.cpp:51] [Device] OS Version: Linux 6.18.34+rpt-rpi-2712 #1 SMP PREEMPT Debian 1:6.18.34-1+rpt1 (2026-06-09) aarch64
[2026-07-19 09:14:23.488] [2178] [HailoRT] [info] [control.cpp:113] [control__parse_identify_results] firmware_version is: 4.23.0
[2026-07-19 09:14:23.488] [2178] [HailoRT] [info] [vdevice.cpp:682] [create] VDevice Infos: 0001:01:00.0
[2026-07-19 09:14:23.497] [2178] [HailoRT] [info] [hef.cpp:1994] [get_network_group_and_network_name] No name was given. Addressing all networks of default network_group: yolov8s
[2026-07-19 09:14:23.497] [2178] [HailoRT] [info] [hef.cpp:1994] [get_network_group_and_network_name] No name was given. Addressing all networks of default network_group: yolov8s
[2026-07-19 09:14:23.542] [2178] [HailoRT] [info] [internal_buffer_manager.cpp:77] [print_execution_results] Planned internal buffer memory: CMA=0 CMA-Desc=393216 Pinned=4099072. memory to edge layer usage factor is 1
[2026-07-19 09:14:23.542] [2178] [HailoRT] [info] [internal_buffer_manager.cpp:86] [print_execution_results] Default Internal buffer planner executed successfully
[2026-07-19 09:14:23.570] [2178] [HailoRT] [info] [device_internal.cpp:57] [configure] Configuring HEF took 35.679681 milliseconds
[2026-07-19 09:14:23.571] [2178] [HailoRT] [info] [vdevice.cpp:780] [configure] Configuring HEF on VDevice took 35.991577 milliseconds
[2026-07-19 09:14:23.571] [2178] [HailoRT] [info] [infer_model.cpp:417] [configure] Configuring network group 'yolov8s' with params: batch size: 2, power mode: PERFORMANCE, latency: NONE
[2026-07-19 09:14:23.571] [2178] [HailoRT] [info] [multi_io_elements.cpp:754] [create] Created (AsyncHwEl)
[2026-07-19 09:14:23.571] [2178] [HailoRT] [info] [queue_elements.cpp:450] [create] Created (EntryPushQEl0yolov8s/input_layer1 | timeout: 10s)
[2026-07-19 09:14:23.571] [2178] [HailoRT] [info] [filter_elements.cpp:101] [create] Created (PreInferEl1yolov8s/input_layer1 | Reorder - src_order: RGB4, src_shape: (640, 640, 3), dst_order: NHCW, dst_shape: (640, 640, 3))
[2026-07-19 09:14:23.571] [2178] [HailoRT] [info] [queue_elements.cpp:450] [create] Created (PushQEl1yolov8s/input_layer1 | timeout: 10s)
[2026-07-19 09:14:23.571] [2178] [HailoRT] [info] [multi_io_elements.cpp:135] [create] Created (NmsPPMuxEl0YOLOV8-Post-Process | Op YOLOV8, Name: YOLOV8-Post-Process, Score threshold: 0.300, IoU threshold: 0.45, Classes: 80, Max bboxes per class: 100, Image height: 640, Image width: 640)
[2026-07-19 09:14:23.571] [2178] [HailoRT] [info] [queue_elements.cpp:942] [create] Created (MultiPushQEl0YOLOV8-Post-Process | timeout: 10s)
[2026-07-19 09:14:23.571] [2178] [HailoRT] [info] [edge_elements.cpp:187] [create] Created (LastAsyncEl0NmsPPMuxEl0YOLOV8-Post-Process)
[2026-07-19 09:14:23.571] [2178] [HailoRT] [info] [pipeline.cpp:891] [print_deep_description] EntryPushQEl0yolov8s/input_layer1 | inputs: user | outputs: PreInferEl1yolov8s/input_layer1(running in thread_id: 2233)
[2026-07-19 09:14:23.571] [2178] [HailoRT] [info] [pipeline.cpp:891] [print_deep_description] PreInferEl1yolov8s/input_layer1 | inputs: EntryPushQEl0yolov8s/input_layer1[0] | outputs: PushQEl1yolov8s/input_layer1
[2026-07-19 09:14:23.571] [2178] [HailoRT] [info] [pipeline.cpp:891] [print_deep_description] PushQEl1yolov8s/input_layer1 | inputs: PreInferEl1yolov8s/input_layer1[0] | outputs: AsyncHwEl(running in thread_id: 2234)
[2026-07-19 09:14:23.571] [2178] [HailoRT] [info] [pipeline.cpp:891] [print_deep_description] AsyncHwEl | inputs: PushQEl1yolov8s/input_layer1[0] | outputs: MultiPushQEl0YOLOV8-Post-Process MultiPushQEl0YOLOV8-Post-Process MultiPushQEl0YOLOV8-Post-Process MultiPushQEl0YOLOV8-Post-Process MultiPushQEl0YOLOV8-Post-Process MultiPushQEl0YOLOV8-Post-Process
[2026-07-19 09:14:23.572] [2178] [HailoRT] [info] [pipeline.cpp:891] [print_deep_description] MultiPushQEl0YOLOV8-Post-Process | inputs: AsyncHwEl[0] AsyncHwEl[1] AsyncHwEl[2] AsyncHwEl[3] AsyncHwEl[4] AsyncHwEl[5] | outputs: NmsPPMuxEl0YOLOV8-Post-Process(running in thread_id: 2235)
[2026-07-19 09:14:23.572] [2178] [HailoRT] [info] [pipeline.cpp:891] [print_deep_description] NmsPPMuxEl0YOLOV8-Post-Process | inputs: MultiPushQEl0YOLOV8-Post-Process[0] | outputs: LastAsyncEl0NmsPPMuxEl0YOLOV8-Post-Process
[2026-07-19 09:14:23.572] [2178] [HailoRT] [info] [pipeline.cpp:891] [print_deep_description] LastAsyncEl0NmsPPMuxEl0YOLOV8-Post-Process | inputs: NmsPPMuxEl0YOLOV8-Post-Process[0] | outputs: user
[2026-07-19 09:14:23.917] [2219] [HailoRT] [info] [hef.cpp:1994] [get_network_group_and_network_name] No name was given. Addressing all networks of default network_group: yolov8s
[2026-07-19 09:14:49.340] [2262] [HailoRT] [info] [device.cpp:51] [Device] OS Version: Linux 6.18.34+rpt-rpi-2712 #1 SMP PREEMPT Debian 1:6.18.34-1+rpt1 (2026-06-09) aarch64
[2026-07-19 09:14:49.340] [2262] [HailoRT] [info] [control.cpp:113] [control__parse_identify_results] firmware_version is: 4.23.0
[2026-07-19 09:14:49.340] [2262] [HailoRT] [info] [control.cpp:113] [control__parse_identify_results] firmware_version is: 4.23.0
[2026-07-19 09:14:49.481] [2266] [HailoRT] [info] [device.cpp:51] [Device] OS Version: Linux 6.18.34+rpt-rpi-2712 #1 SMP PREEMPT Debian 1:6.18.34-1+rpt1 (2026-06-09) aarch64
[2026-07-19 09:14:49.482] [2266] [HailoRT] [info] [control.cpp:113] [control__parse_identify_results] firmware_version is: 4.23.0
[2026-07-19 09:14:49.482] [2266] [HailoRT] [info] [control.cpp:113] [control__parse_identify_results] firmware_version is: 4.23.0
[2026-07-19 09:14:49.538] [2244] [HailoRT] [info] [vdevice.cpp:535] [create] Creating vdevice with params: device_count: 1, scheduling_algorithm: ROUND_ROBIN, multi_process_service: false
[2026-07-19 09:14:49.549] [2244] [HailoRT] [info] [device.cpp:51] [Device] OS Version: Linux 6.18.34+rpt-rpi-2712 #1 SMP PREEMPT Debian 1:6.18.34-1+rpt1 (2026-06-09) aarch64
[2026-07-19 09:14:49.549] [2244] [HailoRT] [info] [control.cpp:113] [control__parse_identify_results] firmware_version is: 4.23.0
[2026-07-19 09:14:49.549] [2244] [HailoRT] [info] [vdevice.cpp:682] [create] VDevice Infos: 0001:01:00.0
[2026-07-19 09:14:49.558] [2244] [HailoRT] [info] [hef.cpp:1994] [get_network_group_and_network_name] No name was given. Addressing all networks of default network_group: yolov8s
[2026-07-19 09:14:49.558] [2244] [HailoRT] [info] [hef.cpp:1994] [get_network_group_and_network_name] No name was given. Addressing all networks of default network_group: yolov8s
[2026-07-19 09:14:49.609] [2244] [HailoRT] [info] [internal_buffer_manager.cpp:77] [print_execution_results] Planned internal buffer memory: CMA=0 CMA-Desc=393216 Pinned=4099072. memory to edge layer usage factor is 1
[2026-07-19 09:14:49.609] [2244] [HailoRT] [info] [internal_buffer_manager.cpp:86] [print_execution_results] Default Internal buffer planner executed successfully
[2026-07-19 09:14:49.636] [2244] [HailoRT] [info] [device_internal.cpp:57] [configure] Configuring HEF took 36.326087 milliseconds
[2026-07-19 09:14:49.636] [2244] [HailoRT] [info] [vdevice.cpp:780] [configure] Configuring HEF on VDevice took 36.663761 milliseconds
[2026-07-19 09:14:49.636] [2244] [HailoRT] [info] [infer_model.cpp:417] [configure] Configuring network group 'yolov8s' with params: batch size: 2, power mode: PERFORMANCE, latency: NONE
[2026-07-19 09:14:49.636] [2244] [HailoRT] [info] [multi_io_elements.cpp:754] [create] Created (AsyncHwEl)
[2026-07-19 09:14:49.636] [2244] [HailoRT] [info] [queue_elements.cpp:450] [create] Created (EntryPushQEl0yolov8s/input_layer1 | timeout: 10s)
[2026-07-19 09:14:49.636] [2244] [HailoRT] [info] [filter_elements.cpp:101] [create] Created (PreInferEl1yolov8s/input_layer1 | Reorder - src_order: RGB4, src_shape: (640, 640, 3), dst_order: NHCW, dst_shape: (640, 640, 3))
[2026-07-19 09:14:49.636] [2244] [HailoRT] [info] [queue_elements.cpp:450] [create] Created (PushQEl1yolov8s/input_layer1 | timeout: 10s)
[2026-07-19 09:14:49.637] [2244] [HailoRT] [info] [multi_io_elements.cpp:135] [create] Created (NmsPPMuxEl0YOLOV8-Post-Process | Op YOLOV8, Name: YOLOV8-Post-Process, Score threshold: 0.300, IoU threshold: 0.45, Classes: 80, Max bboxes per class: 100, Image height: 640, Image width: 640)
[2026-07-19 09:14:49.637] [2244] [HailoRT] [info] [queue_elements.cpp:942] [create] Created (MultiPushQEl0YOLOV8-Post-Process | timeout: 10s)
[2026-07-19 09:14:49.637] [2244] [HailoRT] [info] [edge_elements.cpp:187] [create] Created (LastAsyncEl0NmsPPMuxEl0YOLOV8-Post-Process)
[2026-07-19 09:14:49.637] [2244] [HailoRT] [info] [pipeline.cpp:891] [print_deep_description] EntryPushQEl0yolov8s/input_layer1 | inputs: user | outputs: PreInferEl1yolov8s/input_layer1(running in thread_id: 2299)
[2026-07-19 09:14:49.637] [2244] [HailoRT] [info] [pipeline.cpp:891] [print_deep_description] PreInferEl1yolov8s/input_layer1 | inputs: EntryPushQEl0yolov8s/input_layer1[0] | outputs: PushQEl1yolov8s/input_layer1
[2026-07-19 09:14:49.637] [2244] [HailoRT] [info] [pipeline.cpp:891] [print_deep_description] PushQEl1yolov8s/input_layer1 | inputs: PreInferEl1yolov8s/input_layer1[0] | outputs: AsyncHwEl(running in thread_id: 2300)
[2026-07-19 09:14:49.637] [2244] [HailoRT] [info] [pipeline.cpp:891] [print_deep_description] AsyncHwEl | inputs: PushQEl1yolov8s/input_layer1[0] | outputs: MultiPushQEl0YOLOV8-Post-Process MultiPushQEl0YOLOV8-Post-Process MultiPushQEl0YOLOV8-Post-Process MultiPushQEl0YOLOV8-Post-Process MultiPushQEl0YOLOV8-Post-Process MultiPushQEl0YOLOV8-Post-Process
[2026-07-19 09:14:49.637] [2244] [HailoRT] [info] [pipeline.cpp:891] [print_deep_description] MultiPushQEl0YOLOV8-Post-Process | inputs: AsyncHwEl[0] AsyncHwEl[1] AsyncHwEl[2] AsyncHwEl[3] AsyncHwEl[4] AsyncHwEl[5] | outputs: NmsPPMuxEl0YOLOV8-Post-Process(running in thread_id: 2301)
[2026-07-19 09:14:49.637] [2244] [HailoRT] [info] [pipeline.cpp:891] [print_deep_description] NmsPPMuxEl0YOLOV8-Post-Process | inputs: MultiPushQEl0YOLOV8-Post-Process[0] | outputs: LastAsyncEl0NmsPPMuxEl0YOLOV8-Post-Process
[2026-07-19 09:14:49.637] [2244] [HailoRT] [info] [pipeline.cpp:891] [print_deep_description] LastAsyncEl0NmsPPMuxEl0YOLOV8-Post-Process | inputs: NmsPPMuxEl0YOLOV8-Post-Process[0] | outputs: user
[2026-07-19 09:14:49.978] [2285] [HailoRT] [info] [hef.cpp:1994] [get_network_group_and_network_name] No name was given. Addressing all networks of default network_group: yolov8s
[2026-07-19 09:16:27.765] [2334] [HailoRT] [info] [device.cpp:51] [Device] OS Version: Linux 6.18.34+rpt-rpi-2712 #1 SMP PREEMPT Debian 1:6.18.34-1+rpt1 (2026-06-09) aarch64
[2026-07-19 09:16:27.765] [2334] [HailoRT] [info] [control.cpp:113] [control__parse_identify_results] firmware_version is: 4.23.0
[2026-07-19 09:16:27.766] [2334] [HailoRT] [info] [control.cpp:113] [control__parse_identify_results] firmware_version is: 4.23.0
[2026-07-19 09:16:27.908] [2338] [HailoRT] [info] [device.cpp:51] [Device] OS Version: Linux 6.18.34+rpt-rpi-2712 #1 SMP PREEMPT Debian 1:6.18.34-1+rpt1 (2026-06-09) aarch64
[2026-07-19 09:16:27.908] [2338] [HailoRT] [info] [control.cpp:113] [control__parse_identify_results] firmware_version is: 4.23.0
[2026-07-19 09:16:27.908] [2338] [HailoRT] [info] [control.cpp:113] [control__parse_identify_results] firmware_version is: 4.23.0
[2026-07-19 09:16:27.970] [2316] [HailoRT] [info] [vdevice.cpp:535] [create] Creating vdevice with params: device_count: 1, scheduling_algorithm: ROUND_ROBIN, multi_process_service: false
[2026-07-19 09:16:27.981] [2316] [HailoRT] [info] [device.cpp:51] [Device] OS Version: Linux 6.18.34+rpt-rpi-2712 #1 SMP PREEMPT Debian 1:6.18.34-1+rpt1 (2026-06-09) aarch64
[2026-07-19 09:16:27.981] [2316] [HailoRT] [info] [control.cpp:113] [control__parse_identify_results] firmware_version is: 4.23.0
[2026-07-19 09:16:27.981] [2316] [HailoRT] [info] [vdevice.cpp:682] [create] VDevice Infos: 0001:01:00.0
[2026-07-19 09:16:27.990] [2316] [HailoRT] [info] [hef.cpp:1994] [get_network_group_and_network_name] No name was given. Addressing all networks of default network_group: yolov8s
[2026-07-19 09:16:27.990] [2316] [HailoRT] [info] [hef.cpp:1994] [get_network_group_and_network_name] No name was given. Addressing all networks of default network_group: yolov8s
[2026-07-19 09:16:28.038] [2316] [HailoRT] [info] [internal_buffer_manager.cpp:77] [print_execution_results] Planned internal buffer memory: CMA=0 CMA-Desc=393216 Pinned=4099072. memory to edge layer usage factor is 1
[2026-07-19 09:16:28.038] [2316] [HailoRT] [info] [internal_buffer_manager.cpp:86] [print_execution_results] Default Internal buffer planner executed successfully
[2026-07-19 09:16:28.067] [2316] [HailoRT] [info] [device_internal.cpp:57] [configure] Configuring HEF took 38.080451 milliseconds
[2026-07-19 09:16:28.068] [2316] [HailoRT] [info] [vdevice.cpp:780] [configure] Configuring HEF on VDevice took 38.419558 milliseconds
[2026-07-19 09:16:28.068] [2316] [HailoRT] [info] [infer_model.cpp:417] [configure] Configuring network group 'yolov8s' with params: batch size: 2, power mode: PERFORMANCE, latency: NONE
[2026-07-19 09:16:28.068] [2316] [HailoRT] [info] [multi_io_elements.cpp:754] [create] Created (AsyncHwEl)
[2026-07-19 09:16:28.068] [2316] [HailoRT] [info] [queue_elements.cpp:450] [create] Created (EntryPushQEl0yolov8s/input_layer1 | timeout: 10s)
[2026-07-19 09:16:28.068] [2316] [HailoRT] [info] [filter_elements.cpp:101] [create] Created (PreInferEl1yolov8s/input_layer1 | Reorder - src_order: RGB4, src_shape: (640, 640, 3), dst_order: NHCW, dst_shape: (640, 640, 3))
[2026-07-19 09:16:28.068] [2316] [HailoRT] [info] [queue_elements.cpp:450] [create] Created (PushQEl1yolov8s/input_layer1 | timeout: 10s)
[2026-07-19 09:16:28.068] [2316] [HailoRT] [info] [multi_io_elements.cpp:135] [create] Created (NmsPPMuxEl0YOLOV8-Post-Process | Op YOLOV8, Name: YOLOV8-Post-Process, Score threshold: 0.300, IoU threshold: 0.45, Classes: 80, Max bboxes per class: 100, Image height: 640, Image width: 640)
[2026-07-19 09:16:28.068] [2316] [HailoRT] [info] [queue_elements.cpp:942] [create] Created (MultiPushQEl0YOLOV8-Post-Process | timeout: 10s)
[2026-07-19 09:16:28.068] [2316] [HailoRT] [info] [edge_elements.cpp:187] [create] Created (LastAsyncEl0NmsPPMuxEl0YOLOV8-Post-Process)
[2026-07-19 09:16:28.068] [2316] [HailoRT] [info] [pipeline.cpp:891] [print_deep_description] EntryPushQEl0yolov8s/input_layer1 | inputs: user | outputs: PreInferEl1yolov8s/input_layer1(running in thread_id: 2371)
[2026-07-19 09:16:28.068] [2316] [HailoRT] [info] [pipeline.cpp:891] [print_deep_description] PreInferEl1yolov8s/input_layer1 | inputs: EntryPushQEl0yolov8s/input_layer1[0] | outputs: PushQEl1yolov8s/input_layer1
[2026-07-19 09:16:28.068] [2316] [HailoRT] [info] [pipeline.cpp:891] [print_deep_description] PushQEl1yolov8s/input_layer1 | inputs: PreInferEl1yolov8s/input_layer1[0] | outputs: AsyncHwEl(running in thread_id: 2372)
[2026-07-19 09:16:28.068] [2316] [HailoRT] [info] [pipeline.cpp:891] [print_deep_description] AsyncHwEl | inputs: PushQEl1yolov8s/input_layer1[0] | outputs: MultiPushQEl0YOLOV8-Post-Process MultiPushQEl0YOLOV8-Post-Process MultiPushQEl0YOLOV8-Post-Process MultiPushQEl0YOLOV8-Post-Process MultiPushQEl0YOLOV8-Post-Process MultiPushQEl0YOLOV8-Post-Process
[2026-07-19 09:16:28.068] [2316] [HailoRT] [info] [pipeline.cpp:891] [print_deep_description] MultiPushQEl0YOLOV8-Post-Process | inputs: AsyncHwEl[0] AsyncHwEl[1] AsyncHwEl[2] AsyncHwEl[3] AsyncHwEl[4] AsyncHwEl[5] | outputs: NmsPPMuxEl0YOLOV8-Post-Process(running in thread_id: 2373)
[2026-07-19 09:16:28.068] [2316] [HailoRT] [info] [pipeline.cpp:891] [print_deep_description] NmsPPMuxEl0YOLOV8-Post-Process | inputs: MultiPushQEl0YOLOV8-Post-Process[0] | outputs: LastAsyncEl0NmsPPMuxEl0YOLOV8-Post-Process
[2026-07-19 09:16:28.068] [2316] [HailoRT] [info] [pipeline.cpp:891] [print_deep_description] LastAsyncEl0NmsPPMuxEl0YOLOV8-Post-Process | inputs: NmsPPMuxEl0YOLOV8-Post-Process[0] | outputs: user
[2026-07-19 09:16:28.408] [2357] [HailoRT] [info] [hef.cpp:1994] [get_network_group_and_network_name] No name was given. Addressing all networks of default network_group: yolov8s
[2026-07-19 09:16:58.989] [2394] [HailoRT] [info] [device.cpp:51] [Device] OS Version: Linux 6.18.34+rpt-rpi-2712 #1 SMP PREEMPT Debian 1:6.18.34-1+rpt1 (2026-06-09) aarch64
[2026-07-19 09:16:58.989] [2394] [HailoRT] [info] [control.cpp:113] [control__parse_identify_results] firmware_version is: 4.23.0
[2026-07-19 09:16:58.989] [2394] [HailoRT] [info] [control.cpp:113] [control__parse_identify_results] firmware_version is: 4.23.0
[2026-07-19 09:16:59.099] [2398] [HailoRT] [info] [device.cpp:51] [Device] OS Version: Linux 6.18.34+rpt-rpi-2712 #1 SMP PREEMPT Debian 1:6.18.34-1+rpt1 (2026-06-09) aarch64
[2026-07-19 09:16:59.099] [2398] [HailoRT] [info] [control.cpp:113] [control__parse_identify_results] firmware_version is: 4.23.0
[2026-07-19 09:16:59.099] [2398] [HailoRT] [info] [control.cpp:113] [control__parse_identify_results] firmware_version is: 4.23.0
[2026-07-19 09:16:59.143] [2385] [HailoRT] [info] [vdevice.cpp:535] [create] Creating vdevice with params: device_count: 1, scheduling_algorithm: ROUND_ROBIN, multi_process_service: false
[2026-07-19 09:16:59.144] [2385] [HailoRT] [info] [device.cpp:51] [Device] OS Version: Linux 6.18.34+rpt-rpi-2712 #1 SMP PREEMPT Debian 1:6.18.34-1+rpt1 (2026-06-09) aarch64
[2026-07-19 09:16:59.144] [2385] [HailoRT] [info] [control.cpp:113] [control__parse_identify_results] firmware_version is: 4.23.0
[2026-07-19 09:16:59.161] [2385] [HailoRT] [error] [vdevice.cpp:863] [create_devices] CHECK failed - Failed to create vdevice. there are not enough free devices. requested: 1, found: 0
[2026-07-19 09:16:59.161] [2385] [HailoRT] [error] [vdevice.cpp:662] [create] CHECK_SUCCESS failed with status=HAILO_OUT_OF_PHYSICAL_DEVICES(74)
[2026-07-19 09:16:59.161] [2385] [HailoRT] [error] [shared_resource_manager.hpp:81] [register_resource] CHECK_SUCCESS failed with status=HAILO_OUT_OF_PHYSICAL_DEVICES(74)
[2026-07-19 09:16:59.161] [2385] [HailoRT] [error] [vdevice.cpp:133] [create] CHECK_SUCCESS failed with status=HAILO_OUT_OF_PHYSICAL_DEVICES(74)
[2026-07-19 09:16:59.161] [2385] [HailoRT] [error] [vdevice.cpp:567] [create] CHECK_SUCCESS failed with status=HAILO_OUT_OF_PHYSICAL_DEVICES(74)
[2026-07-19 09:19:11.524] [1936] [HailoRT] [info] [device.cpp:51] [Device] OS Version: Linux 6.18.34+rpt-rpi-2712 #1 SMP PREEMPT Debian 1:6.18.34-1+rpt1 (2026-06-09) aarch64
[2026-07-19 09:19:11.524] [1936] [HailoRT] [info] [control.cpp:113] [control__parse_identify_results] firmware_version is: 4.23.0
[2026-07-19 09:19:11.524] [1936] [HailoRT] [info] [control.cpp:113] [control__parse_identify_results] firmware_version is: 4.23.0
[2026-07-19 09:19:11.996] [1943] [HailoRT] [info] [device.cpp:51] [Device] OS Version: Linux 6.18.34+rpt-rpi-2712 #1 SMP PREEMPT Debian 1:6.18.34-1+rpt1 (2026-06-09) aarch64
[2026-07-19 09:19:11.996] [1943] [HailoRT] [info] [control.cpp:113] [control__parse_identify_results] firmware_version is: 4.23.0
[2026-07-19 09:19:11.996] [1943] [HailoRT] [info] [control.cpp:113] [control__parse_identify_results] firmware_version is: 4.23.0
[2026-07-19 09:19:12.071] [1900] [HailoRT] [info] [vdevice.cpp:535] [create] Creating vdevice with params: device_count: 1, scheduling_algorithm: ROUND_ROBIN, multi_process_service: false
[2026-07-19 09:19:12.083] [1900] [HailoRT] [info] [device.cpp:51] [Device] OS Version: Linux 6.18.34+rpt-rpi-2712 #1 SMP PREEMPT Debian 1:6.18.34-1+rpt1 (2026-06-09) aarch64
[2026-07-19 09:19:12.084] [1900] [HailoRT] [info] [control.cpp:113] [control__parse_identify_results] firmware_version is: 4.23.0
[2026-07-19 09:19:12.084] [1900] [HailoRT] [info] [vdevice.cpp:682] [create] VDevice Infos: 0001:01:00.0
[2026-07-19 09:19:12.174] [1900] [HailoRT] [info] [hef.cpp:1994] [get_network_group_and_network_name] No name was given. Addressing all networks of default network_group: yolov8s
[2026-07-19 09:19:12.174] [1900] [HailoRT] [info] [hef.cpp:1994] [get_network_group_and_network_name] No name was given. Addressing all networks of default network_group: yolov8s
[2026-07-19 09:19:12.230] [1900] [HailoRT] [info] [internal_buffer_manager.cpp:77] [print_execution_results] Planned internal buffer memory: CMA=0 CMA-Desc=393216 Pinned=4099072. memory to edge layer usage factor is 1
[2026-07-19 09:19:12.230] [1900] [HailoRT] [info] [internal_buffer_manager.cpp:86] [print_execution_results] Default Internal buffer planner executed successfully
[2026-07-19 09:19:12.265] [1900] [HailoRT] [info] [device_internal.cpp:57] [configure] Configuring HEF took 51.972218 milliseconds
[2026-07-19 09:19:12.265] [1900] [HailoRT] [info] [vdevice.cpp:780] [configure] Configuring HEF on VDevice took 52.633654 milliseconds
[2026-07-19 09:19:12.265] [1900] [HailoRT] [info] [infer_model.cpp:417] [configure] Configuring network group 'yolov8s' with params: batch size: 2, power mode: PERFORMANCE, latency: NONE
[2026-07-19 09:19:12.265] [1900] [HailoRT] [info] [multi_io_elements.cpp:754] [create] Created (AsyncHwEl)
[2026-07-19 09:19:12.265] [1900] [HailoRT] [info] [queue_elements.cpp:450] [create] Created (EntryPushQEl0yolov8s/input_layer1 | timeout: 10s)
[2026-07-19 09:19:12.265] [1900] [HailoRT] [info] [filter_elements.cpp:101] [create] Created (PreInferEl1yolov8s/input_layer1 | Reorder - src_order: RGB4, src_shape: (640, 640, 3), dst_order: NHCW, dst_shape: (640, 640, 3))
[2026-07-19 09:19:12.265] [1900] [HailoRT] [info] [queue_elements.cpp:450] [create] Created (PushQEl1yolov8s/input_layer1 | timeout: 10s)
[2026-07-19 09:19:12.265] [1900] [HailoRT] [info] [multi_io_elements.cpp:135] [create] Created (NmsPPMuxEl0YOLOV8-Post-Process | Op YOLOV8, Name: YOLOV8-Post-Process, Score threshold: 0.300, IoU threshold: 0.45, Classes: 80, Max bboxes per class: 100, Image height: 640, Image width: 640)
[2026-07-19 09:19:12.266] [1900] [HailoRT] [info] [queue_elements.cpp:942] [create] Created (MultiPushQEl0YOLOV8-Post-Process | timeout: 10s)
[2026-07-19 09:19:12.266] [1900] [HailoRT] [info] [edge_elements.cpp:187] [create] Created (LastAsyncEl0NmsPPMuxEl0YOLOV8-Post-Process)
[2026-07-19 09:19:12.266] [1900] [HailoRT] [info] [pipeline.cpp:891] [print_deep_description] EntryPushQEl0yolov8s/input_layer1 | inputs: user | outputs: PreInferEl1yolov8s/input_layer1(running in thread_id: 1981)
[2026-07-19 09:19:12.266] [1900] [HailoRT] [info] [pipeline.cpp:891] [print_deep_description] PreInferEl1yolov8s/input_layer1 | inputs: EntryPushQEl0yolov8s/input_layer1[0] | outputs: PushQEl1yolov8s/input_layer1
[2026-07-19 09:19:12.266] [1900] [HailoRT] [info] [pipeline.cpp:891] [print_deep_description] PushQEl1yolov8s/input_layer1 | inputs: PreInferEl1yolov8s/input_layer1[0] | outputs: AsyncHwEl(running in thread_id: 1982)
[2026-07-19 09:19:12.266] [1900] [HailoRT] [info] [pipeline.cpp:891] [print_deep_description] AsyncHwEl | inputs: PushQEl1yolov8s/input_layer1[0] | outputs: MultiPushQEl0YOLOV8-Post-Process MultiPushQEl0YOLOV8-Post-Process MultiPushQEl0YOLOV8-Post-Process MultiPushQEl0YOLOV8-Post-Process MultiPushQEl0YOLOV8-Post-Process MultiPushQEl0YOLOV8-Post-Process
[2026-07-19 09:19:12.266] [1900] [HailoRT] [info] [pipeline.cpp:891] [print_deep_description] MultiPushQEl0YOLOV8-Post-Process | inputs: AsyncHwEl[0] AsyncHwEl[1] AsyncHwEl[2] AsyncHwEl[3] AsyncHwEl[4] AsyncHwEl[5] | outputs: NmsPPMuxEl0YOLOV8-Post-Process(running in thread_id: 1983)
[2026-07-19 09:19:12.266] [1900] [HailoRT] [info] [pipeline.cpp:891] [print_deep_description] NmsPPMuxEl0YOLOV8-Post-Process | inputs: MultiPushQEl0YOLOV8-Post-Process[0] | outputs: LastAsyncEl0NmsPPMuxEl0YOLOV8-Post-Process
[2026-07-19 09:19:12.266] [1900] [HailoRT] [info] [pipeline.cpp:891] [print_deep_description] LastAsyncEl0NmsPPMuxEl0YOLOV8-Post-Process | inputs: NmsPPMuxEl0YOLOV8-Post-Process[0] | outputs: user
[2026-07-19 09:19:12.652] [1964] [HailoRT] [info] [hef.cpp:1994] [get_network_group_and_network_name] No name was given. Addressing all networks of default network_group: yolov8s
[2026-07-19 09:19:31.074] [1900] [HailoRT] [info] [async_infer_runner.cpp:86] [shutdown] Pipeline was aborted. Shutting it down
[2026-07-19 09:19:31.075] [1900] [HailoRT] [info] [queue_elements.cpp:1131] [execute_deactivate] enqueue() in element MultiPushQEl0YOLOV8-Post-Process was aborted, got status = HAILO_SHUTDOWN_EVENT_SIGNALED(57)
[2026-07-19 09:19:31.075] [1900] [HailoRT] [info] [queue_elements.cpp:1131] [execute_deactivate] enqueue() in element MultiPushQEl0YOLOV8-Post-Process was aborted, got status = HAILO_SHUTDOWN_EVENT_SIGNALED(57)
[2026-07-19 09:19:31.075] [1900] [HailoRT] [info] [queue_elements.cpp:1131] [execute_deactivate] enqueue() in element MultiPushQEl0YOLOV8-Post-Process was aborted, got status = HAILO_SHUTDOWN_EVENT_SIGNALED(57)
[2026-07-19 09:19:31.075] [1900] [HailoRT] [info] [queue_elements.cpp:1131] [execute_deactivate] enqueue() in element MultiPushQEl0YOLOV8-Post-Process was aborted, got status = HAILO_SHUTDOWN_EVENT_SIGNALED(57)
[2026-07-19 09:19:31.075] [1900] [HailoRT] [info] [queue_elements.cpp:1131] [execute_deactivate] enqueue() in element MultiPushQEl0YOLOV8-Post-Process was aborted, got status = HAILO_SHUTDOWN_EVENT_SIGNALED(57)
[2026-07-19 09:19:31.075] [1900] [HailoRT] [info] [queue_elements.cpp:1131] [execute_deactivate] enqueue() in element MultiPushQEl0YOLOV8-Post-Process was aborted, got status = HAILO_SHUTDOWN_EVENT_SIGNALED(57)
[2026-07-19 09:19:31.075] [1900] [HailoRT] [info] [queue_elements.cpp:570] [execute_deactivate] enqueue() in element PushQEl1yolov8s/input_layer1 was aborted, got status = HAILO_SHUTDOWN_EVENT_SIGNALED(57)
[2026-07-19 09:19:31.075] [1900] [HailoRT] [info] [queue_elements.cpp:570] [execute_deactivate] enqueue() in element EntryPushQEl0yolov8s/input_layer1 was aborted, got status = HAILO_SHUTDOWN_EVENT_SIGNALED(57)
[2026-07-19 09:19:31.075] [1900] [HailoRT] [info] [queue_elements.cpp:46] [~BaseQueueElement] Queue element EntryPushQEl0yolov8s/input_layer1 has 0 frames in his Queue on destruction
[2026-07-19 09:19:31.075] [1900] [HailoRT] [info] [queue_elements.cpp:46] [~BaseQueueElement] Queue element PushQEl1yolov8s/input_layer1 has 0 frames in his Queue on destruction
[2026-07-19 09:30:33.600] [2141] [HailoRT] [info] [device.cpp:51] [Device] OS Version: Linux 6.18.34+rpt-rpi-2712 #1 SMP PREEMPT Debian 1:6.18.34-1+rpt1 (2026-06-09) aarch64
[2026-07-19 09:30:33.600] [2141] [HailoRT] [info] [control.cpp:113] [control__parse_identify_results] firmware_version is: 4.23.0
[2026-07-19 09:30:33.600] [2141] [HailoRT] [info] [control.cpp:113] [control__parse_identify_results] firmware_version is: 4.23.0
[2026-07-19 09:30:33.750] [2145] [HailoRT] [info] [device.cpp:51] [Device] OS Version: Linux 6.18.34+rpt-rpi-2712 #1 SMP PREEMPT Debian 1:6.18.34-1+rpt1 (2026-06-09) aarch64
[2026-07-19 09:30:33.750] [2145] [HailoRT] [info] [control.cpp:113] [control__parse_identify_results] firmware_version is: 4.23.0
[2026-07-19 09:30:33.751] [2145] [HailoRT] [info] [control.cpp:113] [control__parse_identify_results] firmware_version is: 4.23.0
[2026-07-19 09:30:33.805] [2121] [HailoRT] [info] [vdevice.cpp:535] [create] Creating vdevice with params: device_count: 1, scheduling_algorithm: ROUND_ROBIN, multi_process_service: false
[2026-07-19 09:30:33.818] [2121] [HailoRT] [info] [device.cpp:51] [Device] OS Version: Linux 6.18.34+rpt-rpi-2712 #1 SMP PREEMPT Debian 1:6.18.34-1+rpt1 (2026-06-09) aarch64
[2026-07-19 09:30:33.818] [2121] [HailoRT] [info] [control.cpp:113] [control__parse_identify_results] firmware_version is: 4.23.0
[2026-07-19 09:30:33.818] [2121] [HailoRT] [info] [vdevice.cpp:682] [create] VDevice Infos: 0001:01:00.0
[2026-07-19 09:30:33.828] [2121] [HailoRT] [info] [hef.cpp:1994] [get_network_group_and_network_name] No name was given. Addressing all networks of default network_group: yolov8s
[2026-07-19 09:30:33.828] [2121] [HailoRT] [info] [hef.cpp:1994] [get_network_group_and_network_name] No name was given. Addressing all networks of default network_group: yolov8s
[2026-07-19 09:30:33.880] [2121] [HailoRT] [info] [internal_buffer_manager.cpp:77] [print_execution_results] Planned internal buffer memory: CMA=0 CMA-Desc=393216 Pinned=4099072. memory to edge layer usage factor is 1
[2026-07-19 09:30:33.880] [2121] [HailoRT] [info] [internal_buffer_manager.cpp:86] [print_execution_results] Default Internal buffer planner executed successfully
[2026-07-19 09:30:33.910] [2121] [HailoRT] [info] [device_internal.cpp:57] [configure] Configuring HEF took 38.849807 milliseconds
[2026-07-19 09:30:33.910] [2121] [HailoRT] [info] [vdevice.cpp:780] [configure] Configuring HEF on VDevice took 39.33942 milliseconds
[2026-07-19 09:30:33.910] [2121] [HailoRT] [info] [infer_model.cpp:417] [configure] Configuring network group 'yolov8s' with params: batch size: 2, power mode: PERFORMANCE, latency: NONE
[2026-07-19 09:30:33.910] [2121] [HailoRT] [info] [multi_io_elements.cpp:754] [create] Created (AsyncHwEl)
[2026-07-19 09:30:33.910] [2121] [HailoRT] [info] [queue_elements.cpp:450] [create] Created (EntryPushQEl0yolov8s/input_layer1 | timeout: 10s)
[2026-07-19 09:30:33.910] [2121] [HailoRT] [info] [filter_elements.cpp:101] [create] Created (PreInferEl1yolov8s/input_layer1 | Reorder - src_order: RGB4, src_shape: (640, 640, 3), dst_order: NHCW, dst_shape: (640, 640, 3))
[2026-07-19 09:30:33.910] [2121] [HailoRT] [info] [queue_elements.cpp:450] [create] Created (PushQEl1yolov8s/input_layer1 | timeout: 10s)
[2026-07-19 09:30:33.910] [2121] [HailoRT] [info] [multi_io_elements.cpp:135] [create] Created (NmsPPMuxEl0YOLOV8-Post-Process | Op YOLOV8, Name: YOLOV8-Post-Process, Score threshold: 0.300, IoU threshold: 0.45, Classes: 80, Max bboxes per class: 100, Image height: 640, Image width: 640)
[2026-07-19 09:30:33.911] [2121] [HailoRT] [info] [queue_elements.cpp:942] [create] Created (MultiPushQEl0YOLOV8-Post-Process | timeout: 10s)
[2026-07-19 09:30:33.911] [2121] [HailoRT] [info] [edge_elements.cpp:187] [create] Created (LastAsyncEl0NmsPPMuxEl0YOLOV8-Post-Process)
[2026-07-19 09:30:33.911] [2121] [HailoRT] [info] [pipeline.cpp:891] [print_deep_description] EntryPushQEl0yolov8s/input_layer1 | inputs: user | outputs: PreInferEl1yolov8s/input_layer1(running in thread_id: 2179)
[2026-07-19 09:30:33.911] [2121] [HailoRT] [info] [pipeline.cpp:891] [print_deep_description] PreInferEl1yolov8s/input_layer1 | inputs: EntryPushQEl0yolov8s/input_layer1[0] | outputs: PushQEl1yolov8s/input_layer1
[2026-07-19 09:30:33.911] [2121] [HailoRT] [info] [pipeline.cpp:891] [print_deep_description] PushQEl1yolov8s/input_layer1 | inputs: PreInferEl1yolov8s/input_layer1[0] | outputs: AsyncHwEl(running in thread_id: 2180)
[2026-07-19 09:30:33.911] [2121] [HailoRT] [info] [pipeline.cpp:891] [print_deep_description] AsyncHwEl | inputs: PushQEl1yolov8s/input_layer1[0] | outputs: MultiPushQEl0YOLOV8-Post-Process MultiPushQEl0YOLOV8-Post-Process MultiPushQEl0YOLOV8-Post-Process MultiPushQEl0YOLOV8-Post-Process MultiPushQEl0YOLOV8-Post-Process MultiPushQEl0YOLOV8-Post-Process
[2026-07-19 09:30:33.911] [2121] [HailoRT] [info] [pipeline.cpp:891] [print_deep_description] MultiPushQEl0YOLOV8-Post-Process | inputs: AsyncHwEl[0] AsyncHwEl[1] AsyncHwEl[2] AsyncHwEl[3] AsyncHwEl[4] AsyncHwEl[5] | outputs: NmsPPMuxEl0YOLOV8-Post-Process(running in thread_id: 2181)
[2026-07-19 09:30:33.911] [2121] [HailoRT] [info] [pipeline.cpp:891] [print_deep_description] NmsPPMuxEl0YOLOV8-Post-Process | inputs: MultiPushQEl0YOLOV8-Post-Process[0] | outputs: LastAsyncEl0NmsPPMuxEl0YOLOV8-Post-Process
[2026-07-19 09:30:33.911] [2121] [HailoRT] [info] [pipeline.cpp:891] [print_deep_description] LastAsyncEl0NmsPPMuxEl0YOLOV8-Post-Process | inputs: NmsPPMuxEl0YOLOV8-Post-Process[0] | outputs: user
[2026-07-19 09:30:34.262] [2165] [HailoRT] [info] [hef.cpp:1994] [get_network_group_and_network_name] No name was given. Addressing all networks of default network_group: yolov8s
[2026-07-19 09:36:33.381] [2227] [HailoRT] [info] [device.cpp:51] [Device] OS Version: Linux 6.18.34+rpt-rpi-2712 #1 SMP PREEMPT Debian 1:6.18.34-1+rpt1 (2026-06-09) aarch64
[2026-07-19 09:36:33.381] [2227] [HailoRT] [info] [control.cpp:113] [control__parse_identify_results] firmware_version is: 4.23.0
[2026-07-19 09:36:33.381] [2227] [HailoRT] [info] [control.cpp:113] [control__parse_identify_results] firmware_version is: 4.23.0
[2026-07-19 09:36:33.516] [2231] [HailoRT] [info] [device.cpp:51] [Device] OS Version: Linux 6.18.34+rpt-rpi-2712 #1 SMP PREEMPT Debian 1:6.18.34-1+rpt1 (2026-06-09) aarch64
[2026-07-19 09:36:33.516] [2231] [HailoRT] [info] [control.cpp:113] [control__parse_identify_results] firmware_version is: 4.23.0
[2026-07-19 09:36:33.516] [2231] [HailoRT] [info] [control.cpp:113] [control__parse_identify_results] firmware_version is: 4.23.0
[2026-07-19 09:36:33.578] [2217] [HailoRT] [info] [vdevice.cpp:535] [create] Creating vdevice with params: device_count: 1, scheduling_algorithm: ROUND_ROBIN, multi_process_service: false
[2026-07-19 09:36:33.590] [2217] [HailoRT] [info] [device.cpp:51] [Device] OS Version: Linux 6.18.34+rpt-rpi-2712 #1 SMP PREEMPT Debian 1:6.18.34-1+rpt1 (2026-06-09) aarch64
[2026-07-19 09:36:33.590] [2217] [HailoRT] [info] [control.cpp:113] [control__parse_identify_results] firmware_version is: 4.23.0
[2026-07-19 09:36:33.590] [2217] [HailoRT] [info] [vdevice.cpp:682] [create] VDevice Infos: 0001:01:00.0
[2026-07-19 09:36:33.599] [2217] [HailoRT] [info] [hef.cpp:1994] [get_network_group_and_network_name] No name was given. Addressing all networks of default network_group: yolov8s
[2026-07-19 09:36:33.599] [2217] [HailoRT] [info] [hef.cpp:1994] [get_network_group_and_network_name] No name was given. Addressing all networks of default network_group: yolov8s
[2026-07-19 09:36:33.621] [2217] [HailoRT] [info] [internal_buffer_manager.cpp:77] [print_execution_results] Planned internal buffer memory: CMA=0 CMA-Desc=393216 Pinned=4099072. memory to edge layer usage factor is 1
[2026-07-19 09:36:33.621] [2217] [HailoRT] [info] [internal_buffer_manager.cpp:86] [print_execution_results] Default Internal buffer planner executed successfully
[2026-07-19 09:36:33.647] [2217] [HailoRT] [info] [device_internal.cpp:57] [configure] Configuring HEF took 34.609903 milliseconds
[2026-07-19 09:36:33.647] [2217] [HailoRT] [info] [vdevice.cpp:780] [configure] Configuring HEF on VDevice took 34.943165 milliseconds
[2026-07-19 09:36:33.647] [2217] [HailoRT] [info] [infer_model.cpp:417] [configure] Configuring network group 'yolov8s' with params: batch size: 2, power mode: PERFORMANCE, latency: NONE
[2026-07-19 09:36:33.647] [2217] [HailoRT] [info] [multi_io_elements.cpp:754] [create] Created (AsyncHwEl)
[2026-07-19 09:36:33.647] [2217] [HailoRT] [info] [queue_elements.cpp:450] [create] Created (EntryPushQEl0yolov8s/input_layer1 | timeout: 10s)
[2026-07-19 09:36:33.647] [2217] [HailoRT] [info] [filter_elements.cpp:101] [create] Created (PreInferEl1yolov8s/input_layer1 | Reorder - src_order: RGB4, src_shape: (640, 640, 3), dst_order: NHCW, dst_shape: (640, 640, 3))
[2026-07-19 09:36:33.647] [2217] [HailoRT] [info] [queue_elements.cpp:450] [create] Created (PushQEl1yolov8s/input_layer1 | timeout: 10s)
[2026-07-19 09:36:33.647] [2217] [HailoRT] [info] [multi_io_elements.cpp:135] [create] Created (NmsPPMuxEl0YOLOV8-Post-Process | Op YOLOV8, Name: YOLOV8-Post-Process, Score threshold: 0.300, IoU threshold: 0.45, Classes: 80, Max bboxes per class: 100, Image height: 640, Image width: 640)
[2026-07-19 09:36:33.648] [2217] [HailoRT] [info] [queue_elements.cpp:942] [create] Created (MultiPushQEl0YOLOV8-Post-Process | timeout: 10s)
[2026-07-19 09:36:33.648] [2217] [HailoRT] [info] [edge_elements.cpp:187] [create] Created (LastAsyncEl0NmsPPMuxEl0YOLOV8-Post-Process)
[2026-07-19 09:36:33.648] [2217] [HailoRT] [info] [pipeline.cpp:891] [print_deep_description] EntryPushQEl0yolov8s/input_layer1 | inputs: user | outputs: PreInferEl1yolov8s/input_layer1(running in thread_id: 2263)
[2026-07-19 09:36:33.648] [2217] [HailoRT] [info] [pipeline.cpp:891] [print_deep_description] PreInferEl1yolov8s/input_layer1 | inputs: EntryPushQEl0yolov8s/input_layer1[0] | outputs: PushQEl1yolov8s/input_layer1
[2026-07-19 09:36:33.648] [2217] [HailoRT] [info] [pipeline.cpp:891] [print_deep_description] PushQEl1yolov8s/input_layer1 | inputs: PreInferEl1yolov8s/input_layer1[0] | outputs: AsyncHwEl(running in thread_id: 2264)
[2026-07-19 09:36:33.648] [2217] [HailoRT] [info] [pipeline.cpp:891] [print_deep_description] AsyncHwEl | inputs: PushQEl1yolov8s/input_layer1[0] | outputs: MultiPushQEl0YOLOV8-Post-Process MultiPushQEl0YOLOV8-Post-Process MultiPushQEl0YOLOV8-Post-Process MultiPushQEl0YOLOV8-Post-Process MultiPushQEl0YOLOV8-Post-Process MultiPushQEl0YOLOV8-Post-Process
[2026-07-19 09:36:33.648] [2217] [HailoRT] [info] [pipeline.cpp:891] [print_deep_description] MultiPushQEl0YOLOV8-Post-Process | inputs: AsyncHwEl[0] AsyncHwEl[1] AsyncHwEl[2] AsyncHwEl[3] AsyncHwEl[4] AsyncHwEl[5] | outputs: NmsPPMuxEl0YOLOV8-Post-Process(running in thread_id: 2265)
[2026-07-19 09:36:33.648] [2217] [HailoRT] [info] [pipeline.cpp:891] [print_deep_description] NmsPPMuxEl0YOLOV8-Post-Process | inputs: MultiPushQEl0YOLOV8-Post-Process[0] | outputs: LastAsyncEl0NmsPPMuxEl0YOLOV8-Post-Process
[2026-07-19 09:36:33.648] [2217] [HailoRT] [info] [pipeline.cpp:891] [print_deep_description] LastAsyncEl0NmsPPMuxEl0YOLOV8-Post-Process | inputs: NmsPPMuxEl0YOLOV8-Post-Process[0] | outputs: user
[2026-07-19 09:36:34.019] [2250] [HailoRT] [info] [hef.cpp:1994] [get_network_group_and_network_name] No name was given. Addressing all networks of default network_group: yolov8s
[2026-07-19 09:36:57.929] [2217] [HailoRT] [info] [async_infer_runner.cpp:86] [shutdown] Pipeline was aborted. Shutting it down
[2026-07-19 09:36:57.929] [2217] [HailoRT] [info] [queue_elements.cpp:1131] [execute_deactivate] enqueue() in element MultiPushQEl0YOLOV8-Post-Process was aborted, got status = HAILO_SHUTDOWN_EVENT_SIGNALED(57)
[2026-07-19 09:36:57.929] [2217] [HailoRT] [info] [queue_elements.cpp:1131] [execute_deactivate] enqueue() in element MultiPushQEl0YOLOV8-Post-Process was aborted, got status = HAILO_SHUTDOWN_EVENT_SIGNALED(57)
[2026-07-19 09:36:57.929] [2217] [HailoRT] [info] [queue_elements.cpp:1131] [execute_deactivate] enqueue() in element MultiPushQEl0YOLOV8-Post-Process was aborted, got status = HAILO_SHUTDOWN_EVENT_SIGNALED(57)
[2026-07-19 09:36:57.929] [2217] [HailoRT] [info] [queue_elements.cpp:1131] [execute_deactivate] enqueue() in element MultiPushQEl0YOLOV8-Post-Process was aborted, got status = HAILO_SHUTDOWN_EVENT_SIGNALED(57)
[2026-07-19 09:36:57.929] [2217] [HailoRT] [info] [queue_elements.cpp:1131] [execute_deactivate] enqueue() in element MultiPushQEl0YOLOV8-Post-Process was aborted, got status = HAILO_SHUTDOWN_EVENT_SIGNALED(57)
[2026-07-19 09:36:57.929] [2217] [HailoRT] [info] [queue_elements.cpp:1131] [execute_deactivate] enqueue() in element MultiPushQEl0YOLOV8-Post-Process was aborted, got status = HAILO_SHUTDOWN_EVENT_SIGNALED(57)
[2026-07-19 09:36:57.929] [2217] [HailoRT] [info] [queue_elements.cpp:570] [execute_deactivate] enqueue() in element PushQEl1yolov8s/input_layer1 was aborted, got status = HAILO_SHUTDOWN_EVENT_SIGNALED(57)
[2026-07-19 09:36:57.929] [2217] [HailoRT] [info] [queue_elements.cpp:570] [execute_deactivate] enqueue() in element EntryPushQEl0yolov8s/input_layer1 was aborted, got status = HAILO_SHUTDOWN_EVENT_SIGNALED(57)
[2026-07-19 09:36:57.930] [2217] [HailoRT] [info] [queue_elements.cpp:46] [~BaseQueueElement] Queue element EntryPushQEl0yolov8s/input_layer1 has 0 frames in his Queue on destruction
[2026-07-19 09:36:57.930] [2217] [HailoRT] [info] [queue_elements.cpp:46] [~BaseQueueElement] Queue element PushQEl1yolov8s/input_layer1 has 0 frames in his Queue on destruction
[2026-07-19 09:38:55.852] [2312] [HailoRT] [info] [device.cpp:51] [Device] OS Version: Linux 6.18.34+rpt-rpi-2712 #1 SMP PREEMPT Debian 1:6.18.34-1+rpt1 (2026-06-09) aarch64
[2026-07-19 09:38:55.852] [2312] [HailoRT] [info] [control.cpp:113] [control__parse_identify_results] firmware_version is: 4.23.0
[2026-07-19 09:38:55.852] [2312] [HailoRT] [info] [control.cpp:113] [control__parse_identify_results] firmware_version is: 4.23.0
[2026-07-19 09:38:55.988] [2316] [HailoRT] [info] [device.cpp:51] [Device] OS Version: Linux 6.18.34+rpt-rpi-2712 #1 SMP PREEMPT Debian 1:6.18.34-1+rpt1 (2026-06-09) aarch64
[2026-07-19 09:38:55.988] [2316] [HailoRT] [info] [control.cpp:113] [control__parse_identify_results] firmware_version is: 4.23.0
[2026-07-19 09:38:55.988] [2316] [HailoRT] [info] [control.cpp:113] [control__parse_identify_results] firmware_version is: 4.23.0
[2026-07-19 09:38:56.047] [2304] [HailoRT] [info] [vdevice.cpp:535] [create] Creating vdevice with params: device_count: 1, scheduling_algorithm: ROUND_ROBIN, multi_process_service: false
[2026-07-19 09:38:56.059] [2304] [HailoRT] [info] [device.cpp:51] [Device] OS Version: Linux 6.18.34+rpt-rpi-2712 #1 SMP PREEMPT Debian 1:6.18.34-1+rpt1 (2026-06-09) aarch64
[2026-07-19 09:38:56.059] [2304] [HailoRT] [info] [control.cpp:113] [control__parse_identify_results] firmware_version is: 4.23.0
[2026-07-19 09:38:56.059] [2304] [HailoRT] [info] [vdevice.cpp:682] [create] VDevice Infos: 0001:01:00.0
[2026-07-19 09:38:56.068] [2304] [HailoRT] [info] [hef.cpp:1994] [get_network_group_and_network_name] No name was given. Addressing all networks of default network_group: yolov8s
[2026-07-19 09:38:56.068] [2304] [HailoRT] [info] [hef.cpp:1994] [get_network_group_and_network_name] No name was given. Addressing all networks of default network_group: yolov8s
[2026-07-19 09:38:56.118] [2304] [HailoRT] [info] [internal_buffer_manager.cpp:77] [print_execution_results] Planned internal buffer memory: CMA=0 CMA-Desc=393216 Pinned=4099072. memory to edge layer usage factor is 1
[2026-07-19 09:38:56.118] [2304] [HailoRT] [info] [internal_buffer_manager.cpp:86] [print_execution_results] Default Internal buffer planner executed successfully
[2026-07-19 09:38:56.147] [2304] [HailoRT] [info] [device_internal.cpp:57] [configure] Configuring HEF took 39.405892 milliseconds
[2026-07-19 09:38:56.147] [2304] [HailoRT] [info] [vdevice.cpp:780] [configure] Configuring HEF on VDevice took 39.716986 milliseconds
[2026-07-19 09:38:56.147] [2304] [HailoRT] [info] [infer_model.cpp:417] [configure] Configuring network group 'yolov8s' with params: batch size: 2, power mode: PERFORMANCE, latency: NONE
[2026-07-19 09:38:56.147] [2304] [HailoRT] [info] [multi_io_elements.cpp:754] [create] Created (AsyncHwEl)
[2026-07-19 09:38:56.147] [2304] [HailoRT] [info] [queue_elements.cpp:450] [create] Created (EntryPushQEl0yolov8s/input_layer1 | timeout: 10s)
[2026-07-19 09:38:56.147] [2304] [HailoRT] [info] [filter_elements.cpp:101] [create] Created (PreInferEl1yolov8s/input_layer1 | Reorder - src_order: RGB4, src_shape: (640, 640, 3), dst_order: NHCW, dst_shape: (640, 640, 3))
[2026-07-19 09:38:56.147] [2304] [HailoRT] [info] [queue_elements.cpp:450] [create] Created (PushQEl1yolov8s/input_layer1 | timeout: 10s)
[2026-07-19 09:38:56.147] [2304] [HailoRT] [info] [multi_io_elements.cpp:135] [create] Created (NmsPPMuxEl0YOLOV8-Post-Process | Op YOLOV8, Name: YOLOV8-Post-Process, Score threshold: 0.300, IoU threshold: 0.45, Classes: 80, Max bboxes per class: 100, Image height: 640, Image width: 640)
[2026-07-19 09:38:56.148] [2304] [HailoRT] [info] [queue_elements.cpp:942] [create] Created (MultiPushQEl0YOLOV8-Post-Process | timeout: 10s)
[2026-07-19 09:38:56.148] [2304] [HailoRT] [info] [edge_elements.cpp:187] [create] Created (LastAsyncEl0NmsPPMuxEl0YOLOV8-Post-Process)
[2026-07-19 09:38:56.148] [2304] [HailoRT] [info] [pipeline.cpp:891] [print_deep_description] EntryPushQEl0yolov8s/input_layer1 | inputs: user | outputs: PreInferEl1yolov8s/input_layer1(running in thread_id: 2351)
[2026-07-19 09:38:56.148] [2304] [HailoRT] [info] [pipeline.cpp:891] [print_deep_description] PreInferEl1yolov8s/input_layer1 | inputs: EntryPushQEl0yolov8s/input_layer1[0] | outputs: PushQEl1yolov8s/input_layer1
[2026-07-19 09:38:56.148] [2304] [HailoRT] [info] [pipeline.cpp:891] [print_deep_description] PushQEl1yolov8s/input_layer1 | inputs: PreInferEl1yolov8s/input_layer1[0] | outputs: AsyncHwEl(running in thread_id: 2352)
[2026-07-19 09:38:56.148] [2304] [HailoRT] [info] [pipeline.cpp:891] [print_deep_description] AsyncHwEl | inputs: PushQEl1yolov8s/input_layer1[0] | outputs: MultiPushQEl0YOLOV8-Post-Process MultiPushQEl0YOLOV8-Post-Process MultiPushQEl0YOLOV8-Post-Process MultiPushQEl0YOLOV8-Post-Process MultiPushQEl0YOLOV8-Post-Process MultiPushQEl0YOLOV8-Post-Process
[2026-07-19 09:38:56.148] [2304] [HailoRT] [info] [pipeline.cpp:891] [print_deep_description] MultiPushQEl0YOLOV8-Post-Process | inputs: AsyncHwEl[0] AsyncHwEl[1] AsyncHwEl[2] AsyncHwEl[3] AsyncHwEl[4] AsyncHwEl[5] | outputs: NmsPPMuxEl0YOLOV8-Post-Process(running in thread_id: 2353)
[2026-07-19 09:38:56.148] [2304] [HailoRT] [info] [pipeline.cpp:891] [print_deep_description] NmsPPMuxEl0YOLOV8-Post-Process | inputs: MultiPushQEl0YOLOV8-Post-Process[0] | outputs: LastAsyncEl0NmsPPMuxEl0YOLOV8-Post-Process
[2026-07-19 09:38:56.148] [2304] [HailoRT] [info] [pipeline.cpp:891] [print_deep_description] LastAsyncEl0NmsPPMuxEl0YOLOV8-Post-Process | inputs: NmsPPMuxEl0YOLOV8-Post-Process[0] | outputs: user
[2026-07-19 09:38:56.487] [2336] [HailoRT] [info] [hef.cpp:1994] [get_network_group_and_network_name] No name was given. Addressing all networks of default network_group: yolov8s
[2026-07-19 09:39:34.576] [2384] [HailoRT] [info] [device.cpp:51] [Device] OS Version: Linux 6.18.34+rpt-rpi-2712 #1 SMP PREEMPT Debian 1:6.18.34-1+rpt1 (2026-06-09) aarch64
[2026-07-19 09:39:34.577] [2384] [HailoRT] [info] [control.cpp:113] [control__parse_identify_results] firmware_version is: 4.23.0
[2026-07-19 09:39:34.577] [2384] [HailoRT] [info] [control.cpp:113] [control__parse_identify_results] firmware_version is: 4.23.0
[2026-07-19 09:39:34.732] [2388] [HailoRT] [info] [device.cpp:51] [Device] OS Version: Linux 6.18.34+rpt-rpi-2712 #1 SMP PREEMPT Debian 1:6.18.34-1+rpt1 (2026-06-09) aarch64
[2026-07-19 09:39:34.732] [2388] [HailoRT] [info] [control.cpp:113] [control__parse_identify_results] firmware_version is: 4.23.0
[2026-07-19 09:39:34.732] [2388] [HailoRT] [info] [control.cpp:113] [control__parse_identify_results] firmware_version is: 4.23.0
[2026-07-19 09:39:34.790] [2364] [HailoRT] [info] [vdevice.cpp:535] [create] Creating vdevice with params: device_count: 1, scheduling_algorithm: ROUND_ROBIN, multi_process_service: false
[2026-07-19 09:39:34.802] [2364] [HailoRT] [info] [device.cpp:51] [Device] OS Version: Linux 6.18.34+rpt-rpi-2712 #1 SMP PREEMPT Debian 1:6.18.34-1+rpt1 (2026-06-09) aarch64
[2026-07-19 09:39:34.802] [2364] [HailoRT] [info] [control.cpp:113] [control__parse_identify_results] firmware_version is: 4.23.0
[2026-07-19 09:39:34.802] [2364] [HailoRT] [info] [vdevice.cpp:682] [create] VDevice Infos: 0001:01:00.0
[2026-07-19 09:39:34.812] [2364] [HailoRT] [info] [hef.cpp:1994] [get_network_group_and_network_name] No name was given. Addressing all networks of default network_group: yolov8s
[2026-07-19 09:39:34.812] [2364] [HailoRT] [info] [hef.cpp:1994] [get_network_group_and_network_name] No name was given. Addressing all networks of default network_group: yolov8s
[2026-07-19 09:39:34.866] [2364] [HailoRT] [info] [internal_buffer_manager.cpp:77] [print_execution_results] Planned internal buffer memory: CMA=0 CMA-Desc=393216 Pinned=4099072. memory to edge layer usage factor is 1
[2026-07-19 09:39:34.866] [2364] [HailoRT] [info] [internal_buffer_manager.cpp:86] [print_execution_results] Default Internal buffer planner executed successfully
[2026-07-19 09:39:34.893] [2364] [HailoRT] [info] [device_internal.cpp:57] [configure] Configuring HEF took 35.982262 milliseconds
[2026-07-19 09:39:34.894] [2364] [HailoRT] [info] [vdevice.cpp:780] [configure] Configuring HEF on VDevice took 36.320282 milliseconds
[2026-07-19 09:39:34.894] [2364] [HailoRT] [info] [infer_model.cpp:417] [configure] Configuring network group 'yolov8s' with params: batch size: 2, power mode: PERFORMANCE, latency: NONE
[2026-07-19 09:39:34.894] [2364] [HailoRT] [info] [multi_io_elements.cpp:754] [create] Created (AsyncHwEl)
[2026-07-19 09:39:34.894] [2364] [HailoRT] [info] [queue_elements.cpp:450] [create] Created (EntryPushQEl0yolov8s/input_layer1 | timeout: 10s)
[2026-07-19 09:39:34.894] [2364] [HailoRT] [info] [filter_elements.cpp:101] [create] Created (PreInferEl1yolov8s/input_layer1 | Reorder - src_order: RGB4, src_shape: (640, 640, 3), dst_order: NHCW, dst_shape: (640, 640, 3))
[2026-07-19 09:39:34.894] [2364] [HailoRT] [info] [queue_elements.cpp:450] [create] Created (PushQEl1yolov8s/input_layer1 | timeout: 10s)
[2026-07-19 09:39:34.894] [2364] [HailoRT] [info] [multi_io_elements.cpp:135] [create] Created (NmsPPMuxEl0YOLOV8-Post-Process | Op YOLOV8, Name: YOLOV8-Post-Process, Score threshold: 0.300, IoU threshold: 0.45, Classes: 80, Max bboxes per class: 100, Image height: 640, Image width: 640)
[2026-07-19 09:39:34.894] [2364] [HailoRT] [info] [queue_elements.cpp:942] [create] Created (MultiPushQEl0YOLOV8-Post-Process | timeout: 10s)
[2026-07-19 09:39:34.894] [2364] [HailoRT] [info] [edge_elements.cpp:187] [create] Created (LastAsyncEl0NmsPPMuxEl0YOLOV8-Post-Process)
[2026-07-19 09:39:34.894] [2364] [HailoRT] [info] [pipeline.cpp:891] [print_deep_description] EntryPushQEl0yolov8s/input_layer1 | inputs: user | outputs: PreInferEl1yolov8s/input_layer1(running in thread_id: 2422)
[2026-07-19 09:39:34.894] [2364] [HailoRT] [info] [pipeline.cpp:891] [print_deep_description] PreInferEl1yolov8s/input_layer1 | inputs: EntryPushQEl0yolov8s/input_layer1[0] | outputs: PushQEl1yolov8s/input_layer1
[2026-07-19 09:39:34.894] [2364] [HailoRT] [info] [pipeline.cpp:891] [print_deep_description] PushQEl1yolov8s/input_layer1 | inputs: PreInferEl1yolov8s/input_layer1[0] | outputs: AsyncHwEl(running in thread_id: 2423)
[2026-07-19 09:39:34.894] [2364] [HailoRT] [info] [pipeline.cpp:891] [print_deep_description] AsyncHwEl | inputs: PushQEl1yolov8s/input_layer1[0] | outputs: MultiPushQEl0YOLOV8-Post-Process MultiPushQEl0YOLOV8-Post-Process MultiPushQEl0YOLOV8-Post-Process MultiPushQEl0YOLOV8-Post-Process MultiPushQEl0YOLOV8-Post-Process MultiPushQEl0YOLOV8-Post-Process
[2026-07-19 09:39:34.894] [2364] [HailoRT] [info] [pipeline.cpp:891] [print_deep_description] MultiPushQEl0YOLOV8-Post-Process | inputs: AsyncHwEl[0] AsyncHwEl[1] AsyncHwEl[2] AsyncHwEl[3] AsyncHwEl[4] AsyncHwEl[5] | outputs: NmsPPMuxEl0YOLOV8-Post-Process(running in thread_id: 2424)
[2026-07-19 09:39:34.895] [2364] [HailoRT] [info] [pipeline.cpp:891] [print_deep_description] NmsPPMuxEl0YOLOV8-Post-Process | inputs: MultiPushQEl0YOLOV8-Post-Process[0] | outputs: LastAsyncEl0NmsPPMuxEl0YOLOV8-Post-Process
[2026-07-19 09:39:34.895] [2364] [HailoRT] [info] [pipeline.cpp:891] [print_deep_description] LastAsyncEl0NmsPPMuxEl0YOLOV8-Post-Process | inputs: NmsPPMuxEl0YOLOV8-Post-Process[0] | outputs: user
[2026-07-19 09:39:35.245] [2408] [HailoRT] [info] [hef.cpp:1994] [get_network_group_and_network_name] No name was given. Addressing all networks of default network_group: yolov8s
[2026-07-19 09:42:46.887] [2545] [HailoRT] [info] [device.cpp:51] [Device] OS Version: Linux 6.18.34+rpt-rpi-2712 #1 SMP PREEMPT Debian 1:6.18.34-1+rpt1 (2026-06-09) aarch64
[2026-07-19 09:42:46.887] [2545] [HailoRT] [info] [control.cpp:113] [control__parse_identify_results] firmware_version is: 4.23.0
[2026-07-19 09:42:46.887] [2545] [HailoRT] [info] [control.cpp:113] [control__parse_identify_results] firmware_version is: 4.23.0
[2026-07-19 09:42:47.048] [2549] [HailoRT] [info] [device.cpp:51] [Device] OS Version: Linux 6.18.34+rpt-rpi-2712 #1 SMP PREEMPT Debian 1:6.18.34-1+rpt1 (2026-06-09) aarch64
[2026-07-19 09:42:47.048] [2549] [HailoRT] [info] [control.cpp:113] [control__parse_identify_results] firmware_version is: 4.23.0
[2026-07-19 09:42:47.049] [2549] [HailoRT] [info] [control.cpp:113] [control__parse_identify_results] firmware_version is: 4.23.0
[2026-07-19 09:42:47.117] [2525] [HailoRT] [info] [vdevice.cpp:535] [create] Creating vdevice with params: device_count: 1, scheduling_algorithm: ROUND_ROBIN, multi_process_service: false
[2026-07-19 09:42:47.128] [2525] [HailoRT] [info] [device.cpp:51] [Device] OS Version: Linux 6.18.34+rpt-rpi-2712 #1 SMP PREEMPT Debian 1:6.18.34-1+rpt1 (2026-06-09) aarch64
[2026-07-19 09:42:47.128] [2525] [HailoRT] [info] [control.cpp:113] [control__parse_identify_results] firmware_version is: 4.23.0
[2026-07-19 09:42:47.128] [2525] [HailoRT] [info] [vdevice.cpp:682] [create] VDevice Infos: 0001:01:00.0
[2026-07-19 09:42:47.137] [2525] [HailoRT] [info] [hef.cpp:1994] [get_network_group_and_network_name] No name was given. Addressing all networks of default network_group: yolov8s
[2026-07-19 09:42:47.137] [2525] [HailoRT] [info] [hef.cpp:1994] [get_network_group_and_network_name] No name was given. Addressing all networks of default network_group: yolov8s
[2026-07-19 09:42:47.190] [2525] [HailoRT] [info] [internal_buffer_manager.cpp:77] [print_execution_results] Planned internal buffer memory: CMA=0 CMA-Desc=393216 Pinned=4099072. memory to edge layer usage factor is 1
[2026-07-19 09:42:47.190] [2525] [HailoRT] [info] [internal_buffer_manager.cpp:86] [print_execution_results] Default Internal buffer planner executed successfully
[2026-07-19 09:42:47.221] [2525] [HailoRT] [info] [device_internal.cpp:57] [configure] Configuring HEF took 40.544228 milliseconds
[2026-07-19 09:42:47.222] [2525] [HailoRT] [info] [vdevice.cpp:780] [configure] Configuring HEF on VDevice took 40.883202 milliseconds
[2026-07-19 09:42:47.222] [2525] [HailoRT] [info] [infer_model.cpp:417] [configure] Configuring network group 'yolov8s' with params: batch size: 2, power mode: PERFORMANCE, latency: NONE
[2026-07-19 09:42:47.222] [2525] [HailoRT] [info] [multi_io_elements.cpp:754] [create] Created (AsyncHwEl)
[2026-07-19 09:42:47.222] [2525] [HailoRT] [info] [queue_elements.cpp:450] [create] Created (EntryPushQEl0yolov8s/input_layer1 | timeout: 10s)
[2026-07-19 09:42:47.222] [2525] [HailoRT] [info] [filter_elements.cpp:101] [create] Created (PreInferEl1yolov8s/input_layer1 | Reorder - src_order: RGB4, src_shape: (640, 640, 3), dst_order: NHCW, dst_shape: (640, 640, 3))
[2026-07-19 09:42:47.222] [2525] [HailoRT] [info] [queue_elements.cpp:450] [create] Created (PushQEl1yolov8s/input_layer1 | timeout: 10s)
[2026-07-19 09:42:47.222] [2525] [HailoRT] [info] [multi_io_elements.cpp:135] [create] Created (NmsPPMuxEl0YOLOV8-Post-Process | Op YOLOV8, Name: YOLOV8-Post-Process, Score threshold: 0.300, IoU threshold: 0.45, Classes: 80, Max bboxes per class: 100, Image height: 640, Image width: 640)
[2026-07-19 09:42:47.222] [2525] [HailoRT] [info] [queue_elements.cpp:942] [create] Created (MultiPushQEl0YOLOV8-Post-Process | timeout: 10s)
[2026-07-19 09:42:47.222] [2525] [HailoRT] [info] [edge_elements.cpp:187] [create] Created (LastAsyncEl0NmsPPMuxEl0YOLOV8-Post-Process)
[2026-07-19 09:42:47.222] [2525] [HailoRT] [info] [pipeline.cpp:891] [print_deep_description] EntryPushQEl0yolov8s/input_layer1 | inputs: user | outputs: PreInferEl1yolov8s/input_layer1(running in thread_id: 2583)
[2026-07-19 09:42:47.222] [2525] [HailoRT] [info] [pipeline.cpp:891] [print_deep_description] PreInferEl1yolov8s/input_layer1 | inputs: EntryPushQEl0yolov8s/input_layer1[0] | outputs: PushQEl1yolov8s/input_layer1
[2026-07-19 09:42:47.222] [2525] [HailoRT] [info] [pipeline.cpp:891] [print_deep_description] PushQEl1yolov8s/input_layer1 | inputs: PreInferEl1yolov8s/input_layer1[0] | outputs: AsyncHwEl(running in thread_id: 2584)
[2026-07-19 09:42:47.222] [2525] [HailoRT] [info] [pipeline.cpp:891] [print_deep_description] AsyncHwEl | inputs: PushQEl1yolov8s/input_layer1[0] | outputs: MultiPushQEl0YOLOV8-Post-Process MultiPushQEl0YOLOV8-Post-Process MultiPushQEl0YOLOV8-Post-Process MultiPushQEl0YOLOV8-Post-Process MultiPushQEl0YOLOV8-Post-Process MultiPushQEl0YOLOV8-Post-Process
[2026-07-19 09:42:47.222] [2525] [HailoRT] [info] [pipeline.cpp:891] [print_deep_description] MultiPushQEl0YOLOV8-Post-Process | inputs: AsyncHwEl[0] AsyncHwEl[1] AsyncHwEl[2] AsyncHwEl[3] AsyncHwEl[4] AsyncHwEl[5] | outputs: NmsPPMuxEl0YOLOV8-Post-Process(running in thread_id: 2585)
[2026-07-19 09:42:47.222] [2525] [HailoRT] [info] [pipeline.cpp:891] [print_deep_description] NmsPPMuxEl0YOLOV8-Post-Process | inputs: MultiPushQEl0YOLOV8-Post-Process[0] | outputs: LastAsyncEl0NmsPPMuxEl0YOLOV8-Post-Process
[2026-07-19 09:42:47.222] [2525] [HailoRT] [info] [pipeline.cpp:891] [print_deep_description] LastAsyncEl0NmsPPMuxEl0YOLOV8-Post-Process | inputs: NmsPPMuxEl0YOLOV8-Post-Process[0] | outputs: user
[2026-07-19 09:42:47.564] [2569] [HailoRT] [info] [hef.cpp:1994] [get_network_group_and_network_name] No name was given. Addressing all networks of default network_group: yolov8s
[2026-07-19 09:47:37.347] [2621] [HailoRT] [info] [device.cpp:51] [Device] OS Version: Linux 6.18.34+rpt-rpi-2712 #1 SMP PREEMPT Debian 1:6.18.34-1+rpt1 (2026-06-09) aarch64
[2026-07-19 09:47:37.347] [2621] [HailoRT] [info] [control.cpp:113] [control__parse_identify_results] firmware_version is: 4.23.0
[2026-07-19 09:47:37.347] [2621] [HailoRT] [info] [control.cpp:113] [control__parse_identify_results] firmware_version is: 4.23.0
[2026-07-19 09:47:37.503] [2625] [HailoRT] [info] [device.cpp:51] [Device] OS Version: Linux 6.18.34+rpt-rpi-2712 #1 SMP PREEMPT Debian 1:6.18.34-1+rpt1 (2026-06-09) aarch64
[2026-07-19 09:47:37.503] [2625] [HailoRT] [info] [control.cpp:113] [control__parse_identify_results] firmware_version is: 4.23.0
[2026-07-19 09:47:37.504] [2625] [HailoRT] [info] [control.cpp:113] [control__parse_identify_results] firmware_version is: 4.23.0
[2026-07-19 09:47:37.564] [2600] [HailoRT] [info] [vdevice.cpp:535] [create] Creating vdevice with params: device_count: 1, scheduling_algorithm: ROUND_ROBIN, multi_process_service: false
[2026-07-19 09:47:37.576] [2600] [HailoRT] [info] [device.cpp:51] [Device] OS Version: Linux 6.18.34+rpt-rpi-2712 #1 SMP PREEMPT Debian 1:6.18.34-1+rpt1 (2026-06-09) aarch64
[2026-07-19 09:47:37.576] [2600] [HailoRT] [info] [control.cpp:113] [control__parse_identify_results] firmware_version is: 4.23.0
[2026-07-19 09:47:37.576] [2600] [HailoRT] [info] [vdevice.cpp:682] [create] VDevice Infos: 0001:01:00.0
[2026-07-19 09:47:37.585] [2600] [HailoRT] [info] [hef.cpp:1994] [get_network_group_and_network_name] No name was given. Addressing all networks of default network_group: yolov8s
[2026-07-19 09:47:37.585] [2600] [HailoRT] [info] [hef.cpp:1994] [get_network_group_and_network_name] No name was given. Addressing all networks of default network_group: yolov8s
[2026-07-19 09:47:37.641] [2600] [HailoRT] [info] [internal_buffer_manager.cpp:77] [print_execution_results] Planned internal buffer memory: CMA=0 CMA-Desc=393216 Pinned=4099072. memory to edge layer usage factor is 1
[2026-07-19 09:47:37.641] [2600] [HailoRT] [info] [internal_buffer_manager.cpp:86] [print_execution_results] Default Internal buffer planner executed successfully
[2026-07-19 09:47:37.669] [2600] [HailoRT] [info] [device_internal.cpp:57] [configure] Configuring HEF took 39.140558 milliseconds
[2026-07-19 09:47:37.669] [2600] [HailoRT] [info] [vdevice.cpp:780] [configure] Configuring HEF on VDevice took 39.444997 milliseconds
[2026-07-19 09:47:37.669] [2600] [HailoRT] [info] [infer_model.cpp:417] [configure] Configuring network group 'yolov8s' with params: batch size: 2, power mode: PERFORMANCE, latency: NONE
[2026-07-19 09:47:37.669] [2600] [HailoRT] [info] [multi_io_elements.cpp:754] [create] Created (AsyncHwEl)
[2026-07-19 09:47:37.670] [2600] [HailoRT] [info] [queue_elements.cpp:450] [create] Created (EntryPushQEl0yolov8s/input_layer1 | timeout: 10s)
[2026-07-19 09:47:37.670] [2600] [HailoRT] [info] [filter_elements.cpp:101] [create] Created (PreInferEl1yolov8s/input_layer1 | Reorder - src_order: RGB4, src_shape: (640, 640, 3), dst_order: NHCW, dst_shape: (640, 640, 3))
[2026-07-19 09:47:37.670] [2600] [HailoRT] [info] [queue_elements.cpp:450] [create] Created (PushQEl1yolov8s/input_layer1 | timeout: 10s)
[2026-07-19 09:47:37.670] [2600] [HailoRT] [info] [multi_io_elements.cpp:135] [create] Created (NmsPPMuxEl0YOLOV8-Post-Process | Op YOLOV8, Name: YOLOV8-Post-Process, Score threshold: 0.300, IoU threshold: 0.45, Classes: 80, Max bboxes per class: 100, Image height: 640, Image width: 640)
[2026-07-19 09:47:37.670] [2600] [HailoRT] [info] [queue_elements.cpp:942] [create] Created (MultiPushQEl0YOLOV8-Post-Process | timeout: 10s)
[2026-07-19 09:47:37.670] [2600] [HailoRT] [info] [edge_elements.cpp:187] [create] Created (LastAsyncEl0NmsPPMuxEl0YOLOV8-Post-Process)
[2026-07-19 09:47:37.670] [2600] [HailoRT] [info] [pipeline.cpp:891] [print_deep_description] EntryPushQEl0yolov8s/input_layer1 | inputs: user | outputs: PreInferEl1yolov8s/input_layer1(running in thread_id: 2659)
[2026-07-19 09:47:37.670] [2600] [HailoRT] [info] [pipeline.cpp:891] [print_deep_description] PreInferEl1yolov8s/input_layer1 | inputs: EntryPushQEl0yolov8s/input_layer1[0] | outputs: PushQEl1yolov8s/input_layer1
[2026-07-19 09:47:37.670] [2600] [HailoRT] [info] [pipeline.cpp:891] [print_deep_description] PushQEl1yolov8s/input_layer1 | inputs: PreInferEl1yolov8s/input_layer1[0] | outputs: AsyncHwEl(running in thread_id: 2660)
[2026-07-19 09:47:37.670] [2600] [HailoRT] [info] [pipeline.cpp:891] [print_deep_description] AsyncHwEl | inputs: PushQEl1yolov8s/input_layer1[0] | outputs: MultiPushQEl0YOLOV8-Post-Process MultiPushQEl0YOLOV8-Post-Process MultiPushQEl0YOLOV8-Post-Process MultiPushQEl0YOLOV8-Post-Process MultiPushQEl0YOLOV8-Post-Process MultiPushQEl0YOLOV8-Post-Process
[2026-07-19 09:47:37.670] [2600] [HailoRT] [info] [pipeline.cpp:891] [print_deep_description] MultiPushQEl0YOLOV8-Post-Process | inputs: AsyncHwEl[0] AsyncHwEl[1] AsyncHwEl[2] AsyncHwEl[3] AsyncHwEl[4] AsyncHwEl[5] | outputs: NmsPPMuxEl0YOLOV8-Post-Process(running in thread_id: 2661)
[2026-07-19 09:47:37.670] [2600] [HailoRT] [info] [pipeline.cpp:891] [print_deep_description] NmsPPMuxEl0YOLOV8-Post-Process | inputs: MultiPushQEl0YOLOV8-Post-Process[0] | outputs: LastAsyncEl0NmsPPMuxEl0YOLOV8-Post-Process
[2026-07-19 09:47:37.670] [2600] [HailoRT] [info] [pipeline.cpp:891] [print_deep_description] LastAsyncEl0NmsPPMuxEl0YOLOV8-Post-Process | inputs: NmsPPMuxEl0YOLOV8-Post-Process[0] | outputs: user
[2026-07-19 09:47:38.011] [2645] [HailoRT] [info] [hef.cpp:1994] [get_network_group_and_network_name] No name was given. Addressing all networks of default network_group: yolov8s
[2026-07-19 09:47:55.732] [2600] [HailoRT] [info] [async_infer_runner.cpp:86] [shutdown] Pipeline was aborted. Shutting it down
[2026-07-19 09:47:55.733] [2600] [HailoRT] [info] [queue_elements.cpp:1131] [execute_deactivate] enqueue() in element MultiPushQEl0YOLOV8-Post-Process was aborted, got status = HAILO_SHUTDOWN_EVENT_SIGNALED(57)
[2026-07-19 09:47:55.733] [2600] [HailoRT] [info] [queue_elements.cpp:1131] [execute_deactivate] enqueue() in element MultiPushQEl0YOLOV8-Post-Process was aborted, got status = HAILO_SHUTDOWN_EVENT_SIGNALED(57)
[2026-07-19 09:47:55.733] [2600] [HailoRT] [info] [queue_elements.cpp:1131] [execute_deactivate] enqueue() in element MultiPushQEl0YOLOV8-Post-Process was aborted, got status = HAILO_SHUTDOWN_EVENT_SIGNALED(57)
[2026-07-19 09:47:55.733] [2600] [HailoRT] [info] [queue_elements.cpp:1131] [execute_deactivate] enqueue() in element MultiPushQEl0YOLOV8-Post-Process was aborted, got status = HAILO_SHUTDOWN_EVENT_SIGNALED(57)
[2026-07-19 09:47:55.733] [2600] [HailoRT] [info] [queue_elements.cpp:1131] [execute_deactivate] enqueue() in element MultiPushQEl0YOLOV8-Post-Process was aborted, got status = HAILO_SHUTDOWN_EVENT_SIGNALED(57)
[2026-07-19 09:47:55.733] [2600] [HailoRT] [info] [queue_elements.cpp:1131] [execute_deactivate] enqueue() in element MultiPushQEl0YOLOV8-Post-Process was aborted, got status = HAILO_SHUTDOWN_EVENT_SIGNALED(57)
[2026-07-19 09:47:55.733] [2600] [HailoRT] [info] [queue_elements.cpp:570] [execute_deactivate] enqueue() in element PushQEl1yolov8s/input_layer1 was aborted, got status = HAILO_SHUTDOWN_EVENT_SIGNALED(57)
[2026-07-19 09:47:55.733] [2600] [HailoRT] [info] [queue_elements.cpp:570] [execute_deactivate] enqueue() in element EntryPushQEl0yolov8s/input_layer1 was aborted, got status = HAILO_SHUTDOWN_EVENT_SIGNALED(57)
[2026-07-19 09:47:55.733] [2600] [HailoRT] [info] [queue_elements.cpp:46] [~BaseQueueElement] Queue element EntryPushQEl0yolov8s/input_layer1 has 0 frames in his Queue on destruction
[2026-07-19 09:47:55.733] [2600] [HailoRT] [info] [queue_elements.cpp:46] [~BaseQueueElement] Queue element PushQEl1yolov8s/input_layer1 has 0 frames in his Queue on destruction
[2026-07-19 09:49:33.708] [2685] [HailoRT] [info] [device.cpp:51] [Device] OS Version: Linux 6.18.34+rpt-rpi-2712 #1 SMP PREEMPT Debian 1:6.18.34-1+rpt1 (2026-06-09) aarch64
[2026-07-19 09:49:33.708] [2685] [HailoRT] [info] [control.cpp:113] [control__parse_identify_results] firmware_version is: 4.23.0
[2026-07-19 09:49:33.708] [2685] [HailoRT] [info] [control.cpp:113] [control__parse_identify_results] firmware_version is: 4.23.0
[2026-07-19 09:51:19.564] [2720] [HailoRT] [info] [device.cpp:51] [Device] OS Version: Linux 6.18.34+rpt-rpi-2712 #1 SMP PREEMPT Debian 1:6.18.34-1+rpt1 (2026-06-09) aarch64
[2026-07-19 09:51:19.564] [2720] [HailoRT] [info] [control.cpp:113] [control__parse_identify_results] firmware_version is: 4.23.0
[2026-07-19 09:51:19.564] [2720] [HailoRT] [info] [control.cpp:113] [control__parse_identify_results] firmware_version is: 4.23.0
[2026-07-19 09:51:19.630] [2700] [HailoRT] [info] [vdevice.cpp:535] [create] Creating vdevice with params: device_count: 1, scheduling_algorithm: ROUND_ROBIN, multi_process_service: false
[2026-07-19 09:51:19.642] [2700] [HailoRT] [info] [device.cpp:51] [Device] OS Version: Linux 6.18.34+rpt-rpi-2712 #1 SMP PREEMPT Debian 1:6.18.34-1+rpt1 (2026-06-09) aarch64
[2026-07-19 09:51:19.642] [2700] [HailoRT] [info] [control.cpp:113] [control__parse_identify_results] firmware_version is: 4.23.0
[2026-07-19 09:51:19.642] [2700] [HailoRT] [info] [vdevice.cpp:682] [create] VDevice Infos: 0001:01:00.0
[2026-07-19 09:51:19.654] [2700] [HailoRT] [info] [hef.cpp:1994] [get_network_group_and_network_name] No name was given. Addressing all networks of default network_group: yolov8m
[2026-07-19 09:51:19.654] [2700] [HailoRT] [info] [hef.cpp:1994] [get_network_group_and_network_name] No name was given. Addressing all networks of default network_group: yolov8m
[2026-07-19 09:51:19.710] [2700] [HailoRT] [error] [device_internal.cpp:602] [check_hef_is_compatible] HEF format is not compatible with device. Device arch: HAILO8L, HEF arch: HAILO8
[2026-07-19 09:51:19.710] [2700] [HailoRT] [error] [vdevice.cpp:892] [create_local_config_params] CHECK_SUCCESS failed with status=HAILO_HEF_NOT_COMPATIBLE_WITH_DEVICE(93)
[2026-07-19 09:51:19.710] [2700] [HailoRT] [error] [vdevice.cpp:724] [configure] CHECK_SUCCESS failed with status=HAILO_HEF_NOT_COMPATIBLE_WITH_DEVICE(93)
[2026-07-19 09:51:19.710] [2700] [HailoRT] [error] [infer_model.cpp:321] [configure] CHECK_SUCCESS failed with status=HAILO_HEF_NOT_COMPATIBLE_WITH_DEVICE(93)
[2026-07-19 09:51:35.299] [2764] [HailoRT] [info] [device.cpp:51] [Device] OS Version: Linux 6.18.34+rpt-rpi-2712 #1 SMP PREEMPT Debian 1:6.18.34-1+rpt1 (2026-06-09) aarch64
[2026-07-19 09:51:35.299] [2764] [HailoRT] [info] [control.cpp:113] [control__parse_identify_results] firmware_version is: 4.23.0
[2026-07-19 09:51:35.300] [2764] [HailoRT] [info] [control.cpp:113] [control__parse_identify_results] firmware_version is: 4.23.0
[2026-07-19 09:51:35.359] [2755] [HailoRT] [info] [vdevice.cpp:535] [create] Creating vdevice with params: device_count: 1, scheduling_algorithm: ROUND_ROBIN, multi_process_service: false
[2026-07-19 09:51:35.371] [2755] [HailoRT] [info] [device.cpp:51] [Device] OS Version: Linux 6.18.34+rpt-rpi-2712 #1 SMP PREEMPT Debian 1:6.18.34-1+rpt1 (2026-06-09) aarch64
[2026-07-19 09:51:35.371] [2755] [HailoRT] [info] [control.cpp:113] [control__parse_identify_results] firmware_version is: 4.23.0
[2026-07-19 09:51:35.371] [2755] [HailoRT] [info] [vdevice.cpp:682] [create] VDevice Infos: 0001:01:00.0
[2026-07-19 09:51:35.381] [2755] [HailoRT] [info] [hef.cpp:1994] [get_network_group_and_network_name] No name was given. Addressing all networks of default network_group: yolov8m
[2026-07-19 09:51:35.381] [2755] [HailoRT] [info] [hef.cpp:1994] [get_network_group_and_network_name] No name was given. Addressing all networks of default network_group: yolov8m
[2026-07-19 09:51:35.424] [2755] [HailoRT] [error] [device_internal.cpp:602] [check_hef_is_compatible] HEF format is not compatible with device. Device arch: HAILO8L, HEF arch: HAILO8
[2026-07-19 09:51:35.424] [2755] [HailoRT] [error] [vdevice.cpp:892] [create_local_config_params] CHECK_SUCCESS failed with status=HAILO_HEF_NOT_COMPATIBLE_WITH_DEVICE(93)
[2026-07-19 09:51:35.424] [2755] [HailoRT] [error] [vdevice.cpp:724] [configure] CHECK_SUCCESS failed with status=HAILO_HEF_NOT_COMPATIBLE_WITH_DEVICE(93)
[2026-07-19 09:51:35.424] [2755] [HailoRT] [error] [infer_model.cpp:321] [configure] CHECK_SUCCESS failed with status=HAILO_HEF_NOT_COMPATIBLE_WITH_DEVICE(93)
[2026-07-19 09:52:27.007] [2813] [HailoRT] [info] [device.cpp:51] [Device] OS Version: Linux 6.18.34+rpt-rpi-2712 #1 SMP PREEMPT Debian 1:6.18.34-1+rpt1 (2026-06-09) aarch64
[2026-07-19 09:52:27.007] [2813] [HailoRT] [info] [control.cpp:113] [control__parse_identify_results] firmware_version is: 4.23.0
[2026-07-19 09:52:27.007] [2813] [HailoRT] [info] [control.cpp:113] [control__parse_identify_results] firmware_version is: 4.23.0
[2026-07-19 09:52:27.055] [2804] [HailoRT] [info] [vdevice.cpp:535] [create] Creating vdevice with params: device_count: 1, scheduling_algorithm: ROUND_ROBIN, multi_process_service: false
[2026-07-19 09:52:27.067] [2804] [HailoRT] [info] [device.cpp:51] [Device] OS Version: Linux 6.18.34+rpt-rpi-2712 #1 SMP PREEMPT Debian 1:6.18.34-1+rpt1 (2026-06-09) aarch64
[2026-07-19 09:52:27.067] [2804] [HailoRT] [info] [control.cpp:113] [control__parse_identify_results] firmware_version is: 4.23.0
[2026-07-19 09:52:27.067] [2804] [HailoRT] [info] [vdevice.cpp:682] [create] VDevice Infos: 0001:01:00.0
[2026-07-19 09:52:27.077] [2804] [HailoRT] [info] [hef.cpp:1994] [get_network_group_and_network_name] No name was given. Addressing all networks of default network_group: yolov8m
[2026-07-19 09:52:27.077] [2804] [HailoRT] [info] [hef.cpp:1994] [get_network_group_and_network_name] No name was given. Addressing all networks of default network_group: yolov8m
[2026-07-19 09:52:27.116] [2804] [HailoRT] [error] [device_internal.cpp:602] [check_hef_is_compatible] HEF format is not compatible with device. Device arch: HAILO8L, HEF arch: HAILO8
[2026-07-19 09:52:27.116] [2804] [HailoRT] [error] [vdevice.cpp:892] [create_local_config_params] CHECK_SUCCESS failed with status=HAILO_HEF_NOT_COMPATIBLE_WITH_DEVICE(93)
[2026-07-19 09:52:27.116] [2804] [HailoRT] [error] [vdevice.cpp:724] [configure] CHECK_SUCCESS failed with status=HAILO_HEF_NOT_COMPATIBLE_WITH_DEVICE(93)
[2026-07-19 09:52:27.116] [2804] [HailoRT] [error] [infer_model.cpp:321] [configure] CHECK_SUCCESS failed with status=HAILO_HEF_NOT_COMPATIBLE_WITH_DEVICE(93)
[2026-07-19 09:54:00.363] [2873] [HailoRT] [info] [device.cpp:51] [Device] OS Version: Linux 6.18.34+rpt-rpi-2712 #1 SMP PREEMPT Debian 1:6.18.34-1+rpt1 (2026-06-09) aarch64
[2026-07-19 09:54:00.364] [2873] [HailoRT] [info] [control.cpp:113] [control__parse_identify_results] firmware_version is: 4.23.0
[2026-07-19 09:54:00.364] [2873] [HailoRT] [info] [control.cpp:113] [control__parse_identify_results] firmware_version is: 4.23.0
[2026-07-19 09:54:00.526] [2877] [HailoRT] [info] [device.cpp:51] [Device] OS Version: Linux 6.18.34+rpt-rpi-2712 #1 SMP PREEMPT Debian 1:6.18.34-1+rpt1 (2026-06-09) aarch64
[2026-07-19 09:54:00.527] [2877] [HailoRT] [info] [control.cpp:113] [control__parse_identify_results] firmware_version is: 4.23.0
[2026-07-19 09:54:00.527] [2877] [HailoRT] [info] [control.cpp:113] [control__parse_identify_results] firmware_version is: 4.23.0
[2026-07-19 09:54:00.584] [2855] [HailoRT] [info] [vdevice.cpp:535] [create] Creating vdevice with params: device_count: 1, scheduling_algorithm: ROUND_ROBIN, multi_process_service: false
[2026-07-19 09:54:00.596] [2855] [HailoRT] [info] [device.cpp:51] [Device] OS Version: Linux 6.18.34+rpt-rpi-2712 #1 SMP PREEMPT Debian 1:6.18.34-1+rpt1 (2026-06-09) aarch64
[2026-07-19 09:54:00.596] [2855] [HailoRT] [info] [control.cpp:113] [control__parse_identify_results] firmware_version is: 4.23.0
[2026-07-19 09:54:00.596] [2855] [HailoRT] [info] [vdevice.cpp:682] [create] VDevice Infos: 0001:01:00.0
[2026-07-19 09:54:00.605] [2855] [HailoRT] [info] [hef.cpp:1994] [get_network_group_and_network_name] No name was given. Addressing all networks of default network_group: yolov8s
[2026-07-19 09:54:00.605] [2855] [HailoRT] [info] [hef.cpp:1994] [get_network_group_and_network_name] No name was given. Addressing all networks of default network_group: yolov8s
[2026-07-19 09:54:00.657] [2855] [HailoRT] [info] [internal_buffer_manager.cpp:77] [print_execution_results] Planned internal buffer memory: CMA=0 CMA-Desc=393216 Pinned=4099072. memory to edge layer usage factor is 1
[2026-07-19 09:54:00.657] [2855] [HailoRT] [info] [internal_buffer_manager.cpp:86] [print_execution_results] Default Internal buffer planner executed successfully
[2026-07-19 09:54:00.688] [2855] [HailoRT] [info] [device_internal.cpp:57] [configure] Configuring HEF took 39.787208 milliseconds
[2026-07-19 09:54:00.688] [2855] [HailoRT] [info] [vdevice.cpp:780] [configure] Configuring HEF on VDevice took 40.087347 milliseconds
[2026-07-19 09:54:00.688] [2855] [HailoRT] [info] [infer_model.cpp:417] [configure] Configuring network group 'yolov8s' with params: batch size: 2, power mode: PERFORMANCE, latency: NONE
[2026-07-19 09:54:00.688] [2855] [HailoRT] [info] [multi_io_elements.cpp:754] [create] Created (AsyncHwEl)
[2026-07-19 09:54:00.688] [2855] [HailoRT] [info] [queue_elements.cpp:450] [create] Created (EntryPushQEl0yolov8s/input_layer1 | timeout: 10s)
[2026-07-19 09:54:00.688] [2855] [HailoRT] [info] [filter_elements.cpp:101] [create] Created (PreInferEl1yolov8s/input_layer1 | Reorder - src_order: RGB4, src_shape: (640, 640, 3), dst_order: NHCW, dst_shape: (640, 640, 3))
[2026-07-19 09:54:00.688] [2855] [HailoRT] [info] [queue_elements.cpp:450] [create] Created (PushQEl1yolov8s/input_layer1 | timeout: 10s)
[2026-07-19 09:54:00.688] [2855] [HailoRT] [info] [multi_io_elements.cpp:135] [create] Created (NmsPPMuxEl0YOLOV8-Post-Process | Op YOLOV8, Name: YOLOV8-Post-Process, Score threshold: 0.300, IoU threshold: 0.45, Classes: 80, Max bboxes per class: 100, Image height: 640, Image width: 640)
[2026-07-19 09:54:00.689] [2855] [HailoRT] [info] [queue_elements.cpp:942] [create] Created (MultiPushQEl0YOLOV8-Post-Process | timeout: 10s)
[2026-07-19 09:54:00.689] [2855] [HailoRT] [info] [edge_elements.cpp:187] [create] Created (LastAsyncEl0NmsPPMuxEl0YOLOV8-Post-Process)
[2026-07-19 09:54:00.689] [2855] [HailoRT] [info] [pipeline.cpp:891] [print_deep_description] EntryPushQEl0yolov8s/input_layer1 | inputs: user | outputs: PreInferEl1yolov8s/input_layer1(running in thread_id: 2911)
[2026-07-19 09:54:00.689] [2855] [HailoRT] [info] [pipeline.cpp:891] [print_deep_description] PreInferEl1yolov8s/input_layer1 | inputs: EntryPushQEl0yolov8s/input_layer1[0] | outputs: PushQEl1yolov8s/input_layer1
[2026-07-19 09:54:00.689] [2855] [HailoRT] [info] [pipeline.cpp:891] [print_deep_description] PushQEl1yolov8s/input_layer1 | inputs: PreInferEl1yolov8s/input_layer1[0] | outputs: AsyncHwEl(running in thread_id: 2912)
[2026-07-19 09:54:00.689] [2855] [HailoRT] [info] [pipeline.cpp:891] [print_deep_description] AsyncHwEl | inputs: PushQEl1yolov8s/input_layer1[0] | outputs: MultiPushQEl0YOLOV8-Post-Process MultiPushQEl0YOLOV8-Post-Process MultiPushQEl0YOLOV8-Post-Process MultiPushQEl0YOLOV8-Post-Process MultiPushQEl0YOLOV8-Post-Process MultiPushQEl0YOLOV8-Post-Process
[2026-07-19 09:54:00.689] [2855] [HailoRT] [info] [pipeline.cpp:891] [print_deep_description] MultiPushQEl0YOLOV8-Post-Process | inputs: AsyncHwEl[0] AsyncHwEl[1] AsyncHwEl[2] AsyncHwEl[3] AsyncHwEl[4] AsyncHwEl[5] | outputs: NmsPPMuxEl0YOLOV8-Post-Process(running in thread_id: 2913)
[2026-07-19 09:54:00.689] [2855] [HailoRT] [info] [pipeline.cpp:891] [print_deep_description] NmsPPMuxEl0YOLOV8-Post-Process | inputs: MultiPushQEl0YOLOV8-Post-Process[0] | outputs: LastAsyncEl0NmsPPMuxEl0YOLOV8-Post-Process
[2026-07-19 09:54:00.689] [2855] [HailoRT] [info] [pipeline.cpp:891] [print_deep_description] LastAsyncEl0NmsPPMuxEl0YOLOV8-Post-Process | inputs: NmsPPMuxEl0YOLOV8-Post-Process[0] | outputs: user
[2026-07-19 09:54:01.031] [2897] [HailoRT] [info] [hef.cpp:1994] [get_network_group_and_network_name] No name was given. Addressing all networks of default network_group: yolov8s
[2026-07-19 09:54:14.253] [2855] [HailoRT] [info] [async_infer_runner.cpp:86] [shutdown] Pipeline was aborted. Shutting it down
[2026-07-19 09:54:14.253] [2855] [HailoRT] [info] [queue_elements.cpp:1131] [execute_deactivate] enqueue() in element MultiPushQEl0YOLOV8-Post-Process was aborted, got status = HAILO_SHUTDOWN_EVENT_SIGNALED(57)
[2026-07-19 09:54:14.253] [2855] [HailoRT] [info] [queue_elements.cpp:1131] [execute_deactivate] enqueue() in element MultiPushQEl0YOLOV8-Post-Process was aborted, got status = HAILO_SHUTDOWN_EVENT_SIGNALED(57)
[2026-07-19 09:54:14.253] [2855] [HailoRT] [info] [queue_elements.cpp:1131] [execute_deactivate] enqueue() in element MultiPushQEl0YOLOV8-Post-Process was aborted, got status = HAILO_SHUTDOWN_EVENT_SIGNALED(57)
[2026-07-19 09:54:14.253] [2855] [HailoRT] [info] [queue_elements.cpp:1131] [execute_deactivate] enqueue() in element MultiPushQEl0YOLOV8-Post-Process was aborted, got status = HAILO_SHUTDOWN_EVENT_SIGNALED(57)
[2026-07-19 09:54:14.253] [2855] [HailoRT] [info] [queue_elements.cpp:1131] [execute_deactivate] enqueue() in element MultiPushQEl0YOLOV8-Post-Process was aborted, got status = HAILO_SHUTDOWN_EVENT_SIGNALED(57)
[2026-07-19 09:54:14.253] [2855] [HailoRT] [info] [queue_elements.cpp:1131] [execute_deactivate] enqueue() in element MultiPushQEl0YOLOV8-Post-Process was aborted, got status = HAILO_SHUTDOWN_EVENT_SIGNALED(57)
[2026-07-19 09:54:14.253] [2855] [HailoRT] [info] [queue_elements.cpp:570] [execute_deactivate] enqueue() in element PushQEl1yolov8s/input_layer1 was aborted, got status = HAILO_SHUTDOWN_EVENT_SIGNALED(57)
[2026-07-19 09:54:14.253] [2855] [HailoRT] [info] [queue_elements.cpp:570] [execute_deactivate] enqueue() in element EntryPushQEl0yolov8s/input_layer1 was aborted, got status = HAILO_SHUTDOWN_EVENT_SIGNALED(57)
[2026-07-19 09:54:14.253] [2855] [HailoRT] [info] [queue_elements.cpp:46] [~BaseQueueElement] Queue element EntryPushQEl0yolov8s/input_layer1 has 0 frames in his Queue on destruction
[2026-07-19 09:54:14.253] [2855] [HailoRT] [info] [queue_elements.cpp:46] [~BaseQueueElement] Queue element PushQEl1yolov8s/input_layer1 has 0 frames in his Queue on destruction
[2026-07-19 09:56:48.896] [2960] [HailoRT] [info] [device.cpp:51] [Device] OS Version: Linux 6.18.34+rpt-rpi-2712 #1 SMP PREEMPT Debian 1:6.18.34-1+rpt1 (2026-06-09) aarch64
[2026-07-19 09:56:48.897] [2960] [HailoRT] [info] [control.cpp:113] [control__parse_identify_results] firmware_version is: 4.23.0
[2026-07-19 09:56:48.897] [2960] [HailoRT] [info] [control.cpp:113] [control__parse_identify_results] firmware_version is: 4.23.0
[2026-07-19 09:56:49.058] [2964] [HailoRT] [info] [device.cpp:51] [Device] OS Version: Linux 6.18.34+rpt-rpi-2712 #1 SMP PREEMPT Debian 1:6.18.34-1+rpt1 (2026-06-09) aarch64
[2026-07-19 09:56:49.059] [2964] [HailoRT] [info] [control.cpp:113] [control__parse_identify_results] firmware_version is: 4.23.0
[2026-07-19 09:56:49.059] [2964] [HailoRT] [info] [control.cpp:113] [control__parse_identify_results] firmware_version is: 4.23.0
[2026-07-19 09:56:49.113] [2942] [HailoRT] [info] [vdevice.cpp:535] [create] Creating vdevice with params: device_count: 1, scheduling_algorithm: ROUND_ROBIN, multi_process_service: false
[2026-07-19 09:56:49.124] [2942] [HailoRT] [info] [device.cpp:51] [Device] OS Version: Linux 6.18.34+rpt-rpi-2712 #1 SMP PREEMPT Debian 1:6.18.34-1+rpt1 (2026-06-09) aarch64
[2026-07-19 09:56:49.124] [2942] [HailoRT] [info] [control.cpp:113] [control__parse_identify_results] firmware_version is: 4.23.0
[2026-07-19 09:56:49.124] [2942] [HailoRT] [info] [vdevice.cpp:682] [create] VDevice Infos: 0001:01:00.0
[2026-07-19 09:56:49.134] [2942] [HailoRT] [info] [hef.cpp:1994] [get_network_group_and_network_name] No name was given. Addressing all networks of default network_group: yolov8s
[2026-07-19 09:56:49.134] [2942] [HailoRT] [info] [hef.cpp:1994] [get_network_group_and_network_name] No name was given. Addressing all networks of default network_group: yolov8s
[2026-07-19 09:56:49.188] [2942] [HailoRT] [info] [internal_buffer_manager.cpp:77] [print_execution_results] Planned internal buffer memory: CMA=0 CMA-Desc=393216 Pinned=4099072. memory to edge layer usage factor is 1
[2026-07-19 09:56:49.188] [2942] [HailoRT] [info] [internal_buffer_manager.cpp:86] [print_execution_results] Default Internal buffer planner executed successfully
[2026-07-19 09:56:49.216] [2942] [HailoRT] [info] [device_internal.cpp:57] [configure] Configuring HEF took 38.208492 milliseconds
[2026-07-19 09:56:49.216] [2942] [HailoRT] [info] [vdevice.cpp:780] [configure] Configuring HEF on VDevice took 38.534993 milliseconds
[2026-07-19 09:56:49.216] [2942] [HailoRT] [info] [infer_model.cpp:417] [configure] Configuring network group 'yolov8s' with params: batch size: 2, power mode: PERFORMANCE, latency: NONE
[2026-07-19 09:56:49.216] [2942] [HailoRT] [info] [multi_io_elements.cpp:754] [create] Created (AsyncHwEl)
[2026-07-19 09:56:49.216] [2942] [HailoRT] [info] [queue_elements.cpp:450] [create] Created (EntryPushQEl0yolov8s/input_layer1 | timeout: 10s)
[2026-07-19 09:56:49.216] [2942] [HailoRT] [info] [filter_elements.cpp:101] [create] Created (PreInferEl1yolov8s/input_layer1 | Reorder - src_order: RGB4, src_shape: (640, 640, 3), dst_order: NHCW, dst_shape: (640, 640, 3))
[2026-07-19 09:56:49.217] [2942] [HailoRT] [info] [queue_elements.cpp:450] [create] Created (PushQEl1yolov8s/input_layer1 | timeout: 10s)
[2026-07-19 09:56:49.217] [2942] [HailoRT] [info] [multi_io_elements.cpp:135] [create] Created (NmsPPMuxEl0YOLOV8-Post-Process | Op YOLOV8, Name: YOLOV8-Post-Process, Score threshold: 0.300, IoU threshold: 0.45, Classes: 80, Max bboxes per class: 100, Image height: 640, Image width: 640)
[2026-07-19 09:56:49.217] [2942] [HailoRT] [info] [queue_elements.cpp:942] [create] Created (MultiPushQEl0YOLOV8-Post-Process | timeout: 10s)
[2026-07-19 09:56:49.217] [2942] [HailoRT] [info] [edge_elements.cpp:187] [create] Created (LastAsyncEl0NmsPPMuxEl0YOLOV8-Post-Process)
[2026-07-19 09:56:49.217] [2942] [HailoRT] [info] [pipeline.cpp:891] [print_deep_description] EntryPushQEl0yolov8s/input_layer1 | inputs: user | outputs: PreInferEl1yolov8s/input_layer1(running in thread_id: 2998)
[2026-07-19 09:56:49.217] [2942] [HailoRT] [info] [pipeline.cpp:891] [print_deep_description] PreInferEl1yolov8s/input_layer1 | inputs: EntryPushQEl0yolov8s/input_layer1[0] | outputs: PushQEl1yolov8s/input_layer1
[2026-07-19 09:56:49.217] [2942] [HailoRT] [info] [pipeline.cpp:891] [print_deep_description] PushQEl1yolov8s/input_layer1 | inputs: PreInferEl1yolov8s/input_layer1[0] | outputs: AsyncHwEl(running in thread_id: 2999)
[2026-07-19 09:56:49.217] [2942] [HailoRT] [info] [pipeline.cpp:891] [print_deep_description] AsyncHwEl | inputs: PushQEl1yolov8s/input_layer1[0] | outputs: MultiPushQEl0YOLOV8-Post-Process MultiPushQEl0YOLOV8-Post-Process MultiPushQEl0YOLOV8-Post-Process MultiPushQEl0YOLOV8-Post-Process MultiPushQEl0YOLOV8-Post-Process MultiPushQEl0YOLOV8-Post-Process
[2026-07-19 09:56:49.217] [2942] [HailoRT] [info] [pipeline.cpp:891] [print_deep_description] MultiPushQEl0YOLOV8-Post-Process | inputs: AsyncHwEl[0] AsyncHwEl[1] AsyncHwEl[2] AsyncHwEl[3] AsyncHwEl[4] AsyncHwEl[5] | outputs: NmsPPMuxEl0YOLOV8-Post-Process(running in thread_id: 3000)
[2026-07-19 09:56:49.217] [2942] [HailoRT] [info] [pipeline.cpp:891] [print_deep_description] NmsPPMuxEl0YOLOV8-Post-Process | inputs: MultiPushQEl0YOLOV8-Post-Process[0] | outputs: LastAsyncEl0NmsPPMuxEl0YOLOV8-Post-Process
[2026-07-19 09:56:49.217] [2942] [HailoRT] [info] [pipeline.cpp:891] [print_deep_description] LastAsyncEl0NmsPPMuxEl0YOLOV8-Post-Process | inputs: NmsPPMuxEl0YOLOV8-Post-Process[0] | outputs: user
[2026-07-19 09:56:49.562] [2984] [HailoRT] [info] [hef.cpp:1994] [get_network_group_and_network_name] No name was given. Addressing all networks of default network_group: yolov8s
[2026-07-19 09:57:17.719] [3028] [HailoRT] [info] [device.cpp:51] [Device] OS Version: Linux 6.18.34+rpt-rpi-2712 #1 SMP PREEMPT Debian 1:6.18.34-1+rpt1 (2026-06-09) aarch64
[2026-07-19 09:57:17.719] [3028] [HailoRT] [info] [control.cpp:113] [control__parse_identify_results] firmware_version is: 4.23.0
[2026-07-19 09:57:17.719] [3028] [HailoRT] [info] [control.cpp:113] [control__parse_identify_results] firmware_version is: 4.23.0
[2026-07-19 09:57:17.868] [3032] [HailoRT] [info] [device.cpp:51] [Device] OS Version: Linux 6.18.34+rpt-rpi-2712 #1 SMP PREEMPT Debian 1:6.18.34-1+rpt1 (2026-06-09) aarch64
[2026-07-19 09:57:17.868] [3032] [HailoRT] [info] [control.cpp:113] [control__parse_identify_results] firmware_version is: 4.23.0
[2026-07-19 09:57:17.868] [3032] [HailoRT] [info] [control.cpp:113] [control__parse_identify_results] firmware_version is: 4.23.0
[2026-07-19 09:57:17.919] [3010] [HailoRT] [info] [vdevice.cpp:535] [create] Creating vdevice with params: device_count: 1, scheduling_algorithm: ROUND_ROBIN, multi_process_service: false
[2026-07-19 09:57:17.932] [3010] [HailoRT] [info] [device.cpp:51] [Device] OS Version: Linux 6.18.34+rpt-rpi-2712 #1 SMP PREEMPT Debian 1:6.18.34-1+rpt1 (2026-06-09) aarch64
[2026-07-19 09:57:17.932] [3010] [HailoRT] [info] [control.cpp:113] [control__parse_identify_results] firmware_version is: 4.23.0
[2026-07-19 09:57:17.932] [3010] [HailoRT] [info] [vdevice.cpp:682] [create] VDevice Infos: 0001:01:00.0
[2026-07-19 09:57:17.940] [3010] [HailoRT] [info] [hef.cpp:1994] [get_network_group_and_network_name] No name was given. Addressing all networks of default network_group: yolov8s
[2026-07-19 09:57:17.940] [3010] [HailoRT] [info] [hef.cpp:1994] [get_network_group_and_network_name] No name was given. Addressing all networks of default network_group: yolov8s
[2026-07-19 09:57:17.991] [3010] [HailoRT] [info] [internal_buffer_manager.cpp:77] [print_execution_results] Planned internal buffer memory: CMA=0 CMA-Desc=393216 Pinned=4099072. memory to edge layer usage factor is 1
[2026-07-19 09:57:17.991] [3010] [HailoRT] [info] [internal_buffer_manager.cpp:86] [print_execution_results] Default Internal buffer planner executed successfully
[2026-07-19 09:57:18.023] [3010] [HailoRT] [info] [device_internal.cpp:57] [configure] Configuring HEF took 39.660544 milliseconds
[2026-07-19 09:57:18.023] [3010] [HailoRT] [info] [vdevice.cpp:780] [configure] Configuring HEF on VDevice took 39.969303 milliseconds
[2026-07-19 09:57:18.023] [3010] [HailoRT] [info] [infer_model.cpp:417] [configure] Configuring network group 'yolov8s' with params: batch size: 2, power mode: PERFORMANCE, latency: NONE
[2026-07-19 09:57:18.023] [3010] [HailoRT] [info] [multi_io_elements.cpp:754] [create] Created (AsyncHwEl)
[2026-07-19 09:57:18.023] [3010] [HailoRT] [info] [queue_elements.cpp:450] [create] Created (EntryPushQEl0yolov8s/input_layer1 | timeout: 10s)
[2026-07-19 09:57:18.023] [3010] [HailoRT] [info] [filter_elements.cpp:101] [create] Created (PreInferEl1yolov8s/input_layer1 | Reorder - src_order: RGB4, src_shape: (640, 640, 3), dst_order: NHCW, dst_shape: (640, 640, 3))
[2026-07-19 09:57:18.023] [3010] [HailoRT] [info] [queue_elements.cpp:450] [create] Created (PushQEl1yolov8s/input_layer1 | timeout: 10s)
[2026-07-19 09:57:18.023] [3010] [HailoRT] [info] [multi_io_elements.cpp:135] [create] Created (NmsPPMuxEl0YOLOV8-Post-Process | Op YOLOV8, Name: YOLOV8-Post-Process, Score threshold: 0.300, IoU threshold: 0.45, Classes: 80, Max bboxes per class: 100, Image height: 640, Image width: 640)
[2026-07-19 09:57:18.024] [3010] [HailoRT] [info] [queue_elements.cpp:942] [create] Created (MultiPushQEl0YOLOV8-Post-Process | timeout: 10s)
[2026-07-19 09:57:18.024] [3010] [HailoRT] [info] [edge_elements.cpp:187] [create] Created (LastAsyncEl0NmsPPMuxEl0YOLOV8-Post-Process)
[2026-07-19 09:57:18.024] [3010] [HailoRT] [info] [pipeline.cpp:891] [print_deep_description] EntryPushQEl0yolov8s/input_layer1 | inputs: user | outputs: PreInferEl1yolov8s/input_layer1(running in thread_id: 3067)
[2026-07-19 09:57:18.024] [3010] [HailoRT] [info] [pipeline.cpp:891] [print_deep_description] PreInferEl1yolov8s/input_layer1 | inputs: EntryPushQEl0yolov8s/input_layer1[0] | outputs: PushQEl1yolov8s/input_layer1
[2026-07-19 09:57:18.024] [3010] [HailoRT] [info] [pipeline.cpp:891] [print_deep_description] PushQEl1yolov8s/input_layer1 | inputs: PreInferEl1yolov8s/input_layer1[0] | outputs: AsyncHwEl(running in thread_id: 3068)
[2026-07-19 09:57:18.024] [3010] [HailoRT] [info] [pipeline.cpp:891] [print_deep_description] AsyncHwEl | inputs: PushQEl1yolov8s/input_layer1[0] | outputs: MultiPushQEl0YOLOV8-Post-Process MultiPushQEl0YOLOV8-Post-Process MultiPushQEl0YOLOV8-Post-Process MultiPushQEl0YOLOV8-Post-Process MultiPushQEl0YOLOV8-Post-Process MultiPushQEl0YOLOV8-Post-Process
[2026-07-19 09:57:18.024] [3010] [HailoRT] [info] [pipeline.cpp:891] [print_deep_description] MultiPushQEl0YOLOV8-Post-Process | inputs: AsyncHwEl[0] AsyncHwEl[1] AsyncHwEl[2] AsyncHwEl[3] AsyncHwEl[4] AsyncHwEl[5] | outputs: NmsPPMuxEl0YOLOV8-Post-Process(running in thread_id: 3069)
[2026-07-19 09:57:18.024] [3010] [HailoRT] [info] [pipeline.cpp:891] [print_deep_description] NmsPPMuxEl0YOLOV8-Post-Process | inputs: MultiPushQEl0YOLOV8-Post-Process[0] | outputs: LastAsyncEl0NmsPPMuxEl0YOLOV8-Post-Process
[2026-07-19 09:57:18.024] [3010] [HailoRT] [info] [pipeline.cpp:891] [print_deep_description] LastAsyncEl0NmsPPMuxEl0YOLOV8-Post-Process | inputs: NmsPPMuxEl0YOLOV8-Post-Process[0] | outputs: user
[2026-07-19 09:57:18.366] [3053] [HailoRT] [info] [hef.cpp:1994] [get_network_group_and_network_name] No name was given. Addressing all networks of default network_group: yolov8s
[2026-07-19 10:02:07.964] [3161] [HailoRT] [info] [device.cpp:51] [Device] OS Version: Linux 6.18.34+rpt-rpi-2712 #1 SMP PREEMPT Debian 1:6.18.34-1+rpt1 (2026-06-09) aarch64
[2026-07-19 10:02:07.965] [3161] [HailoRT] [info] [control.cpp:113] [control__parse_identify_results] firmware_version is: 4.23.0
[2026-07-19 10:02:07.965] [3161] [HailoRT] [info] [control.cpp:113] [control__parse_identify_results] firmware_version is: 4.23.0
[2026-07-19 10:02:08.128] [3165] [HailoRT] [info] [device.cpp:51] [Device] OS Version: Linux 6.18.34+rpt-rpi-2712 #1 SMP PREEMPT Debian 1:6.18.34-1+rpt1 (2026-06-09) aarch64
[2026-07-19 10:02:08.128] [3165] [HailoRT] [info] [control.cpp:113] [control__parse_identify_results] firmware_version is: 4.23.0
[2026-07-19 10:02:08.129] [3165] [HailoRT] [info] [control.cpp:113] [control__parse_identify_results] firmware_version is: 4.23.0
[2026-07-19 10:02:08.184] [3141] [HailoRT] [info] [vdevice.cpp:535] [create] Creating vdevice with params: device_count: 1, scheduling_algorithm: ROUND_ROBIN, multi_process_service: false
[2026-07-19 10:02:08.196] [3141] [HailoRT] [info] [device.cpp:51] [Device] OS Version: Linux 6.18.34+rpt-rpi-2712 #1 SMP PREEMPT Debian 1:6.18.34-1+rpt1 (2026-06-09) aarch64
[2026-07-19 10:02:08.196] [3141] [HailoRT] [info] [control.cpp:113] [control__parse_identify_results] firmware_version is: 4.23.0
[2026-07-19 10:02:08.196] [3141] [HailoRT] [info] [vdevice.cpp:682] [create] VDevice Infos: 0001:01:00.0
[2026-07-19 10:02:08.205] [3141] [HailoRT] [info] [hef.cpp:1994] [get_network_group_and_network_name] No name was given. Addressing all networks of default network_group: yolov8s
[2026-07-19 10:02:08.205] [3141] [HailoRT] [info] [hef.cpp:1994] [get_network_group_and_network_name] No name was given. Addressing all networks of default network_group: yolov8s
[2026-07-19 10:02:08.255] [3141] [HailoRT] [info] [internal_buffer_manager.cpp:77] [print_execution_results] Planned internal buffer memory: CMA=0 CMA-Desc=393216 Pinned=4099072. memory to edge layer usage factor is 1
[2026-07-19 10:02:08.255] [3141] [HailoRT] [info] [internal_buffer_manager.cpp:86] [print_execution_results] Default Internal buffer planner executed successfully
[2026-07-19 10:02:08.290] [3141] [HailoRT] [info] [device_internal.cpp:57] [configure] Configuring HEF took 42.141773 milliseconds
[2026-07-19 10:02:08.290] [3141] [HailoRT] [info] [vdevice.cpp:780] [configure] Configuring HEF on VDevice took 42.446308 milliseconds
[2026-07-19 10:02:08.290] [3141] [HailoRT] [info] [infer_model.cpp:417] [configure] Configuring network group 'yolov8s' with params: batch size: 2, power mode: PERFORMANCE, latency: NONE
[2026-07-19 10:02:08.290] [3141] [HailoRT] [info] [multi_io_elements.cpp:754] [create] Created (AsyncHwEl)
[2026-07-19 10:02:08.290] [3141] [HailoRT] [info] [queue_elements.cpp:450] [create] Created (EntryPushQEl0yolov8s/input_layer1 | timeout: 10s)
[2026-07-19 10:02:08.290] [3141] [HailoRT] [info] [filter_elements.cpp:101] [create] Created (PreInferEl1yolov8s/input_layer1 | Reorder - src_order: RGB4, src_shape: (640, 640, 3), dst_order: NHCW, dst_shape: (640, 640, 3))
[2026-07-19 10:02:08.291] [3141] [HailoRT] [info] [queue_elements.cpp:450] [create] Created (PushQEl1yolov8s/input_layer1 | timeout: 10s)
[2026-07-19 10:02:08.291] [3141] [HailoRT] [info] [multi_io_elements.cpp:135] [create] Created (NmsPPMuxEl0YOLOV8-Post-Process | Op YOLOV8, Name: YOLOV8-Post-Process, Score threshold: 0.300, IoU threshold: 0.45, Classes: 80, Max bboxes per class: 100, Image height: 640, Image width: 640)
[2026-07-19 10:02:08.291] [3141] [HailoRT] [info] [queue_elements.cpp:942] [create] Created (MultiPushQEl0YOLOV8-Post-Process | timeout: 10s)
[2026-07-19 10:02:08.291] [3141] [HailoRT] [info] [edge_elements.cpp:187] [create] Created (LastAsyncEl0NmsPPMuxEl0YOLOV8-Post-Process)
[2026-07-19 10:02:08.291] [3141] [HailoRT] [info] [pipeline.cpp:891] [print_deep_description] EntryPushQEl0yolov8s/input_layer1 | inputs: user | outputs: PreInferEl1yolov8s/input_layer1(running in thread_id: 3200)
[2026-07-19 10:02:08.291] [3141] [HailoRT] [info] [pipeline.cpp:891] [print_deep_description] PreInferEl1yolov8s/input_layer1 | inputs: EntryPushQEl0yolov8s/input_layer1[0] | outputs: PushQEl1yolov8s/input_layer1
[2026-07-19 10:02:08.291] [3141] [HailoRT] [info] [pipeline.cpp:891] [print_deep_description] PushQEl1yolov8s/input_layer1 | inputs: PreInferEl1yolov8s/input_layer1[0] | outputs: AsyncHwEl(running in thread_id: 3201)
[2026-07-19 10:02:08.291] [3141] [HailoRT] [info] [pipeline.cpp:891] [print_deep_description] AsyncHwEl | inputs: PushQEl1yolov8s/input_layer1[0] | outputs: MultiPushQEl0YOLOV8-Post-Process MultiPushQEl0YOLOV8-Post-Process MultiPushQEl0YOLOV8-Post-Process MultiPushQEl0YOLOV8-Post-Process MultiPushQEl0YOLOV8-Post-Process MultiPushQEl0YOLOV8-Post-Process
[2026-07-19 10:02:08.291] [3141] [HailoRT] [info] [pipeline.cpp:891] [print_deep_description] MultiPushQEl0YOLOV8-Post-Process | inputs: AsyncHwEl[0] AsyncHwEl[1] AsyncHwEl[2] AsyncHwEl[3] AsyncHwEl[4] AsyncHwEl[5] | outputs: NmsPPMuxEl0YOLOV8-Post-Process(running in thread_id: 3202)
[2026-07-19 10:02:08.291] [3141] [HailoRT] [info] [pipeline.cpp:891] [print_deep_description] NmsPPMuxEl0YOLOV8-Post-Process | inputs: MultiPushQEl0YOLOV8-Post-Process[0] | outputs: LastAsyncEl0NmsPPMuxEl0YOLOV8-Post-Process
[2026-07-19 10:02:08.291] [3141] [HailoRT] [info] [pipeline.cpp:891] [print_deep_description] LastAsyncEl0NmsPPMuxEl0YOLOV8-Post-Process | inputs: NmsPPMuxEl0YOLOV8-Post-Process[0] | outputs: user
[2026-07-19 10:02:08.632] [3186] [HailoRT] [info] [hef.cpp:1994] [get_network_group_and_network_name] No name was given. Addressing all networks of default network_group: yolov8s
[2026-07-19 10:07:11.755] [3247] [HailoRT] [info] [device.cpp:51] [Device] OS Version: Linux 6.18.34+rpt-rpi-2712 #1 SMP PREEMPT Debian 1:6.18.34-1+rpt1 (2026-06-09) aarch64
[2026-07-19 10:07:11.755] [3247] [HailoRT] [info] [control.cpp:113] [control__parse_identify_results] firmware_version is: 4.23.0
[2026-07-19 10:07:11.756] [3247] [HailoRT] [info] [control.cpp:113] [control__parse_identify_results] firmware_version is: 4.23.0
[2026-07-19 10:07:11.916] [3251] [HailoRT] [info] [device.cpp:51] [Device] OS Version: Linux 6.18.34+rpt-rpi-2712 #1 SMP PREEMPT Debian 1:6.18.34-1+rpt1 (2026-06-09) aarch64
[2026-07-19 10:07:11.916] [3251] [HailoRT] [info] [control.cpp:113] [control__parse_identify_results] firmware_version is: 4.23.0
[2026-07-19 10:07:11.916] [3251] [HailoRT] [info] [control.cpp:113] [control__parse_identify_results] firmware_version is: 4.23.0
[2026-07-19 10:07:11.977] [3229] [HailoRT] [info] [vdevice.cpp:535] [create] Creating vdevice with params: device_count: 1, scheduling_algorithm: ROUND_ROBIN, multi_process_service: false
[2026-07-19 10:07:11.988] [3229] [HailoRT] [info] [device.cpp:51] [Device] OS Version: Linux 6.18.34+rpt-rpi-2712 #1 SMP PREEMPT Debian 1:6.18.34-1+rpt1 (2026-06-09) aarch64
[2026-07-19 10:07:11.988] [3229] [HailoRT] [info] [control.cpp:113] [control__parse_identify_results] firmware_version is: 4.23.0
[2026-07-19 10:07:11.988] [3229] [HailoRT] [info] [vdevice.cpp:682] [create] VDevice Infos: 0001:01:00.0
[2026-07-19 10:07:11.997] [3229] [HailoRT] [info] [hef.cpp:1994] [get_network_group_and_network_name] No name was given. Addressing all networks of default network_group: yolov8s
[2026-07-19 10:07:11.997] [3229] [HailoRT] [info] [hef.cpp:1994] [get_network_group_and_network_name] No name was given. Addressing all networks of default network_group: yolov8s
[2026-07-19 10:07:12.054] [3229] [HailoRT] [info] [internal_buffer_manager.cpp:77] [print_execution_results] Planned internal buffer memory: CMA=0 CMA-Desc=393216 Pinned=4099072. memory to edge layer usage factor is 1
[2026-07-19 10:07:12.054] [3229] [HailoRT] [info] [internal_buffer_manager.cpp:86] [print_execution_results] Default Internal buffer planner executed successfully
[2026-07-19 10:07:12.085] [3229] [HailoRT] [info] [device_internal.cpp:57] [configure] Configuring HEF took 38.780235 milliseconds
[2026-07-19 10:07:12.085] [3229] [HailoRT] [info] [vdevice.cpp:780] [configure] Configuring HEF on VDevice took 39.12679 milliseconds
[2026-07-19 10:07:12.085] [3229] [HailoRT] [info] [infer_model.cpp:417] [configure] Configuring network group 'yolov8s' with params: batch size: 2, power mode: PERFORMANCE, latency: NONE
[2026-07-19 10:07:12.085] [3229] [HailoRT] [info] [multi_io_elements.cpp:754] [create] Created (AsyncHwEl)
[2026-07-19 10:07:12.085] [3229] [HailoRT] [info] [queue_elements.cpp:450] [create] Created (EntryPushQEl0yolov8s/input_layer1 | timeout: 10s)
[2026-07-19 10:07:12.085] [3229] [HailoRT] [info] [filter_elements.cpp:101] [create] Created (PreInferEl1yolov8s/input_layer1 | Reorder - src_order: RGB4, src_shape: (640, 640, 3), dst_order: NHCW, dst_shape: (640, 640, 3))
[2026-07-19 10:07:12.085] [3229] [HailoRT] [info] [queue_elements.cpp:450] [create] Created (PushQEl1yolov8s/input_layer1 | timeout: 10s)
[2026-07-19 10:07:12.085] [3229] [HailoRT] [info] [multi_io_elements.cpp:135] [create] Created (NmsPPMuxEl0YOLOV8-Post-Process | Op YOLOV8, Name: YOLOV8-Post-Process, Score threshold: 0.300, IoU threshold: 0.45, Classes: 80, Max bboxes per class: 100, Image height: 640, Image width: 640)
[2026-07-19 10:07:12.086] [3229] [HailoRT] [info] [queue_elements.cpp:942] [create] Created (MultiPushQEl0YOLOV8-Post-Process | timeout: 10s)
[2026-07-19 10:07:12.086] [3229] [HailoRT] [info] [edge_elements.cpp:187] [create] Created (LastAsyncEl0NmsPPMuxEl0YOLOV8-Post-Process)
[2026-07-19 10:07:12.086] [3229] [HailoRT] [info] [pipeline.cpp:891] [print_deep_description] EntryPushQEl0yolov8s/input_layer1 | inputs: user | outputs: PreInferEl1yolov8s/input_layer1(running in thread_id: 3286)
[2026-07-19 10:07:12.086] [3229] [HailoRT] [info] [pipeline.cpp:891] [print_deep_description] PreInferEl1yolov8s/input_layer1 | inputs: EntryPushQEl0yolov8s/input_layer1[0] | outputs: PushQEl1yolov8s/input_layer1
[2026-07-19 10:07:12.086] [3229] [HailoRT] [info] [pipeline.cpp:891] [print_deep_description] PushQEl1yolov8s/input_layer1 | inputs: PreInferEl1yolov8s/input_layer1[0] | outputs: AsyncHwEl(running in thread_id: 3287)
[2026-07-19 10:07:12.086] [3229] [HailoRT] [info] [pipeline.cpp:891] [print_deep_description] AsyncHwEl | inputs: PushQEl1yolov8s/input_layer1[0] | outputs: MultiPushQEl0YOLOV8-Post-Process MultiPushQEl0YOLOV8-Post-Process MultiPushQEl0YOLOV8-Post-Process MultiPushQEl0YOLOV8-Post-Process MultiPushQEl0YOLOV8-Post-Process MultiPushQEl0YOLOV8-Post-Process
[2026-07-19 10:07:12.086] [3229] [HailoRT] [info] [pipeline.cpp:891] [print_deep_description] MultiPushQEl0YOLOV8-Post-Process | inputs: AsyncHwEl[0] AsyncHwEl[1] AsyncHwEl[2] AsyncHwEl[3] AsyncHwEl[4] AsyncHwEl[5] | outputs: NmsPPMuxEl0YOLOV8-Post-Process(running in thread_id: 3288)
[2026-07-19 10:07:12.086] [3229] [HailoRT] [info] [pipeline.cpp:891] [print_deep_description] NmsPPMuxEl0YOLOV8-Post-Process | inputs: MultiPushQEl0YOLOV8-Post-Process[0] | outputs: LastAsyncEl0NmsPPMuxEl0YOLOV8-Post-Process
[2026-07-19 10:07:12.086] [3229] [HailoRT] [info] [pipeline.cpp:891] [print_deep_description] LastAsyncEl0NmsPPMuxEl0YOLOV8-Post-Process | inputs: NmsPPMuxEl0YOLOV8-Post-Process[0] | outputs: user
[2026-07-19 10:07:12.438] [3271] [HailoRT] [info] [hef.cpp:1994] [get_network_group_and_network_name] No name was given. Addressing all networks of default network_group: yolov8s
[2026-07-19 21:04:45.483] [2136] [HailoRT] [info] [device.cpp:51] [Device] OS Version: Linux 6.18.34+rpt-rpi-2712 #1 SMP PREEMPT Debian 1:6.18.34-1+rpt1 (2026-06-09) aarch64
[2026-07-19 21:04:45.484] [2136] [HailoRT] [info] [control.cpp:113] [control__parse_identify_results] firmware_version is: 4.23.0
[2026-07-19 21:04:45.484] [2136] [HailoRT] [info] [control.cpp:113] [control__parse_identify_results] firmware_version is: 4.23.0
[2026-07-19 21:04:45.955] [2142] [HailoRT] [info] [device.cpp:51] [Device] OS Version: Linux 6.18.34+rpt-rpi-2712 #1 SMP PREEMPT Debian 1:6.18.34-1+rpt1 (2026-06-09) aarch64
[2026-07-19 21:04:45.956] [2142] [HailoRT] [info] [control.cpp:113] [control__parse_identify_results] firmware_version is: 4.23.0
[2026-07-19 21:04:45.956] [2142] [HailoRT] [info] [control.cpp:113] [control__parse_identify_results] firmware_version is: 4.23.0
[2026-07-19 21:04:46.042] [2128] [HailoRT] [info] [vdevice.cpp:535] [create] Creating vdevice with params: device_count: 1, scheduling_algorithm: ROUND_ROBIN, multi_process_service: false
[2026-07-19 21:04:46.054] [2128] [HailoRT] [info] [device.cpp:51] [Device] OS Version: Linux 6.18.34+rpt-rpi-2712 #1 SMP PREEMPT Debian 1:6.18.34-1+rpt1 (2026-06-09) aarch64
[2026-07-19 21:04:46.054] [2128] [HailoRT] [info] [control.cpp:113] [control__parse_identify_results] firmware_version is: 4.23.0
[2026-07-19 21:04:46.054] [2128] [HailoRT] [info] [vdevice.cpp:682] [create] VDevice Infos: 0001:01:00.0
[2026-07-19 21:04:46.144] [2128] [HailoRT] [info] [hef.cpp:1994] [get_network_group_and_network_name] No name was given. Addressing all networks of default network_group: yolov8s
[2026-07-19 21:04:46.144] [2128] [HailoRT] [info] [hef.cpp:1994] [get_network_group_and_network_name] No name was given. Addressing all networks of default network_group: yolov8s
[2026-07-19 21:04:46.193] [2128] [HailoRT] [info] [internal_buffer_manager.cpp:77] [print_execution_results] Planned internal buffer memory: CMA=0 CMA-Desc=393216 Pinned=4099072. memory to edge layer usage factor is 1
[2026-07-19 21:04:46.193] [2128] [HailoRT] [info] [internal_buffer_manager.cpp:86] [print_execution_results] Default Internal buffer planner executed successfully
[2026-07-19 21:04:46.219] [2128] [HailoRT] [info] [device_internal.cpp:57] [configure] Configuring HEF took 34.810393 milliseconds
[2026-07-19 21:04:46.219] [2128] [HailoRT] [info] [vdevice.cpp:780] [configure] Configuring HEF on VDevice took 35.494257 milliseconds
[2026-07-19 21:04:46.219] [2128] [HailoRT] [info] [infer_model.cpp:417] [configure] Configuring network group 'yolov8s' with params: batch size: 2, power mode: PERFORMANCE, latency: NONE
[2026-07-19 21:04:46.219] [2128] [HailoRT] [info] [multi_io_elements.cpp:754] [create] Created (AsyncHwEl)
[2026-07-19 21:04:46.219] [2128] [HailoRT] [info] [queue_elements.cpp:450] [create] Created (EntryPushQEl0yolov8s/input_layer1 | timeout: 10s)
[2026-07-19 21:04:46.219] [2128] [HailoRT] [info] [filter_elements.cpp:101] [create] Created (PreInferEl1yolov8s/input_layer1 | Reorder - src_order: RGB4, src_shape: (640, 640, 3), dst_order: NHCW, dst_shape: (640, 640, 3))
[2026-07-19 21:04:46.219] [2128] [HailoRT] [info] [queue_elements.cpp:450] [create] Created (PushQEl1yolov8s/input_layer1 | timeout: 10s)
[2026-07-19 21:04:46.219] [2128] [HailoRT] [info] [multi_io_elements.cpp:135] [create] Created (NmsPPMuxEl0YOLOV8-Post-Process | Op YOLOV8, Name: YOLOV8-Post-Process, Score threshold: 0.300, IoU threshold: 0.45, Classes: 80, Max bboxes per class: 100, Image height: 640, Image width: 640)
[2026-07-19 21:04:46.220] [2128] [HailoRT] [info] [queue_elements.cpp:942] [create] Created (MultiPushQEl0YOLOV8-Post-Process | timeout: 10s)
[2026-07-19 21:04:46.220] [2128] [HailoRT] [info] [edge_elements.cpp:187] [create] Created (LastAsyncEl0NmsPPMuxEl0YOLOV8-Post-Process)
[2026-07-19 21:04:46.220] [2128] [HailoRT] [info] [pipeline.cpp:891] [print_deep_description] EntryPushQEl0yolov8s/input_layer1 | inputs: user | outputs: PreInferEl1yolov8s/input_layer1(running in thread_id: 2177)
[2026-07-19 21:04:46.220] [2128] [HailoRT] [info] [pipeline.cpp:891] [print_deep_description] PreInferEl1yolov8s/input_layer1 | inputs: EntryPushQEl0yolov8s/input_layer1[0] | outputs: PushQEl1yolov8s/input_layer1
[2026-07-19 21:04:46.220] [2128] [HailoRT] [info] [pipeline.cpp:891] [print_deep_description] PushQEl1yolov8s/input_layer1 | inputs: PreInferEl1yolov8s/input_layer1[0] | outputs: AsyncHwEl(running in thread_id: 2178)
[2026-07-19 21:04:46.220] [2128] [HailoRT] [info] [pipeline.cpp:891] [print_deep_description] AsyncHwEl | inputs: PushQEl1yolov8s/input_layer1[0] | outputs: MultiPushQEl0YOLOV8-Post-Process MultiPushQEl0YOLOV8-Post-Process MultiPushQEl0YOLOV8-Post-Process MultiPushQEl0YOLOV8-Post-Process MultiPushQEl0YOLOV8-Post-Process MultiPushQEl0YOLOV8-Post-Process
[2026-07-19 21:04:46.220] [2128] [HailoRT] [info] [pipeline.cpp:891] [print_deep_description] MultiPushQEl0YOLOV8-Post-Process | inputs: AsyncHwEl[0] AsyncHwEl[1] AsyncHwEl[2] AsyncHwEl[3] AsyncHwEl[4] AsyncHwEl[5] | outputs: NmsPPMuxEl0YOLOV8-Post-Process(running in thread_id: 2179)
[2026-07-19 21:04:46.220] [2128] [HailoRT] [info] [pipeline.cpp:891] [print_deep_description] NmsPPMuxEl0YOLOV8-Post-Process | inputs: MultiPushQEl0YOLOV8-Post-Process[0] | outputs: LastAsyncEl0NmsPPMuxEl0YOLOV8-Post-Process
[2026-07-19 21:04:46.220] [2128] [HailoRT] [info] [pipeline.cpp:891] [print_deep_description] LastAsyncEl0NmsPPMuxEl0YOLOV8-Post-Process | inputs: NmsPPMuxEl0YOLOV8-Post-Process[0] | outputs: user
[2026-07-19 21:04:46.608] [2163] [HailoRT] [info] [hef.cpp:1994] [get_network_group_and_network_name] No name was given. Addressing all networks of default network_group: yolov8s
[2026-07-19 21:06:45.839] [2201] [HailoRT] [info] [device.cpp:51] [Device] OS Version: Linux 6.18.34+rpt-rpi-2712 #1 SMP PREEMPT Debian 1:6.18.34-1+rpt1 (2026-06-09) aarch64
[2026-07-19 21:06:45.839] [2201] [HailoRT] [info] [control.cpp:113] [control__parse_identify_results] firmware_version is: 4.23.0
[2026-07-19 21:06:45.839] [2201] [HailoRT] [info] [control.cpp:113] [control__parse_identify_results] firmware_version is: 4.23.0
[2026-07-19 21:06:45.979] [2205] [HailoRT] [info] [device.cpp:51] [Device] OS Version: Linux 6.18.34+rpt-rpi-2712 #1 SMP PREEMPT Debian 1:6.18.34-1+rpt1 (2026-06-09) aarch64
[2026-07-19 21:06:45.980] [2205] [HailoRT] [info] [control.cpp:113] [control__parse_identify_results] firmware_version is: 4.23.0
[2026-07-19 21:06:45.980] [2205] [HailoRT] [info] [control.cpp:113] [control__parse_identify_results] firmware_version is: 4.23.0
[2026-07-19 21:06:46.029] [2193] [HailoRT] [info] [vdevice.cpp:535] [create] Creating vdevice with params: device_count: 1, scheduling_algorithm: ROUND_ROBIN, multi_process_service: false
[2026-07-19 21:06:46.042] [2193] [HailoRT] [info] [device.cpp:51] [Device] OS Version: Linux 6.18.34+rpt-rpi-2712 #1 SMP PREEMPT Debian 1:6.18.34-1+rpt1 (2026-06-09) aarch64
[2026-07-19 21:06:46.042] [2193] [HailoRT] [info] [control.cpp:113] [control__parse_identify_results] firmware_version is: 4.23.0
[2026-07-19 21:06:46.042] [2193] [HailoRT] [info] [vdevice.cpp:682] [create] VDevice Infos: 0001:01:00.0
[2026-07-19 21:06:46.050] [2193] [HailoRT] [info] [hef.cpp:1994] [get_network_group_and_network_name] No name was given. Addressing all networks of default network_group: yolov8s
[2026-07-19 21:06:46.050] [2193] [HailoRT] [info] [hef.cpp:1994] [get_network_group_and_network_name] No name was given. Addressing all networks of default network_group: yolov8s
[2026-07-19 21:06:46.096] [2193] [HailoRT] [info] [internal_buffer_manager.cpp:77] [print_execution_results] Planned internal buffer memory: CMA=0 CMA-Desc=393216 Pinned=4099072. memory to edge layer usage factor is 1
[2026-07-19 21:06:46.097] [2193] [HailoRT] [info] [internal_buffer_manager.cpp:86] [print_execution_results] Default Internal buffer planner executed successfully
[2026-07-19 21:06:46.124] [2193] [HailoRT] [info] [device_internal.cpp:57] [configure] Configuring HEF took 34.492315 milliseconds
[2026-07-19 21:06:46.124] [2193] [HailoRT] [info] [vdevice.cpp:780] [configure] Configuring HEF on VDevice took 34.804943 milliseconds
[2026-07-19 21:06:46.124] [2193] [HailoRT] [info] [infer_model.cpp:417] [configure] Configuring network group 'yolov8s' with params: batch size: 2, power mode: PERFORMANCE, latency: NONE
[2026-07-19 21:06:46.124] [2193] [HailoRT] [info] [multi_io_elements.cpp:754] [create] Created (AsyncHwEl)
[2026-07-19 21:06:46.124] [2193] [HailoRT] [info] [queue_elements.cpp:450] [create] Created (EntryPushQEl0yolov8s/input_layer1 | timeout: 10s)
[2026-07-19 21:06:46.124] [2193] [HailoRT] [info] [filter_elements.cpp:101] [create] Created (PreInferEl1yolov8s/input_layer1 | Reorder - src_order: RGB4, src_shape: (640, 640, 3), dst_order: NHCW, dst_shape: (640, 640, 3))
[2026-07-19 21:06:46.124] [2193] [HailoRT] [info] [queue_elements.cpp:450] [create] Created (PushQEl1yolov8s/input_layer1 | timeout: 10s)
[2026-07-19 21:06:46.124] [2193] [HailoRT] [info] [multi_io_elements.cpp:135] [create] Created (NmsPPMuxEl0YOLOV8-Post-Process | Op YOLOV8, Name: YOLOV8-Post-Process, Score threshold: 0.300, IoU threshold: 0.45, Classes: 80, Max bboxes per class: 100, Image height: 640, Image width: 640)
[2026-07-19 21:06:46.125] [2193] [HailoRT] [info] [queue_elements.cpp:942] [create] Created (MultiPushQEl0YOLOV8-Post-Process | timeout: 10s)
[2026-07-19 21:06:46.125] [2193] [HailoRT] [info] [edge_elements.cpp:187] [create] Created (LastAsyncEl0NmsPPMuxEl0YOLOV8-Post-Process)
[2026-07-19 21:06:46.125] [2193] [HailoRT] [info] [pipeline.cpp:891] [print_deep_description] EntryPushQEl0yolov8s/input_layer1 | inputs: user | outputs: PreInferEl1yolov8s/input_layer1(running in thread_id: 2241)
[2026-07-19 21:06:46.125] [2193] [HailoRT] [info] [pipeline.cpp:891] [print_deep_description] PreInferEl1yolov8s/input_layer1 | inputs: EntryPushQEl0yolov8s/input_layer1[0] | outputs: PushQEl1yolov8s/input_layer1
[2026-07-19 21:06:46.125] [2193] [HailoRT] [info] [pipeline.cpp:891] [print_deep_description] PushQEl1yolov8s/input_layer1 | inputs: PreInferEl1yolov8s/input_layer1[0] | outputs: AsyncHwEl(running in thread_id: 2242)
[2026-07-19 21:06:46.125] [2193] [HailoRT] [info] [pipeline.cpp:891] [print_deep_description] AsyncHwEl | inputs: PushQEl1yolov8s/input_layer1[0] | outputs: MultiPushQEl0YOLOV8-Post-Process MultiPushQEl0YOLOV8-Post-Process MultiPushQEl0YOLOV8-Post-Process MultiPushQEl0YOLOV8-Post-Process MultiPushQEl0YOLOV8-Post-Process MultiPushQEl0YOLOV8-Post-Process
[2026-07-19 21:06:46.125] [2193] [HailoRT] [info] [pipeline.cpp:891] [print_deep_description] MultiPushQEl0YOLOV8-Post-Process | inputs: AsyncHwEl[0] AsyncHwEl[1] AsyncHwEl[2] AsyncHwEl[3] AsyncHwEl[4] AsyncHwEl[5] | outputs: NmsPPMuxEl0YOLOV8-Post-Process(running in thread_id: 2243)
[2026-07-19 21:06:46.125] [2193] [HailoRT] [info] [pipeline.cpp:891] [print_deep_description] NmsPPMuxEl0YOLOV8-Post-Process | inputs: MultiPushQEl0YOLOV8-Post-Process[0] | outputs: LastAsyncEl0NmsPPMuxEl0YOLOV8-Post-Process
[2026-07-19 21:06:46.125] [2193] [HailoRT] [info] [pipeline.cpp:891] [print_deep_description] LastAsyncEl0NmsPPMuxEl0YOLOV8-Post-Process | inputs: NmsPPMuxEl0YOLOV8-Post-Process[0] | outputs: user
[2026-07-19 21:06:46.475] [2226] [HailoRT] [info] [hef.cpp:1994] [get_network_group_and_network_name] No name was given. Addressing all networks of default network_group: yolov8s
[2026-07-19 21:11:13.671] [2269] [HailoRT] [info] [device.cpp:51] [Device] OS Version: Linux 6.18.34+rpt-rpi-2712 #1 SMP PREEMPT Debian 1:6.18.34-1+rpt1 (2026-06-09) aarch64
[2026-07-19 21:11:13.671] [2269] [HailoRT] [info] [control.cpp:113] [control__parse_identify_results] firmware_version is: 4.23.0
[2026-07-19 21:11:13.671] [2269] [HailoRT] [info] [control.cpp:113] [control__parse_identify_results] firmware_version is: 4.23.0
[2026-07-19 21:11:13.823] [2273] [HailoRT] [info] [device.cpp:51] [Device] OS Version: Linux 6.18.34+rpt-rpi-2712 #1 SMP PREEMPT Debian 1:6.18.34-1+rpt1 (2026-06-09) aarch64
[2026-07-19 21:11:13.824] [2273] [HailoRT] [info] [control.cpp:113] [control__parse_identify_results] firmware_version is: 4.23.0
[2026-07-19 21:11:13.824] [2273] [HailoRT] [info] [control.cpp:113] [control__parse_identify_results] firmware_version is: 4.23.0
[2026-07-19 21:11:13.873] [2261] [HailoRT] [info] [vdevice.cpp:535] [create] Creating vdevice with params: device_count: 1, scheduling_algorithm: ROUND_ROBIN, multi_process_service: false
[2026-07-19 21:11:13.883] [2261] [HailoRT] [info] [device.cpp:51] [Device] OS Version: Linux 6.18.34+rpt-rpi-2712 #1 SMP PREEMPT Debian 1:6.18.34-1+rpt1 (2026-06-09) aarch64
[2026-07-19 21:11:13.884] [2261] [HailoRT] [info] [control.cpp:113] [control__parse_identify_results] firmware_version is: 4.23.0
[2026-07-19 21:11:13.884] [2261] [HailoRT] [info] [vdevice.cpp:682] [create] VDevice Infos: 0001:01:00.0
[2026-07-19 21:11:13.892] [2261] [HailoRT] [info] [hef.cpp:1994] [get_network_group_and_network_name] No name was given. Addressing all networks of default network_group: yolov8s
[2026-07-19 21:11:13.892] [2261] [HailoRT] [info] [hef.cpp:1994] [get_network_group_and_network_name] No name was given. Addressing all networks of default network_group: yolov8s
[2026-07-19 21:11:13.938] [2261] [HailoRT] [info] [internal_buffer_manager.cpp:77] [print_execution_results] Planned internal buffer memory: CMA=0 CMA-Desc=393216 Pinned=4099072. memory to edge layer usage factor is 1
[2026-07-19 21:11:13.938] [2261] [HailoRT] [info] [internal_buffer_manager.cpp:86] [print_execution_results] Default Internal buffer planner executed successfully
[2026-07-19 21:11:13.965] [2261] [HailoRT] [info] [device_internal.cpp:57] [configure] Configuring HEF took 34.100319 milliseconds
[2026-07-19 21:11:13.965] [2261] [HailoRT] [info] [vdevice.cpp:780] [configure] Configuring HEF on VDevice took 34.422835 milliseconds
[2026-07-19 21:11:13.965] [2261] [HailoRT] [info] [infer_model.cpp:417] [configure] Configuring network group 'yolov8s' with params: batch size: 2, power mode: PERFORMANCE, latency: NONE
[2026-07-19 21:11:13.965] [2261] [HailoRT] [info] [multi_io_elements.cpp:754] [create] Created (AsyncHwEl)
[2026-07-19 21:11:13.965] [2261] [HailoRT] [info] [queue_elements.cpp:450] [create] Created (EntryPushQEl0yolov8s/input_layer1 | timeout: 10s)
[2026-07-19 21:11:13.965] [2261] [HailoRT] [info] [filter_elements.cpp:101] [create] Created (PreInferEl1yolov8s/input_layer1 | Reorder - src_order: RGB4, src_shape: (640, 640, 3), dst_order: NHCW, dst_shape: (640, 640, 3))
[2026-07-19 21:11:13.965] [2261] [HailoRT] [info] [queue_elements.cpp:450] [create] Created (PushQEl1yolov8s/input_layer1 | timeout: 10s)
[2026-07-19 21:11:13.965] [2261] [HailoRT] [info] [multi_io_elements.cpp:135] [create] Created (NmsPPMuxEl0YOLOV8-Post-Process | Op YOLOV8, Name: YOLOV8-Post-Process, Score threshold: 0.300, IoU threshold: 0.45, Classes: 80, Max bboxes per class: 100, Image height: 640, Image width: 640)
[2026-07-19 21:11:13.966] [2261] [HailoRT] [info] [queue_elements.cpp:942] [create] Created (MultiPushQEl0YOLOV8-Post-Process | timeout: 10s)
[2026-07-19 21:11:13.966] [2261] [HailoRT] [info] [edge_elements.cpp:187] [create] Created (LastAsyncEl0NmsPPMuxEl0YOLOV8-Post-Process)
[2026-07-19 21:11:13.966] [2261] [HailoRT] [info] [pipeline.cpp:891] [print_deep_description] EntryPushQEl0yolov8s/input_layer1 | inputs: user | outputs: PreInferEl1yolov8s/input_layer1(running in thread_id: 2308)
[2026-07-19 21:11:13.966] [2261] [HailoRT] [info] [pipeline.cpp:891] [print_deep_description] PreInferEl1yolov8s/input_layer1 | inputs: EntryPushQEl0yolov8s/input_layer1[0] | outputs: PushQEl1yolov8s/input_layer1
[2026-07-19 21:11:13.966] [2261] [HailoRT] [info] [pipeline.cpp:891] [print_deep_description] PushQEl1yolov8s/input_layer1 | inputs: PreInferEl1yolov8s/input_layer1[0] | outputs: AsyncHwEl(running in thread_id: 2309)
[2026-07-19 21:11:13.966] [2261] [HailoRT] [info] [pipeline.cpp:891] [print_deep_description] AsyncHwEl | inputs: PushQEl1yolov8s/input_layer1[0] | outputs: MultiPushQEl0YOLOV8-Post-Process MultiPushQEl0YOLOV8-Post-Process MultiPushQEl0YOLOV8-Post-Process MultiPushQEl0YOLOV8-Post-Process MultiPushQEl0YOLOV8-Post-Process MultiPushQEl0YOLOV8-Post-Process
[2026-07-19 21:11:13.966] [2261] [HailoRT] [info] [pipeline.cpp:891] [print_deep_description] MultiPushQEl0YOLOV8-Post-Process | inputs: AsyncHwEl[0] AsyncHwEl[1] AsyncHwEl[2] AsyncHwEl[3] AsyncHwEl[4] AsyncHwEl[5] | outputs: NmsPPMuxEl0YOLOV8-Post-Process(running in thread_id: 2310)
[2026-07-19 21:11:13.966] [2261] [HailoRT] [info] [pipeline.cpp:891] [print_deep_description] NmsPPMuxEl0YOLOV8-Post-Process | inputs: MultiPushQEl0YOLOV8-Post-Process[0] | outputs: LastAsyncEl0NmsPPMuxEl0YOLOV8-Post-Process
[2026-07-19 21:11:13.966] [2261] [HailoRT] [info] [pipeline.cpp:891] [print_deep_description] LastAsyncEl0NmsPPMuxEl0YOLOV8-Post-Process | inputs: NmsPPMuxEl0YOLOV8-Post-Process[0] | outputs: user
[2026-07-19 21:11:14.310] [2294] [HailoRT] [info] [hef.cpp:1994] [get_network_group_and_network_name] No name was given. Addressing all networks of default network_group: yolov8s
[2026-07-19 21:19:09.101] [2423] [HailoRT] [info] [device.cpp:51] [Device] OS Version: Linux 6.18.34+rpt-rpi-2712 #1 SMP PREEMPT Debian 1:6.18.34-1+rpt1 (2026-06-09) aarch64
[2026-07-19 21:19:09.101] [2423] [HailoRT] [info] [control.cpp:113] [control__parse_identify_results] firmware_version is: 4.23.0
[2026-07-19 21:19:09.102] [2423] [HailoRT] [info] [control.cpp:113] [control__parse_identify_results] firmware_version is: 4.23.0
[2026-07-19 21:19:09.220] [2427] [HailoRT] [info] [device.cpp:51] [Device] OS Version: Linux 6.18.34+rpt-rpi-2712 #1 SMP PREEMPT Debian 1:6.18.34-1+rpt1 (2026-06-09) aarch64
[2026-07-19 21:19:09.220] [2427] [HailoRT] [info] [control.cpp:113] [control__parse_identify_results] firmware_version is: 4.23.0
[2026-07-19 21:19:09.220] [2427] [HailoRT] [info] [control.cpp:113] [control__parse_identify_results] firmware_version is: 4.23.0
[2026-07-19 21:19:09.257] [2415] [HailoRT] [info] [vdevice.cpp:535] [create] Creating vdevice with params: device_count: 1, scheduling_algorithm: ROUND_ROBIN, multi_process_service: false
[2026-07-19 21:19:09.257] [2415] [HailoRT] [info] [device.cpp:51] [Device] OS Version: Linux 6.18.34+rpt-rpi-2712 #1 SMP PREEMPT Debian 1:6.18.34-1+rpt1 (2026-06-09) aarch64
[2026-07-19 21:19:09.258] [2415] [HailoRT] [info] [control.cpp:113] [control__parse_identify_results] firmware_version is: 4.23.0
[2026-07-19 21:19:09.267] [2415] [HailoRT] [error] [vdevice.cpp:863] [create_devices] CHECK failed - Failed to create vdevice. there are not enough free devices. requested: 1, found: 0
[2026-07-19 21:19:09.267] [2415] [HailoRT] [error] [vdevice.cpp:662] [create] CHECK_SUCCESS failed with status=HAILO_OUT_OF_PHYSICAL_DEVICES(74)
[2026-07-19 21:19:09.267] [2415] [HailoRT] [error] [shared_resource_manager.hpp:81] [register_resource] CHECK_SUCCESS failed with status=HAILO_OUT_OF_PHYSICAL_DEVICES(74)
[2026-07-19 21:19:09.267] [2415] [HailoRT] [error] [vdevice.cpp:133] [create] CHECK_SUCCESS failed with status=HAILO_OUT_OF_PHYSICAL_DEVICES(74)
[2026-07-19 21:19:09.267] [2415] [HailoRT] [error] [vdevice.cpp:567] [create] CHECK_SUCCESS failed with status=HAILO_OUT_OF_PHYSICAL_DEVICES(74)
[2026-07-19 21:19:30.833] [2465] [HailoRT] [info] [device.cpp:51] [Device] OS Version: Linux 6.18.34+rpt-rpi-2712 #1 SMP PREEMPT Debian 1:6.18.34-1+rpt1 (2026-06-09) aarch64
[2026-07-19 21:19:30.834] [2465] [HailoRT] [info] [control.cpp:113] [control__parse_identify_results] firmware_version is: 4.23.0
[2026-07-19 21:19:30.834] [2465] [HailoRT] [info] [control.cpp:113] [control__parse_identify_results] firmware_version is: 4.23.0
[2026-07-19 21:19:30.952] [2469] [HailoRT] [info] [device.cpp:51] [Device] OS Version: Linux 6.18.34+rpt-rpi-2712 #1 SMP PREEMPT Debian 1:6.18.34-1+rpt1 (2026-06-09) aarch64
[2026-07-19 21:19:30.952] [2469] [HailoRT] [info] [control.cpp:113] [control__parse_identify_results] firmware_version is: 4.23.0
[2026-07-19 21:19:30.953] [2469] [HailoRT] [info] [control.cpp:113] [control__parse_identify_results] firmware_version is: 4.23.0
[2026-07-19 21:19:31.005] [2457] [HailoRT] [info] [vdevice.cpp:535] [create] Creating vdevice with params: device_count: 1, scheduling_algorithm: ROUND_ROBIN, multi_process_service: false
[2026-07-19 21:19:31.005] [2457] [HailoRT] [info] [device.cpp:51] [Device] OS Version: Linux 6.18.34+rpt-rpi-2712 #1 SMP PREEMPT Debian 1:6.18.34-1+rpt1 (2026-06-09) aarch64
[2026-07-19 21:19:31.005] [2457] [HailoRT] [info] [control.cpp:113] [control__parse_identify_results] firmware_version is: 4.23.0
[2026-07-19 21:19:31.015] [2457] [HailoRT] [error] [vdevice.cpp:863] [create_devices] CHECK failed - Failed to create vdevice. there are not enough free devices. requested: 1, found: 0
[2026-07-19 21:19:31.015] [2457] [HailoRT] [error] [vdevice.cpp:662] [create] CHECK_SUCCESS failed with status=HAILO_OUT_OF_PHYSICAL_DEVICES(74)
[2026-07-19 21:19:31.015] [2457] [HailoRT] [error] [shared_resource_manager.hpp:81] [register_resource] CHECK_SUCCESS failed with status=HAILO_OUT_OF_PHYSICAL_DEVICES(74)
[2026-07-19 21:19:31.015] [2457] [HailoRT] [error] [vdevice.cpp:133] [create] CHECK_SUCCESS failed with status=HAILO_OUT_OF_PHYSICAL_DEVICES(74)
[2026-07-19 21:19:31.015] [2457] [HailoRT] [error] [vdevice.cpp:567] [create] CHECK_SUCCESS failed with status=HAILO_OUT_OF_PHYSICAL_DEVICES(74)
[2026-07-19 21:21:47.451] [2535] [HailoRT] [info] [device.cpp:51] [Device] OS Version: Linux 6.18.34+rpt-rpi-2712 #1 SMP PREEMPT Debian 1:6.18.34-1+rpt1 (2026-06-09) aarch64
[2026-07-19 21:21:47.452] [2535] [HailoRT] [info] [control.cpp:113] [control__parse_identify_results] firmware_version is: 4.23.0
[2026-07-19 21:21:47.452] [2535] [HailoRT] [info] [control.cpp:113] [control__parse_identify_results] firmware_version is: 4.23.0
[2026-07-19 21:21:47.599] [2539] [HailoRT] [info] [device.cpp:51] [Device] OS Version: Linux 6.18.34+rpt-rpi-2712 #1 SMP PREEMPT Debian 1:6.18.34-1+rpt1 (2026-06-09) aarch64
[2026-07-19 21:21:47.600] [2539] [HailoRT] [info] [control.cpp:113] [control__parse_identify_results] firmware_version is: 4.23.0
[2026-07-19 21:21:47.600] [2539] [HailoRT] [info] [control.cpp:113] [control__parse_identify_results] firmware_version is: 4.23.0
[2026-07-19 21:21:47.662] [2527] [HailoRT] [info] [vdevice.cpp:535] [create] Creating vdevice with params: device_count: 1, scheduling_algorithm: ROUND_ROBIN, multi_process_service: false
[2026-07-19 21:21:47.674] [2527] [HailoRT] [info] [device.cpp:51] [Device] OS Version: Linux 6.18.34+rpt-rpi-2712 #1 SMP PREEMPT Debian 1:6.18.34-1+rpt1 (2026-06-09) aarch64
[2026-07-19 21:21:47.674] [2527] [HailoRT] [info] [control.cpp:113] [control__parse_identify_results] firmware_version is: 4.23.0
[2026-07-19 21:21:47.674] [2527] [HailoRT] [info] [vdevice.cpp:682] [create] VDevice Infos: 0001:01:00.0
[2026-07-19 21:21:47.683] [2527] [HailoRT] [info] [hef.cpp:1994] [get_network_group_and_network_name] No name was given. Addressing all networks of default network_group: yolov8s
[2026-07-19 21:21:47.683] [2527] [HailoRT] [info] [hef.cpp:1994] [get_network_group_and_network_name] No name was given. Addressing all networks of default network_group: yolov8s
[2026-07-19 21:21:47.730] [2527] [HailoRT] [info] [internal_buffer_manager.cpp:77] [print_execution_results] Planned internal buffer memory: CMA=0 CMA-Desc=393216 Pinned=4099072. memory to edge layer usage factor is 1
[2026-07-19 21:21:47.730] [2527] [HailoRT] [info] [internal_buffer_manager.cpp:86] [print_execution_results] Default Internal buffer planner executed successfully
[2026-07-19 21:21:47.754] [2527] [HailoRT] [info] [device_internal.cpp:57] [configure] Configuring HEF took 31.723317 milliseconds
[2026-07-19 21:21:47.754] [2527] [HailoRT] [info] [vdevice.cpp:780] [configure] Configuring HEF on VDevice took 32.022741 milliseconds
[2026-07-19 21:21:47.754] [2527] [HailoRT] [info] [infer_model.cpp:417] [configure] Configuring network group 'yolov8s' with params: batch size: 2, power mode: PERFORMANCE, latency: NONE
[2026-07-19 21:21:47.754] [2527] [HailoRT] [info] [multi_io_elements.cpp:754] [create] Created (AsyncHwEl)
[2026-07-19 21:21:47.754] [2527] [HailoRT] [info] [queue_elements.cpp:450] [create] Created (EntryPushQEl0yolov8s/input_layer1 | timeout: 10s)
[2026-07-19 21:21:47.754] [2527] [HailoRT] [info] [filter_elements.cpp:101] [create] Created (PreInferEl1yolov8s/input_layer1 | Reorder - src_order: RGB4, src_shape: (640, 640, 3), dst_order: NHCW, dst_shape: (640, 640, 3))
[2026-07-19 21:21:47.754] [2527] [HailoRT] [info] [queue_elements.cpp:450] [create] Created (PushQEl1yolov8s/input_layer1 | timeout: 10s)
[2026-07-19 21:21:47.754] [2527] [HailoRT] [info] [multi_io_elements.cpp:135] [create] Created (NmsPPMuxEl0YOLOV8-Post-Process | Op YOLOV8, Name: YOLOV8-Post-Process, Score threshold: 0.300, IoU threshold: 0.45, Classes: 80, Max bboxes per class: 100, Image height: 640, Image width: 640)
[2026-07-19 21:21:47.754] [2527] [HailoRT] [info] [queue_elements.cpp:942] [create] Created (MultiPushQEl0YOLOV8-Post-Process | timeout: 10s)
[2026-07-19 21:21:47.755] [2527] [HailoRT] [info] [edge_elements.cpp:187] [create] Created (LastAsyncEl0NmsPPMuxEl0YOLOV8-Post-Process)
[2026-07-19 21:21:47.755] [2527] [HailoRT] [info] [pipeline.cpp:891] [print_deep_description] EntryPushQEl0yolov8s/input_layer1 | inputs: user | outputs: PreInferEl1yolov8s/input_layer1(running in thread_id: 2574)
[2026-07-19 21:21:47.755] [2527] [HailoRT] [info] [pipeline.cpp:891] [print_deep_description] PreInferEl1yolov8s/input_layer1 | inputs: EntryPushQEl0yolov8s/input_layer1[0] | outputs: PushQEl1yolov8s/input_layer1
[2026-07-19 21:21:47.755] [2527] [HailoRT] [info] [pipeline.cpp:891] [print_deep_description] PushQEl1yolov8s/input_layer1 | inputs: PreInferEl1yolov8s/input_layer1[0] | outputs: AsyncHwEl(running in thread_id: 2575)
[2026-07-19 21:21:47.755] [2527] [HailoRT] [info] [pipeline.cpp:891] [print_deep_description] AsyncHwEl | inputs: PushQEl1yolov8s/input_layer1[0] | outputs: MultiPushQEl0YOLOV8-Post-Process MultiPushQEl0YOLOV8-Post-Process MultiPushQEl0YOLOV8-Post-Process MultiPushQEl0YOLOV8-Post-Process MultiPushQEl0YOLOV8-Post-Process MultiPushQEl0YOLOV8-Post-Process
[2026-07-19 21:21:47.755] [2527] [HailoRT] [info] [pipeline.cpp:891] [print_deep_description] MultiPushQEl0YOLOV8-Post-Process | inputs: AsyncHwEl[0] AsyncHwEl[1] AsyncHwEl[2] AsyncHwEl[3] AsyncHwEl[4] AsyncHwEl[5] | outputs: NmsPPMuxEl0YOLOV8-Post-Process(running in thread_id: 2576)
[2026-07-19 21:21:47.755] [2527] [HailoRT] [info] [pipeline.cpp:891] [print_deep_description] NmsPPMuxEl0YOLOV8-Post-Process | inputs: MultiPushQEl0YOLOV8-Post-Process[0] | outputs: LastAsyncEl0NmsPPMuxEl0YOLOV8-Post-Process
[2026-07-19 21:21:47.755] [2527] [HailoRT] [info] [pipeline.cpp:891] [print_deep_description] LastAsyncEl0NmsPPMuxEl0YOLOV8-Post-Process | inputs: NmsPPMuxEl0YOLOV8-Post-Process[0] | outputs: user
[2026-07-19 21:21:48.100] [2560] [HailoRT] [info] [hef.cpp:1994] [get_network_group_and_network_name] No name was given. Addressing all networks of default network_group: yolov8s
[2026-07-19 21:24:41.935] [2602] [HailoRT] [info] [device.cpp:51] [Device] OS Version: Linux 6.18.34+rpt-rpi-2712 #1 SMP PREEMPT Debian 1:6.18.34-1+rpt1 (2026-06-09) aarch64
[2026-07-19 21:24:41.935] [2602] [HailoRT] [info] [control.cpp:113] [control__parse_identify_results] firmware_version is: 4.23.0
[2026-07-19 21:24:41.936] [2602] [HailoRT] [info] [control.cpp:113] [control__parse_identify_results] firmware_version is: 4.23.0
[2026-07-19 21:24:42.075] [2606] [HailoRT] [info] [device.cpp:51] [Device] OS Version: Linux 6.18.34+rpt-rpi-2712 #1 SMP PREEMPT Debian 1:6.18.34-1+rpt1 (2026-06-09) aarch64
[2026-07-19 21:24:42.076] [2606] [HailoRT] [info] [control.cpp:113] [control__parse_identify_results] firmware_version is: 4.23.0
[2026-07-19 21:24:42.076] [2606] [HailoRT] [info] [control.cpp:113] [control__parse_identify_results] firmware_version is: 4.23.0
[2026-07-19 21:24:42.126] [2594] [HailoRT] [info] [vdevice.cpp:535] [create] Creating vdevice with params: device_count: 1, scheduling_algorithm: ROUND_ROBIN, multi_process_service: false
[2026-07-19 21:24:42.138] [2594] [HailoRT] [info] [device.cpp:51] [Device] OS Version: Linux 6.18.34+rpt-rpi-2712 #1 SMP PREEMPT Debian 1:6.18.34-1+rpt1 (2026-06-09) aarch64
[2026-07-19 21:24:42.138] [2594] [HailoRT] [info] [control.cpp:113] [control__parse_identify_results] firmware_version is: 4.23.0
[2026-07-19 21:24:42.138] [2594] [HailoRT] [info] [vdevice.cpp:682] [create] VDevice Infos: 0001:01:00.0
[2026-07-19 21:24:42.147] [2594] [HailoRT] [info] [hef.cpp:1994] [get_network_group_and_network_name] No name was given. Addressing all networks of default network_group: yolov8s
[2026-07-19 21:24:42.147] [2594] [HailoRT] [info] [hef.cpp:1994] [get_network_group_and_network_name] No name was given. Addressing all networks of default network_group: yolov8s
[2026-07-19 21:24:42.195] [2594] [HailoRT] [info] [internal_buffer_manager.cpp:77] [print_execution_results] Planned internal buffer memory: CMA=0 CMA-Desc=393216 Pinned=4099072. memory to edge layer usage factor is 1
[2026-07-19 21:24:42.195] [2594] [HailoRT] [info] [internal_buffer_manager.cpp:86] [print_execution_results] Default Internal buffer planner executed successfully
[2026-07-19 21:24:42.218] [2594] [HailoRT] [info] [device_internal.cpp:57] [configure] Configuring HEF took 32.263278 milliseconds
[2026-07-19 21:24:42.218] [2594] [HailoRT] [info] [vdevice.cpp:780] [configure] Configuring HEF on VDevice took 32.563295 milliseconds
[2026-07-19 21:24:42.218] [2594] [HailoRT] [info] [infer_model.cpp:417] [configure] Configuring network group 'yolov8s' with params: batch size: 2, power mode: PERFORMANCE, latency: NONE
[2026-07-19 21:24:42.218] [2594] [HailoRT] [info] [multi_io_elements.cpp:754] [create] Created (AsyncHwEl)
[2026-07-19 21:24:42.218] [2594] [HailoRT] [info] [queue_elements.cpp:450] [create] Created (EntryPushQEl0yolov8s/input_layer1 | timeout: 10s)
[2026-07-19 21:24:42.218] [2594] [HailoRT] [info] [filter_elements.cpp:101] [create] Created (PreInferEl1yolov8s/input_layer1 | Reorder - src_order: RGB4, src_shape: (640, 640, 3), dst_order: NHCW, dst_shape: (640, 640, 3))
[2026-07-19 21:24:42.218] [2594] [HailoRT] [info] [queue_elements.cpp:450] [create] Created (PushQEl1yolov8s/input_layer1 | timeout: 10s)
[2026-07-19 21:24:42.219] [2594] [HailoRT] [info] [multi_io_elements.cpp:135] [create] Created (NmsPPMuxEl0YOLOV8-Post-Process | Op YOLOV8, Name: YOLOV8-Post-Process, Score threshold: 0.300, IoU threshold: 0.45, Classes: 80, Max bboxes per class: 100, Image height: 640, Image width: 640)
[2026-07-19 21:24:42.219] [2594] [HailoRT] [info] [queue_elements.cpp:942] [create] Created (MultiPushQEl0YOLOV8-Post-Process | timeout: 10s)
[2026-07-19 21:24:42.219] [2594] [HailoRT] [info] [edge_elements.cpp:187] [create] Created (LastAsyncEl0NmsPPMuxEl0YOLOV8-Post-Process)
[2026-07-19 21:24:42.219] [2594] [HailoRT] [info] [pipeline.cpp:891] [print_deep_description] EntryPushQEl0yolov8s/input_layer1 | inputs: user | outputs: PreInferEl1yolov8s/input_layer1(running in thread_id: 2641)
[2026-07-19 21:24:42.219] [2594] [HailoRT] [info] [pipeline.cpp:891] [print_deep_description] PreInferEl1yolov8s/input_layer1 | inputs: EntryPushQEl0yolov8s/input_layer1[0] | outputs: PushQEl1yolov8s/input_layer1
[2026-07-19 21:24:42.219] [2594] [HailoRT] [info] [pipeline.cpp:891] [print_deep_description] PushQEl1yolov8s/input_layer1 | inputs: PreInferEl1yolov8s/input_layer1[0] | outputs: AsyncHwEl(running in thread_id: 2642)
[2026-07-19 21:24:42.219] [2594] [HailoRT] [info] [pipeline.cpp:891] [print_deep_description] AsyncHwEl | inputs: PushQEl1yolov8s/input_layer1[0] | outputs: MultiPushQEl0YOLOV8-Post-Process MultiPushQEl0YOLOV8-Post-Process MultiPushQEl0YOLOV8-Post-Process MultiPushQEl0YOLOV8-Post-Process MultiPushQEl0YOLOV8-Post-Process MultiPushQEl0YOLOV8-Post-Process
[2026-07-19 21:24:42.219] [2594] [HailoRT] [info] [pipeline.cpp:891] [print_deep_description] MultiPushQEl0YOLOV8-Post-Process | inputs: AsyncHwEl[0] AsyncHwEl[1] AsyncHwEl[2] AsyncHwEl[3] AsyncHwEl[4] AsyncHwEl[5] | outputs: NmsPPMuxEl0YOLOV8-Post-Process(running in thread_id: 2643)
[2026-07-19 21:24:42.219] [2594] [HailoRT] [info] [pipeline.cpp:891] [print_deep_description] NmsPPMuxEl0YOLOV8-Post-Process | inputs: MultiPushQEl0YOLOV8-Post-Process[0] | outputs: LastAsyncEl0NmsPPMuxEl0YOLOV8-Post-Process
[2026-07-19 21:24:42.219] [2594] [HailoRT] [info] [pipeline.cpp:891] [print_deep_description] LastAsyncEl0NmsPPMuxEl0YOLOV8-Post-Process | inputs: NmsPPMuxEl0YOLOV8-Post-Process[0] | outputs: user
[2026-07-19 21:24:42.563] [2627] [HailoRT] [info] [hef.cpp:1994] [get_network_group_and_network_name] No name was given. Addressing all networks of default network_group: yolov8s
[2026-07-19 21:35:51.485] [1975] [HailoRT] [info] [device.cpp:51] [Device] OS Version: Linux 6.18.34+rpt-rpi-2712 #1 SMP PREEMPT Debian 1:6.18.34-1+rpt1 (2026-06-09) aarch64
[2026-07-19 21:35:51.485] [1975] [HailoRT] [info] [control.cpp:113] [control__parse_identify_results] firmware_version is: 4.23.0
[2026-07-19 21:35:51.485] [1975] [HailoRT] [info] [control.cpp:113] [control__parse_identify_results] firmware_version is: 4.23.0
[2026-07-19 21:35:52.078] [1981] [HailoRT] [info] [device.cpp:51] [Device] OS Version: Linux 6.18.34+rpt-rpi-2712 #1 SMP PREEMPT Debian 1:6.18.34-1+rpt1 (2026-06-09) aarch64
[2026-07-19 21:35:52.078] [1981] [HailoRT] [info] [control.cpp:113] [control__parse_identify_results] firmware_version is: 4.23.0
[2026-07-19 21:35:52.078] [1981] [HailoRT] [info] [control.cpp:113] [control__parse_identify_results] firmware_version is: 4.23.0
[2026-07-19 21:35:52.166] [1967] [HailoRT] [info] [vdevice.cpp:535] [create] Creating vdevice with params: device_count: 1, scheduling_algorithm: ROUND_ROBIN, multi_process_service: false
[2026-07-19 21:35:52.178] [1967] [HailoRT] [info] [device.cpp:51] [Device] OS Version: Linux 6.18.34+rpt-rpi-2712 #1 SMP PREEMPT Debian 1:6.18.34-1+rpt1 (2026-06-09) aarch64
[2026-07-19 21:35:52.178] [1967] [HailoRT] [info] [control.cpp:113] [control__parse_identify_results] firmware_version is: 4.23.0
[2026-07-19 21:35:52.178] [1967] [HailoRT] [info] [vdevice.cpp:682] [create] VDevice Infos: 0001:01:00.0
[2026-07-19 21:35:52.271] [1967] [HailoRT] [info] [hef.cpp:1994] [get_network_group_and_network_name] No name was given. Addressing all networks of default network_group: yolov8s
[2026-07-19 21:35:52.271] [1967] [HailoRT] [info] [hef.cpp:1994] [get_network_group_and_network_name] No name was given. Addressing all networks of default network_group: yolov8s
[2026-07-19 21:35:52.334] [1967] [HailoRT] [info] [internal_buffer_manager.cpp:77] [print_execution_results] Planned internal buffer memory: CMA=0 CMA-Desc=393216 Pinned=4099072. memory to edge layer usage factor is 1
[2026-07-19 21:35:52.334] [1967] [HailoRT] [info] [internal_buffer_manager.cpp:86] [print_execution_results] Default Internal buffer planner executed successfully
[2026-07-19 21:35:52.363] [1967] [HailoRT] [info] [device_internal.cpp:57] [configure] Configuring HEF took 40.872478 milliseconds
[2026-07-19 21:35:52.363] [1967] [HailoRT] [info] [vdevice.cpp:780] [configure] Configuring HEF on VDevice took 41.657178 milliseconds
[2026-07-19 21:35:52.363] [1967] [HailoRT] [info] [infer_model.cpp:417] [configure] Configuring network group 'yolov8s' with params: batch size: 2, power mode: PERFORMANCE, latency: NONE
[2026-07-19 21:35:52.363] [1967] [HailoRT] [info] [multi_io_elements.cpp:754] [create] Created (AsyncHwEl)
[2026-07-19 21:35:52.364] [1967] [HailoRT] [info] [queue_elements.cpp:450] [create] Created (EntryPushQEl0yolov8s/input_layer1 | timeout: 10s)
[2026-07-19 21:35:52.364] [1967] [HailoRT] [info] [filter_elements.cpp:101] [create] Created (PreInferEl1yolov8s/input_layer1 | Reorder - src_order: RGB4, src_shape: (640, 640, 3), dst_order: NHCW, dst_shape: (640, 640, 3))
[2026-07-19 21:35:52.364] [1967] [HailoRT] [info] [queue_elements.cpp:450] [create] Created (PushQEl1yolov8s/input_layer1 | timeout: 10s)
[2026-07-19 21:35:52.364] [1967] [HailoRT] [info] [multi_io_elements.cpp:135] [create] Created (NmsPPMuxEl0YOLOV8-Post-Process | Op YOLOV8, Name: YOLOV8-Post-Process, Score threshold: 0.300, IoU threshold: 0.45, Classes: 80, Max bboxes per class: 100, Image height: 640, Image width: 640)
[2026-07-19 21:35:52.364] [1967] [HailoRT] [info] [queue_elements.cpp:942] [create] Created (MultiPushQEl0YOLOV8-Post-Process | timeout: 10s)
[2026-07-19 21:35:52.364] [1967] [HailoRT] [info] [edge_elements.cpp:187] [create] Created (LastAsyncEl0NmsPPMuxEl0YOLOV8-Post-Process)
[2026-07-19 21:35:52.364] [1967] [HailoRT] [info] [pipeline.cpp:891] [print_deep_description] EntryPushQEl0yolov8s/input_layer1 | inputs: user | outputs: PreInferEl1yolov8s/input_layer1(running in thread_id: 2016)
[2026-07-19 21:35:52.364] [1967] [HailoRT] [info] [pipeline.cpp:891] [print_deep_description] PreInferEl1yolov8s/input_layer1 | inputs: EntryPushQEl0yolov8s/input_layer1[0] | outputs: PushQEl1yolov8s/input_layer1
[2026-07-19 21:35:52.364] [1967] [HailoRT] [info] [pipeline.cpp:891] [print_deep_description] PushQEl1yolov8s/input_layer1 | inputs: PreInferEl1yolov8s/input_layer1[0] | outputs: AsyncHwEl(running in thread_id: 2017)
[2026-07-19 21:35:52.364] [1967] [HailoRT] [info] [pipeline.cpp:891] [print_deep_description] AsyncHwEl | inputs: PushQEl1yolov8s/input_layer1[0] | outputs: MultiPushQEl0YOLOV8-Post-Process MultiPushQEl0YOLOV8-Post-Process MultiPushQEl0YOLOV8-Post-Process MultiPushQEl0YOLOV8-Post-Process MultiPushQEl0YOLOV8-Post-Process MultiPushQEl0YOLOV8-Post-Process
[2026-07-19 21:35:52.364] [1967] [HailoRT] [info] [pipeline.cpp:891] [print_deep_description] MultiPushQEl0YOLOV8-Post-Process | inputs: AsyncHwEl[0] AsyncHwEl[1] AsyncHwEl[2] AsyncHwEl[3] AsyncHwEl[4] AsyncHwEl[5] | outputs: NmsPPMuxEl0YOLOV8-Post-Process(running in thread_id: 2018)
[2026-07-19 21:35:52.365] [1967] [HailoRT] [info] [pipeline.cpp:891] [print_deep_description] NmsPPMuxEl0YOLOV8-Post-Process | inputs: MultiPushQEl0YOLOV8-Post-Process[0] | outputs: LastAsyncEl0NmsPPMuxEl0YOLOV8-Post-Process
[2026-07-19 21:35:52.365] [1967] [HailoRT] [info] [pipeline.cpp:891] [print_deep_description] LastAsyncEl0NmsPPMuxEl0YOLOV8-Post-Process | inputs: NmsPPMuxEl0YOLOV8-Post-Process[0] | outputs: user
[2026-07-19 21:35:52.759] [2002] [HailoRT] [info] [hef.cpp:1994] [get_network_group_and_network_name] No name was given. Addressing all networks of default network_group: yolov8s
[2026-07-19 21:37:41.261] [2039] [HailoRT] [info] [device.cpp:51] [Device] OS Version: Linux 6.18.34+rpt-rpi-2712 #1 SMP PREEMPT Debian 1:6.18.34-1+rpt1 (2026-06-09) aarch64
[2026-07-19 21:37:41.262] [2039] [HailoRT] [info] [control.cpp:113] [control__parse_identify_results] firmware_version is: 4.23.0
[2026-07-19 21:37:41.262] [2039] [HailoRT] [info] [control.cpp:113] [control__parse_identify_results] firmware_version is: 4.23.0
[2026-07-19 21:37:41.402] [2043] [HailoRT] [info] [device.cpp:51] [Device] OS Version: Linux 6.18.34+rpt-rpi-2712 #1 SMP PREEMPT Debian 1:6.18.34-1+rpt1 (2026-06-09) aarch64
[2026-07-19 21:37:41.402] [2043] [HailoRT] [info] [control.cpp:113] [control__parse_identify_results] firmware_version is: 4.23.0
[2026-07-19 21:37:41.402] [2043] [HailoRT] [info] [control.cpp:113] [control__parse_identify_results] firmware_version is: 4.23.0
[2026-07-19 21:37:41.460] [2031] [HailoRT] [info] [vdevice.cpp:535] [create] Creating vdevice with params: device_count: 1, scheduling_algorithm: ROUND_ROBIN, multi_process_service: false
[2026-07-19 21:37:41.473] [2031] [HailoRT] [info] [device.cpp:51] [Device] OS Version: Linux 6.18.34+rpt-rpi-2712 #1 SMP PREEMPT Debian 1:6.18.34-1+rpt1 (2026-06-09) aarch64
[2026-07-19 21:37:41.473] [2031] [HailoRT] [info] [control.cpp:113] [control__parse_identify_results] firmware_version is: 4.23.0
[2026-07-19 21:37:41.473] [2031] [HailoRT] [info] [vdevice.cpp:682] [create] VDevice Infos: 0001:01:00.0
[2026-07-19 21:37:41.481] [2031] [HailoRT] [info] [hef.cpp:1994] [get_network_group_and_network_name] No name was given. Addressing all networks of default network_group: yolov8s
[2026-07-19 21:37:41.481] [2031] [HailoRT] [info] [hef.cpp:1994] [get_network_group_and_network_name] No name was given. Addressing all networks of default network_group: yolov8s
[2026-07-19 21:37:41.532] [2031] [HailoRT] [info] [internal_buffer_manager.cpp:77] [print_execution_results] Planned internal buffer memory: CMA=0 CMA-Desc=393216 Pinned=4099072. memory to edge layer usage factor is 1
[2026-07-19 21:37:41.532] [2031] [HailoRT] [info] [internal_buffer_manager.cpp:86] [print_execution_results] Default Internal buffer planner executed successfully
[2026-07-19 21:37:41.566] [2031] [HailoRT] [info] [device_internal.cpp:57] [configure] Configuring HEF took 46.130956 milliseconds
[2026-07-19 21:37:41.567] [2031] [HailoRT] [info] [vdevice.cpp:780] [configure] Configuring HEF on VDevice took 46.454918 milliseconds
[2026-07-19 21:37:41.567] [2031] [HailoRT] [info] [infer_model.cpp:417] [configure] Configuring network group 'yolov8s' with params: batch size: 2, power mode: PERFORMANCE, latency: NONE
[2026-07-19 21:37:41.567] [2031] [HailoRT] [info] [multi_io_elements.cpp:754] [create] Created (AsyncHwEl)
[2026-07-19 21:37:41.567] [2031] [HailoRT] [info] [queue_elements.cpp:450] [create] Created (EntryPushQEl0yolov8s/input_layer1 | timeout: 10s)
[2026-07-19 21:37:41.567] [2031] [HailoRT] [info] [filter_elements.cpp:101] [create] Created (PreInferEl1yolov8s/input_layer1 | Reorder - src_order: RGB4, src_shape: (640, 640, 3), dst_order: NHCW, dst_shape: (640, 640, 3))
[2026-07-19 21:37:41.567] [2031] [HailoRT] [info] [queue_elements.cpp:450] [create] Created (PushQEl1yolov8s/input_layer1 | timeout: 10s)
[2026-07-19 21:37:41.567] [2031] [HailoRT] [info] [multi_io_elements.cpp:135] [create] Created (NmsPPMuxEl0YOLOV8-Post-Process | Op YOLOV8, Name: YOLOV8-Post-Process, Score threshold: 0.300, IoU threshold: 0.45, Classes: 80, Max bboxes per class: 100, Image height: 640, Image width: 640)
[2026-07-19 21:37:41.568] [2031] [HailoRT] [info] [queue_elements.cpp:942] [create] Created (MultiPushQEl0YOLOV8-Post-Process | timeout: 10s)
[2026-07-19 21:37:41.568] [2031] [HailoRT] [info] [edge_elements.cpp:187] [create] Created (LastAsyncEl0NmsPPMuxEl0YOLOV8-Post-Process)
[2026-07-19 21:37:41.568] [2031] [HailoRT] [info] [pipeline.cpp:891] [print_deep_description] EntryPushQEl0yolov8s/input_layer1 | inputs: user | outputs: PreInferEl1yolov8s/input_layer1(running in thread_id: 2078)
[2026-07-19 21:37:41.568] [2031] [HailoRT] [info] [pipeline.cpp:891] [print_deep_description] PreInferEl1yolov8s/input_layer1 | inputs: EntryPushQEl0yolov8s/input_layer1[0] | outputs: PushQEl1yolov8s/input_layer1
[2026-07-19 21:37:41.568] [2031] [HailoRT] [info] [pipeline.cpp:891] [print_deep_description] PushQEl1yolov8s/input_layer1 | inputs: PreInferEl1yolov8s/input_layer1[0] | outputs: AsyncHwEl(running in thread_id: 2079)
[2026-07-19 21:37:41.568] [2031] [HailoRT] [info] [pipeline.cpp:891] [print_deep_description] AsyncHwEl | inputs: PushQEl1yolov8s/input_layer1[0] | outputs: MultiPushQEl0YOLOV8-Post-Process MultiPushQEl0YOLOV8-Post-Process MultiPushQEl0YOLOV8-Post-Process MultiPushQEl0YOLOV8-Post-Process MultiPushQEl0YOLOV8-Post-Process MultiPushQEl0YOLOV8-Post-Process
[2026-07-19 21:37:41.568] [2031] [HailoRT] [info] [pipeline.cpp:891] [print_deep_description] MultiPushQEl0YOLOV8-Post-Process | inputs: AsyncHwEl[0] AsyncHwEl[1] AsyncHwEl[2] AsyncHwEl[3] AsyncHwEl[4] AsyncHwEl[5] | outputs: NmsPPMuxEl0YOLOV8-Post-Process(running in thread_id: 2080)
[2026-07-19 21:37:41.568] [2031] [HailoRT] [info] [pipeline.cpp:891] [print_deep_description] NmsPPMuxEl0YOLOV8-Post-Process | inputs: MultiPushQEl0YOLOV8-Post-Process[0] | outputs: LastAsyncEl0NmsPPMuxEl0YOLOV8-Post-Process
[2026-07-19 21:37:41.568] [2031] [HailoRT] [info] [pipeline.cpp:891] [print_deep_description] LastAsyncEl0NmsPPMuxEl0YOLOV8-Post-Process | inputs: NmsPPMuxEl0YOLOV8-Post-Process[0] | outputs: user
[2026-07-19 21:37:41.906] [2064] [HailoRT] [info] [hef.cpp:1994] [get_network_group_and_network_name] No name was given. Addressing all networks of default network_group: yolov8s
